const unsigned char DefaultSS160_444[] = {
  0x74, 0x00, 0x8b, 0x00, 0x00, 0x00, 0x00, 0x00, 0x00, 0x00, 0x00, 0x00,
  0x00, 0x00, 0x00, 0x00, 0x00, 0x00, 0x00, 0x00, 0x00, 0x00, 0x00, 0x00,
  0x00, 0x00, 0x00, 0x00, 0x00, 0x00, 0x00, 0x00, 0x00, 0x00, 0x00, 0x00,
  0x00, 0x00, 0x00, 0x00, 0x00, 0x00, 0x00, 0x00, 0x00, 0x00, 0x00, 0x00,
  0x00, 0x00, 0x00, 0x00, 0x00, 0x00, 0x00, 0x00, 0x00, 0x00, 0x00, 0x00,
  0x00, 0x00, 0x00, 0x00, 0x00, 0x00, 0x00, 0x00, 0x00, 0x00, 0x00, 0x00,
  0x00, 0x00, 0x00, 0x00, 0x00, 0x00, 0x00, 0x00, 0x00, 0x00, 0x00, 0x00,
  0x00, 0x00, 0x00, 0x00, 0x00, 0x00, 0x00, 0x00, 0x00, 0x00, 0x00, 0x00,
  0x00, 0x00, 0x00, 0x00, 0x00, 0x00, 0x00, 0x00, 0x00, 0x00, 0x00, 0x00,
  0x00, 0x00, 0x00, 0x00, 0x00, 0x00, 0x00, 0x00, 0x00, 0x00, 0x22, 0x02,
  0x55, 0x05, 0x00, 0x00, 0x00, 0x00, 0x00, 0x00, 0x00, 0x00, 0x00, 0x00,
  0x00, 0x00, 0x00, 0x00, 0x00, 0x00, 0x00, 0x00, 0x00, 0x00, 0x00, 0x00,
  0x00, 0x00, 0x00, 0x00, 0x00, 0x00, 0x00, 0x00, 0x00, 0x00, 0x00, 0x00,
  0x00, 0x00, 0x00, 0x00, 0x00, 0x00, 0x00, 0x00, 0x00, 0x00, 0x00, 0x00,
  0x00, 0x00, 0x00, 0x00, 0x00, 0x00, 0x00, 0x00, 0x00, 0x00, 0x00, 0x00,
  0x00, 0x00, 0x00, 0x00, 0x00, 0x00, 0x00, 0x00, 0x00, 0x00, 0x00, 0x00,
  0x00, 0x00, 0x00, 0x00, 0x00, 0x00, 0x00, 0x00, 0x00, 0x00, 0x00, 0x00,
  0x00, 0x00, 0x00, 0x00, 0x00, 0x00, 0x00, 0x00, 0x00, 0x00, 0x00, 0x00,
  0x00, 0x00, 0x00, 0x00, 0x00, 0x00, 0x00, 0x00, 0x00, 0x00, 0x00, 0x00,
  0x00, 0x00, 0x00, 0x00, 0x00, 0x00, 0x00, 0x00, 0x00, 0x00, 0x00, 0x00,
  0x00, 0x00, 0x00, 0x00, 0x00, 0x00, 0x00, 0x00, 0x00, 0x00, 0x00, 0x00,
  0x00, 0x00, 0x00, 0x00, 0x00, 0x00, 0x00, 0x00, 0x00, 0x00, 0x00, 0x00,
  0x00, 0x00, 0x00, 0x00, 0x00, 0x00, 0x00, 0x00, 0x00, 0x00, 0x00, 0x00,
  0x00, 0x00, 0x00, 0x00, 0x00, 0x00, 0x00, 0x00, 0x00, 0x00, 0x00, 0x00,
  0x00, 0x00, 0x00, 0x00, 0x00, 0x00, 0x00, 0x00, 0x00, 0x00, 0x00, 0x00,
  0x00, 0x00, 0x00, 0x00, 0x00, 0x00, 0x00, 0x00, 0x00, 0x00, 0x00, 0x00,
  0x00, 0x00, 0x00, 0x00, 0x00, 0x00, 0x00, 0x00, 0x00, 0x00, 0x00, 0x00,
  0x00, 0x00, 0x00, 0x00, 0x00, 0x00, 0x00, 0x00, 0x00, 0x00, 0x00, 0x00,
  0x00, 0x00, 0x00, 0x00, 0x00, 0x00, 0x00, 0x00, 0x00, 0x00, 0x00, 0x00,
  0x65, 0x05, 0x98, 0x09, 0x65, 0x05, 0x00, 0x00, 0x00, 0x00, 0x00, 0x00,
  0x00, 0x00, 0x00, 0x00, 0x00, 0x00, 0x00, 0x00, 0x00, 0x00, 0x00, 0x00,
  0x00, 0x00, 0x00, 0x00, 0x00, 0x00, 0x00, 0x00, 0x00, 0x00, 0x00, 0x00,
  0x00, 0x00, 0x00, 0x00, 0x00, 0x00, 0x00, 0x00, 0x00, 0x00, 0x00, 0x00,
  0x00, 0x00, 0x00, 0x00, 0x00, 0x00, 0x00, 0x00, 0x00, 0x00, 0x00, 0x00,
  0x00, 0x00, 0x00, 0x00, 0x00, 0x00, 0x00, 0x00, 0x00, 0x00, 0x00, 0x00,
  0x00, 0x00, 0x00, 0x00, 0x00, 0x00, 0x00, 0x00, 0x00, 0x00, 0x00, 0x00,
  0x00, 0x00, 0x00, 0x00, 0x00, 0x00, 0x00, 0x00, 0x00, 0x00, 0x00, 0x00,
  0x00, 0x00, 0x00, 0x00, 0x00, 0x00, 0x00, 0x00, 0x00, 0x00, 0x00, 0x00,
  0x00, 0x00, 0x00, 0x00, 0x00, 0x00, 0x00, 0x00, 0x00, 0x00, 0x00, 0x00,
  0x00, 0x00, 0x00, 0x00, 0x00, 0x00, 0x00, 0x00, 0x00, 0x00, 0x00, 0x00,
  0x00, 0x00, 0x00, 0x00, 0x00, 0x00, 0x00, 0x00, 0x00, 0x00, 0x00, 0x00,
  0x00, 0x00, 0x00, 0x00, 0x00, 0x00, 0x00, 0x00, 0x00, 0x00, 0x00, 0x00,
  0x00, 0x00, 0x00, 0x00, 0x00, 0x00, 0x00, 0x00, 0x00, 0x00, 0x00, 0x00,
  0x00, 0x00, 0x00, 0x00, 0x00, 0x00, 0x00, 0x00, 0x00, 0x00, 0x00, 0x00,
  0x00, 0x00, 0x00, 0x00, 0x00, 0x00, 0x00, 0x00, 0x00, 0x00, 0x00, 0x00,
  0x00, 0x00, 0x00, 0x00, 0x00, 0x00, 0x00, 0x00, 0x00, 0x00, 0x00, 0x00,
  0x00, 0x00, 0x00, 0x00, 0x00, 0x00, 0x00, 0x00, 0x00, 0x00, 0x00, 0x00,
  0x00, 0x00, 0x00, 0x00, 0x00, 0x00, 0x00, 0x00, 0x00, 0x00, 0x00, 0x00,
  0x77, 0x07, 0x98, 0x09, 0x87, 0x08, 0x54, 0x05, 0x33, 0x03, 0x00, 0x00,
  0x00, 0x00, 0x00, 0x00, 0x00, 0x00, 0x00, 0x00, 0x00, 0x00, 0x00, 0x00,
  0x00, 0x00, 0x00, 0x00, 0x00, 0x00, 0x00, 0x00, 0x00, 0x00, 0x00, 0x00,
  0x00, 0x00, 0x00, 0x00, 0x00, 0x00, 0x00, 0x00, 0x00, 0x00, 0x00, 0x00,
  0x00, 0x00, 0x00, 0x00, 0x00, 0x00, 0x00, 0x00, 0x00, 0x00, 0x00, 0x00,
  0x00, 0x00, 0x00, 0x00, 0x00, 0x00, 0x00, 0x00, 0x00, 0x00, 0x00, 0x00,
  0x00, 0x00, 0x00, 0x00, 0x00, 0x00, 0x00, 0x00, 0x00, 0x00, 0x00, 0x00,
  0x00, 0x00, 0x00, 0x00, 0x00, 0x00, 0x00, 0x00, 0x00, 0x00, 0x00, 0x00,
  0x00, 0x00, 0x00, 0x00, 0x00, 0x00, 0x00, 0x00, 0x00, 0x00, 0x00, 0x00,
  0x00, 0x00, 0x00, 0x00, 0x00, 0x00, 0x00, 0x00, 0x00, 0x00, 0x00, 0x00,
  0x00, 0x00, 0x00, 0x00, 0x00, 0x00, 0x00, 0x00, 0x00, 0x00, 0x00, 0x00,
  0x00, 0x00, 0x00, 0x00, 0x00, 0x00, 0x00, 0x00, 0x00, 0x00, 0x00, 0x00,
  0x00, 0x00, 0x00, 0x00, 0x00, 0x00, 0x00, 0x00, 0x00, 0x00, 0x00, 0x00,
  0x00, 0x00, 0x00, 0x00, 0x00, 0x00, 0x00, 0x00, 0x00, 0x00, 0x00, 0x00,
  0x00, 0x00, 0x00, 0x00, 0x00, 0x00, 0x00, 0x00, 0x00, 0x00, 0x00, 0x00,
  0x00, 0x00, 0x00, 0x00, 0x00, 0x00, 0x00, 0x00, 0x00, 0x00, 0x00, 0x00,
  0x00, 0x00, 0x00, 0x00, 0x00, 0x00, 0x55, 0x05, 0x44, 0x04, 0x00, 0x00,
  0x00, 0x00, 0x00, 0x00, 0x00, 0x00, 0x00, 0x00, 0x00, 0x00, 0x00, 0x00,
  0x00, 0x00, 0x00, 0x00, 0x00, 0x00, 0x33, 0x03, 0x66, 0x06, 0x77, 0x07,
  0x00, 0x00, 0x00, 0x00, 0x76, 0x06, 0x87, 0x08, 0x66, 0x05, 0x44, 0x04,
  0x00, 0x00, 0x00, 0x00, 0x00, 0x00, 0x00, 0x00, 0x00, 0x00, 0x00, 0x00,
  0x00, 0x00, 0x00, 0x00, 0x00, 0x00, 0x00, 0x00, 0x00, 0x00, 0x00, 0x00,
  0x00, 0x00, 0x00, 0x00, 0x00, 0x00, 0x00, 0x00, 0x00, 0x00, 0x00, 0x00,
  0x00, 0x00, 0x00, 0x00, 0x00, 0x00, 0x00, 0x00, 0x00, 0x00, 0x00, 0x00,
  0x00, 0x00, 0x00, 0x00, 0x00, 0x00, 0x00, 0x00, 0x00, 0x00, 0x00, 0x00,
  0x00, 0x00, 0x00, 0x00, 0x00, 0x00, 0x00, 0x00, 0x00, 0x00, 0x00, 0x00,
  0x00, 0x00, 0x00, 0x00, 0x00, 0x00, 0x00, 0x00, 0x00, 0x00, 0x00, 0x00,
  0x00, 0x00, 0x00, 0x00, 0x00, 0x00, 0x00, 0x00, 0x00, 0x00, 0x00, 0x00,
  0x00, 0x00, 0x00, 0x00, 0x00, 0x00, 0x00, 0x00, 0x00, 0x00, 0x00, 0x00,
  0x00, 0x00, 0x00, 0x00, 0x00, 0x00, 0x00, 0x00, 0x00, 0x00, 0x00, 0x00,
  0x00, 0x00, 0x00, 0x00, 0x00, 0x00, 0x00, 0x00, 0x00, 0x00, 0x00, 0x00,
  0x00, 0x00, 0x00, 0x00, 0x00, 0x00, 0x00, 0x00, 0x00, 0x00, 0x00, 0x00,
  0x00, 0x00, 0x00, 0x00, 0x00, 0x00, 0x00, 0x00, 0x00, 0x00, 0x00, 0x00,
  0x00, 0x00, 0x00, 0x00, 0x00, 0x00, 0x00, 0x00, 0x00, 0x00, 0x00, 0x00,
  0x00, 0x00, 0x00, 0x00, 0x00, 0x00, 0x00, 0x00, 0x00, 0x00, 0x00, 0x00,
  0x00, 0x00, 0x00, 0x00, 0x00, 0x00, 0x00, 0x00, 0x66, 0x05, 0xcc, 0x0b,
  0x66, 0x06, 0x00, 0x00, 0x00, 0x00, 0x00, 0x00, 0x00, 0x00, 0x00, 0x00,
  0x00, 0x00, 0x00, 0x00, 0x00, 0x00, 0x00, 0x00, 0x00, 0x00, 0x65, 0x06,
  0x76, 0x06, 0x54, 0x04, 0x33, 0x03, 0x54, 0x04, 0x64, 0x05, 0x54, 0x04,
  0x55, 0x05, 0x77, 0x07, 0x22, 0x02, 0x00, 0x00, 0x00, 0x00, 0x00, 0x00,
  0x00, 0x00, 0x00, 0x00, 0x00, 0x00, 0x00, 0x00, 0x00, 0x00, 0x00, 0x00,
  0x00, 0x00, 0x00, 0x00, 0x00, 0x00, 0x00, 0x00, 0x00, 0x00, 0x00, 0x00,
  0x00, 0x00, 0x00, 0x00, 0x00, 0x00, 0x00, 0x00, 0x00, 0x00, 0x00, 0x00,
  0x00, 0x00, 0x00, 0x00, 0x00, 0x00, 0x00, 0x00, 0x00, 0x00, 0x00, 0x00,
  0x00, 0x00, 0x00, 0x00, 0x00, 0x00, 0x00, 0x00, 0x00, 0x00, 0x00, 0x00,
  0x00, 0x00, 0x00, 0x00, 0x00, 0x00, 0x00, 0x00, 0x00, 0x00, 0x00, 0x00,
  0x00, 0x00, 0x00, 0x00, 0x00, 0x00, 0x00, 0x00, 0x00, 0x00, 0x00, 0x00,
  0x00, 0x00, 0x00, 0x00, 0x00, 0x00, 0x00, 0x00, 0x00, 0x00, 0x00, 0x00,
  0x00, 0x00, 0x00, 0x00, 0x00, 0x00, 0x00, 0x00, 0x00, 0x00, 0x00, 0x00,
  0x00, 0x00, 0x00, 0x00, 0x00, 0x00, 0x00, 0x00, 0x00, 0x00, 0x00, 0x00,
  0x00, 0x00, 0x00, 0x00, 0x00, 0x00, 0x00, 0x00, 0x00, 0x00, 0x00, 0x00,
  0x00, 0x00, 0x00, 0x00, 0x00, 0x00, 0x00, 0x00, 0x00, 0x00, 0x00, 0x00,
  0x00, 0x00, 0x00, 0x00, 0x00, 0x00, 0x00, 0x00, 0x00, 0x00, 0x00, 0x00,
  0x00, 0x00, 0x00, 0x00, 0x00, 0x00, 0x00, 0x00, 0x00, 0x00, 0x00, 0x00,
  0x00, 0x00, 0x00, 0x00, 0x00, 0x00, 0x00, 0x00, 0x00, 0x00, 0x98, 0x09,
  0xee, 0x0d, 0xab, 0x09, 0x77, 0x07, 0x00, 0x00, 0x00, 0x00, 0x00, 0x00,
  0x00, 0x00, 0x00, 0x00, 0x00, 0x00, 0x00, 0x00, 0x00, 0x00, 0x00, 0x00,
  0x75, 0x06, 0x87, 0x08, 0x65, 0x05, 0x54, 0x04, 0x54, 0x05, 0x65, 0x06,
  0x43, 0x04, 0x43, 0x03, 0x54, 0x04, 0xcc, 0x0c, 0x99, 0x08, 0x00, 0x00,
  0x00, 0x00, 0x00, 0x00, 0x00, 0x00, 0x00, 0x00, 0x44, 0x04, 0x32, 0x02,
  0x33, 0x03, 0x00, 0x00, 0x00, 0x00, 0x00, 0x00, 0x00, 0x00, 0x00, 0x00,
  0x00, 0x00, 0x00, 0x00, 0x00, 0x00, 0x00, 0x00, 0x00, 0x00, 0x00, 0x00,
  0x00, 0x00, 0x00, 0x00, 0x00, 0x00, 0x00, 0x00, 0x00, 0x00, 0x00, 0x00,
  0x00, 0x00, 0x00, 0x00, 0x00, 0x00, 0x00, 0x00, 0x00, 0x00, 0x00, 0x00,
  0x00, 0x00, 0x00, 0x00, 0x00, 0x00, 0x00, 0x00, 0x00, 0x00, 0x00, 0x00,
  0x00, 0x00, 0x00, 0x00, 0x00, 0x00, 0x00, 0x00, 0x00, 0x00, 0x00, 0x00,
  0x00, 0x00, 0x00, 0x00, 0x00, 0x00, 0x00, 0x00, 0x00, 0x00, 0x00, 0x00,
  0x00, 0x00, 0x00, 0x00, 0x00, 0x00, 0x00, 0x00, 0x00, 0x00, 0x00, 0x00,
  0x00, 0x00, 0x00, 0x00, 0x00, 0x00, 0x00, 0x00, 0x00, 0x00, 0x00, 0x00,
  0x00, 0x00, 0x00, 0x00, 0x00, 0x00, 0x00, 0x00, 0x00, 0x00, 0x00, 0x00,
  0x00, 0x00, 0x00, 0x00, 0x00, 0x00, 0x00, 0x00, 0x00, 0x00, 0x00, 0x00,
  0x00, 0x00, 0x00, 0x00, 0x00, 0x00, 0x00, 0x00, 0x00, 0x00, 0x00, 0x00,
  0x00, 0x00, 0x00, 0x00, 0x00, 0x00, 0x00, 0x00, 0x00, 0x00, 0x00, 0x00,
  0x00, 0x00, 0x00, 0x00, 0x00, 0x00, 0x00, 0x00, 0x00, 0x00, 0x00, 0x00,
  0x33, 0x03, 0xcc, 0x0d, 0xef, 0x0d, 0x9b, 0x07, 0x00, 0x00, 0x00, 0x00,
  0x00, 0x00, 0x00, 0x00, 0x00, 0x00, 0x00, 0x00, 0x87, 0x07, 0x76, 0x06,
  0x32, 0x02, 0x65, 0x06, 0x76, 0x06, 0x65, 0x05, 0x55, 0x04, 0x54, 0x04,
  0x66, 0x06, 0x43, 0x03, 0x55, 0x05, 0x54, 0x04, 0x65, 0x05, 0xee, 0x0e,
  0xbb, 0x0a, 0x44, 0x04, 0x54, 0x04, 0x65, 0x05, 0x75, 0x06, 0x76, 0x06,
  0x86, 0x07, 0x86, 0x07, 0x76, 0x07, 0x86, 0x08, 0x86, 0x07, 0x00, 0x00,
  0x00, 0x00, 0x00, 0x00, 0x00, 0x00, 0x00, 0x00, 0x00, 0x00, 0x00, 0x00,
  0x00, 0x00, 0x00, 0x00, 0x00, 0x00, 0x00, 0x00, 0x00, 0x00, 0x00, 0x00,
  0x00, 0x00, 0x00, 0x00, 0x00, 0x00, 0x00, 0x00, 0x00, 0x00, 0x00, 0x00,
  0x00, 0x00, 0x00, 0x00, 0x00, 0x00, 0x00, 0x00, 0x00, 0x00, 0x00, 0x00,
  0x00, 0x00, 0x00, 0x00, 0x00, 0x00, 0x00, 0x00, 0x00, 0x00, 0x00, 0x00,
  0x00, 0x00, 0x00, 0x00, 0x00, 0x00, 0x00, 0x00, 0x00, 0x00, 0x00, 0x00,
  0x00, 0x00, 0x00, 0x00, 0x00, 0x00, 0x00, 0x00, 0x00, 0x00, 0x00, 0x00,
  0x00, 0x00, 0x00, 0x00, 0x00, 0x00, 0x00, 0x00, 0x00, 0x00, 0x00, 0x00,
  0x00, 0x00, 0x00, 0x00, 0x00, 0x00, 0x00, 0x00, 0x00, 0x00, 0x00, 0x00,
  0x00, 0x00, 0x00, 0x00, 0x00, 0x00, 0x00, 0x00, 0x00, 0x00, 0x00, 0x00,
  0x00, 0x00, 0x00, 0x00, 0x00, 0x00, 0x00, 0x00, 0x00, 0x00, 0x00, 0x00,
  0x00, 0x00, 0x00, 0x00, 0x00, 0x00, 0x00, 0x00, 0x00, 0x00, 0x00, 0x00,
  0x00, 0x00, 0x00, 0x00, 0x00, 0x00, 0x00, 0x00, 0x00, 0x00, 0x00, 0x00,
  0x00, 0x00, 0x00, 0x00, 0xaa, 0x0b, 0xfe, 0x0f, 0xee, 0x0d, 0x9a, 0x07,
  0x00, 0x00, 0x00, 0x00, 0x55, 0x05, 0x55, 0x05, 0x55, 0x05, 0x54, 0x05,
  0x88, 0x07, 0x66, 0x05, 0x64, 0x05, 0x75, 0x06, 0x76, 0x06, 0x44, 0x03,
  0x43, 0x03, 0x43, 0x03, 0x44, 0x03, 0x65, 0x06, 0x86, 0x07, 0x86, 0x07,
  0x75, 0x07, 0xfe, 0x0f, 0xcd, 0x0b, 0x77, 0x06, 0x43, 0x04, 0x33, 0x03,
  0x43, 0x04, 0x43, 0x03, 0x55, 0x05, 0x65, 0x05, 0x54, 0x05, 0x53, 0x04,
  0x86, 0x07, 0x00, 0x00, 0x00, 0x00, 0x00, 0x00, 0x00, 0x00, 0x00, 0x00,
  0x00, 0x00, 0x00, 0x00, 0x00, 0x00, 0x00, 0x00, 0x00, 0x00, 0x00, 0x00,
  0x00, 0x00, 0x00, 0x00, 0x00, 0x00, 0x00, 0x00, 0x00, 0x00, 0x00, 0x00,
  0x00, 0x00, 0x00, 0x00, 0x00, 0x00, 0x00, 0x00, 0x00, 0x00, 0x00, 0x00,
  0x00, 0x00, 0x00, 0x00, 0x00, 0x00, 0x00, 0x00, 0x00, 0x00, 0x00, 0x00,
  0x00, 0x00, 0x00, 0x00, 0x00, 0x00, 0x00, 0x00, 0x00, 0x00, 0x00, 0x00,
  0x00, 0x00, 0x00, 0x00, 0x00, 0x00, 0x00, 0x00, 0x00, 0x00, 0x00, 0x00,
  0x00, 0x00, 0x00, 0x00, 0x00, 0x00, 0x00, 0x00, 0x00, 0x00, 0x00, 0x00,
  0x00, 0x00, 0x00, 0x00, 0x00, 0x00, 0x00, 0x00, 0x00, 0x00, 0x00, 0x00,
  0x00, 0x00, 0x00, 0x00, 0x00, 0x00, 0x00, 0x00, 0x00, 0x00, 0x00, 0x00,
  0x00, 0x00, 0x00, 0x00, 0x00, 0x00, 0x00, 0x00, 0x00, 0x00, 0x00, 0x00,
  0x00, 0x00, 0x00, 0x00, 0x00, 0x00, 0x00, 0x00, 0x00, 0x00, 0x00, 0x00,
  0x00, 0x00, 0x00, 0x00, 0x00, 0x00, 0x00, 0x00, 0x00, 0x00, 0x00, 0x00,
  0x00, 0x00, 0x00, 0x00, 0x00, 0x00, 0x00, 0x00, 0xbb, 0x0b, 0xfe, 0x0f,
  0xde, 0x0b, 0x9b, 0x07, 0x00, 0x00, 0x00, 0x00, 0x66, 0x06, 0x76, 0x06,
  0x65, 0x05, 0x65, 0x06, 0x99, 0x08, 0x55, 0x04, 0x43, 0x03, 0x76, 0x06,
  0x45, 0x03, 0x43, 0x03, 0x87, 0x07, 0x76, 0x06, 0x76, 0x07, 0x75, 0x07,
  0x96, 0x08, 0x85, 0x08, 0xb9, 0x0b, 0xee, 0x0e, 0xcd, 0x0b, 0x99, 0x07,
  0x64, 0x05, 0x65, 0x06, 0x54, 0x04, 0x43, 0x03, 0x43, 0x03, 0x55, 0x05,
  0x55, 0x05, 0x33, 0x03, 0x55, 0x05, 0x00, 0x00, 0x00, 0x00, 0x00, 0x00,
  0x00, 0x00, 0x00, 0x00, 0x00, 0x00, 0x00, 0x00, 0x00, 0x00, 0x00, 0x00,
  0x00, 0x00, 0x00, 0x00, 0x00, 0x00, 0x00, 0x00, 0x00, 0x00, 0x00, 0x00,
  0x00, 0x00, 0x00, 0x00, 0x00, 0x00, 0x00, 0x00, 0x00, 0x00, 0x00, 0x00,
  0x00, 0x00, 0x00, 0x00, 0x00, 0x00, 0x00, 0x00, 0x00, 0x00, 0x00, 0x00,
  0x00, 0x00, 0x00, 0x00, 0x00, 0x00, 0x00, 0x00, 0x00, 0x00, 0x00, 0x00,
  0x00, 0x00, 0x00, 0x00, 0x00, 0x00, 0x00, 0x00, 0x00, 0x00, 0x00, 0x00,
  0x00, 0x00, 0x00, 0x00, 0x00, 0x00, 0x00, 0x00, 0x00, 0x00, 0x00, 0x00,
  0x00, 0x00, 0x00, 0x00, 0x00, 0x00, 0x00, 0x00, 0x00, 0x00, 0x00, 0x00,
  0x00, 0x00, 0x00, 0x00, 0x00, 0x00, 0x00, 0x00, 0x00, 0x00, 0x00, 0x00,
  0x00, 0x00, 0x00, 0x00, 0x00, 0x00, 0x00, 0x00, 0x00, 0x00, 0x00, 0x00,
  0x00, 0x00, 0x00, 0x00, 0x00, 0x00, 0x00, 0x00, 0x00, 0x00, 0x00, 0x00,
  0x00, 0x00, 0x00, 0x00, 0x00, 0x00, 0x00, 0x00, 0x00, 0x00, 0x00, 0x00,
  0x00, 0x00, 0x00, 0x00, 0x00, 0x00, 0x00, 0x00, 0x00, 0x00, 0x00, 0x00,
  0xcc, 0x0c, 0xfe, 0x0f, 0xde, 0x0c, 0xab, 0x08, 0x65, 0x05, 0x76, 0x06,
  0x97, 0x09, 0x65, 0x05, 0x65, 0x05, 0x64, 0x05, 0x88, 0x06, 0x54, 0x04,
  0x54, 0x04, 0x44, 0x03, 0x65, 0x05, 0x65, 0x05, 0x76, 0x06, 0x76, 0x07,
  0x75, 0x06, 0x87, 0x07, 0x86, 0x08, 0x97, 0x09, 0xee, 0x0e, 0xee, 0x0d,
  0xcd, 0x0b, 0x9a, 0x07, 0x75, 0x06, 0x75, 0x07, 0x85, 0x07, 0x64, 0x06,
  0x54, 0x04, 0x43, 0x03, 0x33, 0x03, 0x32, 0x02, 0x33, 0x03, 0x00, 0x00,
  0x00, 0x00, 0x00, 0x00, 0x00, 0x00, 0x00, 0x00, 0x00, 0x00, 0x00, 0x00,
  0x00, 0x00, 0x00, 0x00, 0x00, 0x00, 0x00, 0x00, 0x00, 0x00, 0x00, 0x00,
  0x00, 0x00, 0x00, 0x00, 0x00, 0x00, 0x00, 0x00, 0x00, 0x00, 0x00, 0x00,
  0x00, 0x00, 0x00, 0x00, 0x00, 0x00, 0x00, 0x00, 0x00, 0x00, 0x00, 0x00,
  0x00, 0x00, 0x00, 0x00, 0x00, 0x00, 0x00, 0x00, 0x00, 0x00, 0x00, 0x00,
  0x00, 0x00, 0x00, 0x00, 0x00, 0x00, 0x00, 0x00, 0x00, 0x00, 0x00, 0x00,
  0x00, 0x00, 0x00, 0x00, 0x00, 0x00, 0x00, 0x00, 0x00, 0x00, 0x00, 0x00,
  0x00, 0x00, 0x00, 0x00, 0x00, 0x00, 0x00, 0x00, 0x00, 0x00, 0x00, 0x00,
  0x00, 0x00, 0x00, 0x00, 0x00, 0x00, 0x00, 0x00, 0x00, 0x00, 0x00, 0x00,
  0x00, 0x00, 0x00, 0x00, 0x00, 0x00, 0x00, 0x00, 0x00, 0x00, 0x00, 0x00,
  0x00, 0x00, 0x00, 0x00, 0x00, 0x00, 0x00, 0x00, 0x00, 0x00, 0x00, 0x00,
  0x00, 0x00, 0x00, 0x00, 0x00, 0x00, 0x00, 0x00, 0x00, 0x00, 0x00, 0x00,
  0x00, 0x00, 0x00, 0x00, 0x00, 0x00, 0x00, 0x00, 0x00, 0x00, 0x00, 0x00,
  0x00, 0x00, 0x00, 0x00, 0xcc, 0x0c, 0xfe, 0x0f, 0xee, 0x0e, 0x99, 0x09,
  0xa8, 0x0a, 0x75, 0x06, 0x98, 0x09, 0x87, 0x07, 0x66, 0x05, 0x54, 0x04,
  0x66, 0x05, 0x44, 0x03, 0x44, 0x03, 0x76, 0x05, 0x88, 0x07, 0x88, 0x07,
  0x87, 0x08, 0x76, 0x05, 0x76, 0x05, 0x76, 0x06, 0x87, 0x07, 0xcb, 0x0c,
  0xff, 0x0f, 0xee, 0x0d, 0xbc, 0x09, 0x99, 0x08, 0x86, 0x07, 0x75, 0x07,
  0x85, 0x07, 0x85, 0x08, 0x97, 0x09, 0x75, 0x06, 0x33, 0x03, 0x32, 0x03,
  0x54, 0x04, 0x44, 0x04, 0x54, 0x04, 0x75, 0x06, 0x87, 0x08, 0x55, 0x05,
  0x00, 0x00, 0x00, 0x00, 0x00, 0x00, 0x00, 0x00, 0x00, 0x00, 0x00, 0x00,
  0x00, 0x00, 0x00, 0x00, 0x00, 0x00, 0x00, 0x00, 0x00, 0x00, 0x00, 0x00,
  0x00, 0x00, 0x00, 0x00, 0x00, 0x00, 0x00, 0x00, 0x00, 0x00, 0x00, 0x00,
  0x00, 0x00, 0x00, 0x00, 0x00, 0x00, 0x00, 0x00, 0x00, 0x00, 0x00, 0x00,
  0x00, 0x00, 0x00, 0x00, 0x00, 0x00, 0x00, 0x00, 0x00, 0x00, 0x00, 0x00,
  0x00, 0x00, 0x00, 0x00, 0x00, 0x00, 0x00, 0x00, 0x00, 0x00, 0x00, 0x00,
  0x00, 0x00, 0x00, 0x00, 0x00, 0x00, 0x00, 0x00, 0x00, 0x00, 0x00, 0x00,
  0x00, 0x00, 0x00, 0x00, 0x00, 0x00, 0x00, 0x00, 0x00, 0x00, 0x00, 0x00,
  0x00, 0x00, 0x00, 0x00, 0x00, 0x00, 0x00, 0x00, 0x00, 0x00, 0x00, 0x00,
  0x00, 0x00, 0x00, 0x00, 0x00, 0x00, 0x00, 0x00, 0x00, 0x00, 0x00, 0x00,
  0x00, 0x00, 0x00, 0x00, 0x00, 0x00, 0x00, 0x00, 0x00, 0x00, 0x00, 0x00,
  0x00, 0x00, 0x00, 0x00, 0x00, 0x00, 0x00, 0x00, 0x00, 0x00, 0x00, 0x00,
  0x00, 0x00, 0x00, 0x00, 0x00, 0x00, 0x00, 0x00, 0xaa, 0x0a, 0xee, 0x0e,
  0xcb, 0x0c, 0xb8, 0x0b, 0x85, 0x07, 0x64, 0x05, 0x53, 0x04, 0x98, 0x09,
  0x77, 0x06, 0x55, 0x05, 0x44, 0x03, 0x44, 0x03, 0x77, 0x05, 0x77, 0x05,
  0x76, 0x06, 0x96, 0x08, 0x86, 0x07, 0x76, 0x06, 0x96, 0x07, 0x97, 0x08,
  0x98, 0x07, 0xfe, 0x0f, 0xee, 0x0d, 0xde, 0x0c, 0xac, 0x08, 0x87, 0x06,
  0x64, 0x06, 0x75, 0x06, 0x75, 0x07, 0x86, 0x08, 0x86, 0x07, 0x65, 0x05,
  0x54, 0x04, 0x43, 0x04, 0x33, 0x03, 0x43, 0x03, 0x43, 0x04, 0x44, 0x04,
  0x76, 0x06, 0x97, 0x09, 0x65, 0x06, 0x00, 0x00, 0x00, 0x00, 0x00, 0x00,
  0x00, 0x00, 0x00, 0x00, 0x00, 0x00, 0x00, 0x00, 0x00, 0x00, 0x00, 0x00,
  0x00, 0x00, 0x00, 0x00, 0x00, 0x00, 0x00, 0x00, 0x00, 0x00, 0x00, 0x00,
  0x00, 0x00, 0x00, 0x00, 0x00, 0x00, 0x00, 0x00, 0x00, 0x00, 0x00, 0x00,
  0x00, 0x00, 0x00, 0x00, 0x00, 0x00, 0x00, 0x00, 0x00, 0x00, 0x00, 0x00,
  0x00, 0x00, 0x00, 0x00, 0x00, 0x00, 0x00, 0x00, 0x00, 0x00, 0x00, 0x00,
  0x00, 0x00, 0x00, 0x00, 0x00, 0x00, 0x00, 0x00, 0x00, 0x00, 0x00, 0x00,
  0x00, 0x00, 0x00, 0x00, 0x00, 0x00, 0x00, 0x00, 0x00, 0x00, 0x00, 0x00,
  0x00, 0x00, 0x00, 0x00, 0x00, 0x00, 0x00, 0x00, 0x00, 0x00, 0x00, 0x00,
  0x00, 0x00, 0x00, 0x00, 0x00, 0x00, 0x00, 0x00, 0x00, 0x00, 0x00, 0x00,
  0x00, 0x00, 0x00, 0x00, 0x00, 0x00, 0x00, 0x00, 0x00, 0x00, 0x00, 0x00,
  0x00, 0x00, 0x00, 0x00, 0x00, 0x00, 0x00, 0x00, 0x00, 0x00, 0x00, 0x00,
  0x00, 0x00, 0x00, 0x00, 0x00, 0x00, 0x00, 0x00, 0x00, 0x00, 0x00, 0x00,
  0x33, 0x03, 0x99, 0x09, 0xca, 0x0c, 0x96, 0x09, 0xa8, 0x0a, 0x86, 0x07,
  0x54, 0x04, 0x86, 0x08, 0x55, 0x05, 0x33, 0x03, 0x55, 0x04, 0x77, 0x06,
  0x87, 0x07, 0x97, 0x08, 0x86, 0x07, 0x65, 0x05, 0x77, 0x05, 0x66, 0x05,
  0x86, 0x07, 0xa7, 0x09, 0x98, 0x08, 0xaa, 0x09, 0xee, 0x0d, 0xbc, 0x09,
  0x9b, 0x07, 0x75, 0x06, 0x65, 0x06, 0x76, 0x07, 0x75, 0x07, 0x75, 0x07,
  0x54, 0x05, 0x54, 0x04, 0x65, 0x05, 0x64, 0x05, 0x43, 0x04, 0x33, 0x02,
  0x43, 0x03, 0x44, 0x03, 0x44, 0x03, 0x54, 0x04, 0x87, 0x08, 0x75, 0x06,
  0x00, 0x00, 0x00, 0x00, 0x00, 0x00, 0x00, 0x00, 0x00, 0x00, 0x00, 0x00,
  0x00, 0x00, 0x00, 0x00, 0x00, 0x00, 0x00, 0x00, 0x00, 0x00, 0x00, 0x00,
  0x00, 0x00, 0x00, 0x00, 0x00, 0x00, 0x00, 0x00, 0x00, 0x00, 0x00, 0x00,
  0x00, 0x00, 0x00, 0x00, 0x00, 0x00, 0x00, 0x00, 0x00, 0x00, 0x00, 0x00,
  0x00, 0x00, 0x00, 0x00, 0x00, 0x00, 0x00, 0x00, 0x00, 0x00, 0x00, 0x00,
  0x00, 0x00, 0x00, 0x00, 0x00, 0x00, 0x00, 0x00, 0x00, 0x00, 0x00, 0x00,
  0x00, 0x00, 0x00, 0x00, 0x00, 0x00, 0x00, 0x00, 0x00, 0x00, 0x00, 0x00,
  0x00, 0x00, 0x00, 0x00, 0x00, 0x00, 0x00, 0x00, 0x00, 0x00, 0x00, 0x00,
  0x00, 0x00, 0x00, 0x00, 0x00, 0x00, 0x00, 0x00, 0x00, 0x00, 0x00, 0x00,
  0x00, 0x00, 0x00, 0x00, 0x00, 0x00, 0x00, 0x00, 0x00, 0x00, 0x00, 0x00,
  0x00, 0x00, 0x00, 0x00, 0x00, 0x00, 0x00, 0x00, 0x00, 0x00, 0x00, 0x00,
  0x00, 0x00, 0x00, 0x00, 0x00, 0x00, 0x00, 0x00, 0x00, 0x00, 0x00, 0x00,
  0x00, 0x00, 0x00, 0x00, 0x22, 0x02, 0x75, 0x06, 0xa7, 0x09, 0x97, 0x09,
  0x96, 0x09, 0x64, 0x05, 0x54, 0x04, 0x75, 0x07, 0x44, 0x03, 0x33, 0x02,
  0x67, 0x05, 0x77, 0x05, 0x76, 0x05, 0x77, 0x06, 0x76, 0x05, 0x66, 0x05,
  0x65, 0x05, 0x55, 0x04, 0x65, 0x05, 0x85, 0x07, 0x96, 0x08, 0x98, 0x08,
  0xde, 0x0b, 0xac, 0x08, 0x88, 0x07, 0x75, 0x07, 0x64, 0x06, 0x75, 0x06,
  0x96, 0x08, 0x64, 0x06, 0x64, 0x06, 0x65, 0x06, 0x54, 0x05, 0xa8, 0x0a,
  0x86, 0x07, 0x43, 0x03, 0x33, 0x03, 0x55, 0x04, 0x55, 0x04, 0x55, 0x04,
  0x64, 0x05, 0x54, 0x05, 0x44, 0x04, 0x86, 0x07, 0x87, 0x08, 0x33, 0x03,
  0x00, 0x00, 0x00, 0x00, 0x00, 0x00, 0x00, 0x00, 0x00, 0x00, 0x00, 0x00,
  0x00, 0x00, 0x00, 0x00, 0x00, 0x00, 0x00, 0x00, 0x00, 0x00, 0x00, 0x00,
  0x00, 0x00, 0x00, 0x00, 0x00, 0x00, 0x00, 0x00, 0x00, 0x00, 0x00, 0x00,
  0x00, 0x00, 0x00, 0x00, 0x00, 0x00, 0x00, 0x00, 0x00, 0x00, 0x00, 0x00,
  0x00, 0x00, 0x00, 0x00, 0x00, 0x00, 0x00, 0x00, 0x00, 0x00, 0x00, 0x00,
  0x00, 0x00, 0x00, 0x00, 0x00, 0x00, 0x00, 0x00, 0x00, 0x00, 0x00, 0x00,
  0x00, 0x00, 0x00, 0x00, 0x00, 0x00, 0x00, 0x00, 0x00, 0x00, 0x00, 0x00,
  0x00, 0x00, 0x00, 0x00, 0x00, 0x00, 0x00, 0x00, 0x00, 0x00, 0x00, 0x00,
  0x00, 0x00, 0x00, 0x00, 0x00, 0x00, 0x00, 0x00, 0x00, 0x00, 0x00, 0x00,
  0x00, 0x00, 0x00, 0x00, 0x00, 0x00, 0x00, 0x00, 0x00, 0x00, 0x00, 0x00,
  0x00, 0x00, 0x00, 0x00, 0x00, 0x00, 0x00, 0x00, 0x00, 0x00, 0x00, 0x00,
  0x00, 0x00, 0x00, 0x00, 0x00, 0x00, 0x00, 0x00, 0x22, 0x02, 0xb9, 0x0b,
  0x64, 0x06, 0x86, 0x08, 0x85, 0x08, 0x76, 0x06, 0x65, 0x06, 0x54, 0x05,
  0x33, 0x03, 0x66, 0x05, 0x87, 0x07, 0x97, 0x08, 0x75, 0x06, 0x77, 0x06,
  0x76, 0x05, 0x77, 0x06, 0x97, 0x09, 0x75, 0x06, 0x65, 0x05, 0x65, 0x06,
  0x86, 0x08, 0x86, 0x08, 0xac, 0x08, 0x99, 0x07, 0x75, 0x07, 0x96, 0x08,
  0x74, 0x06, 0x75, 0x06, 0x74, 0x06, 0x85, 0x08, 0x86, 0x08, 0x64, 0x06,
  0x85, 0x07, 0x75, 0x06, 0x54, 0x04, 0x54, 0x04, 0x54, 0x05, 0x33, 0x02,
  0x33, 0x02, 0x32, 0x02, 0x33, 0x02, 0x33, 0x03, 0x43, 0x03, 0x53, 0x04,
  0x87, 0x08, 0x87, 0x08, 0x87, 0x07, 0x77, 0x07, 0x00, 0x00, 0x00, 0x00,
  0x00, 0x00, 0x00, 0x00, 0x00, 0x00, 0x00, 0x00, 0x00, 0x00, 0x00, 0x00,
  0x00, 0x00, 0x00, 0x00, 0x00, 0x00, 0x00, 0x00, 0x00, 0x00, 0x00, 0x00,
  0x00, 0x00, 0x00, 0x00, 0x00, 0x00, 0x00, 0x00, 0x00, 0x00, 0x00, 0x00,
  0x00, 0x00, 0x00, 0x00, 0x00, 0x00, 0x00, 0x00, 0x00, 0x00, 0x00, 0x00,
  0x00, 0x00, 0x00, 0x00, 0x00, 0x00, 0x00, 0x00, 0x00, 0x00, 0x00, 0x00,
  0x00, 0x00, 0x00, 0x00, 0x00, 0x00, 0x00, 0x00, 0x00, 0x00, 0x00, 0x00,
  0x00, 0x00, 0x00, 0x00, 0x00, 0x00, 0x00, 0x00, 0x00, 0x00, 0x00, 0x00,
  0x00, 0x00, 0x00, 0x00, 0x00, 0x00, 0x00, 0x00, 0x00, 0x00, 0x00, 0x00,
  0x00, 0x00, 0x00, 0x00, 0x00, 0x00, 0x00, 0x00, 0x00, 0x00, 0x00, 0x00,
  0x00, 0x00, 0x00, 0x00, 0x00, 0x00, 0x00, 0x00, 0x00, 0x00, 0x00, 0x00,
  0x00, 0x00, 0x00, 0x00, 0x00, 0x00, 0x00, 0x00, 0x00, 0x00, 0x00, 0x00,
  0x00, 0x00, 0x44, 0x04, 0xa8, 0x09, 0x75, 0x07, 0xa7, 0x0a, 0x75, 0x06,
  0x75, 0x07, 0x33, 0x03, 0x33, 0x03, 0x76, 0x05, 0x76, 0x05, 0x76, 0x06,
  0x75, 0x06, 0x76, 0x06, 0x96, 0x08, 0x75, 0x06, 0xa7, 0x0a, 0x75, 0x06,
  0x87, 0x08, 0x65, 0x05, 0x96, 0x08, 0x86, 0x08, 0x76, 0x06, 0x76, 0x06,
  0x86, 0x07, 0x64, 0x05, 0x64, 0x06, 0x76, 0x07, 0x75, 0x06, 0x75, 0x06,
  0x74, 0x06, 0x74, 0x06, 0x75, 0x07, 0x54, 0x04, 0x54, 0x05, 0x65, 0x06,
  0x64, 0x05, 0x53, 0x04, 0x33, 0x02, 0x33, 0x03, 0x33, 0x03, 0x33, 0x02,
  0x33, 0x03, 0x44, 0x03, 0x54, 0x04, 0x43, 0x04, 0x75, 0x06, 0x87, 0x08,
  0x00, 0x00, 0x00, 0x00, 0x00, 0x00, 0x00, 0x00, 0x00, 0x00, 0x00, 0x00,
  0x00, 0x00, 0x00, 0x00, 0x00, 0x00, 0x00, 0x00, 0x00, 0x00, 0x00, 0x00,
  0x00, 0x00, 0x00, 0x00, 0x00, 0x00, 0x00, 0x00, 0x00, 0x00, 0x00, 0x00,
  0x00, 0x00, 0x00, 0x00, 0x00, 0x00, 0x00, 0x00, 0x00, 0x00, 0x00, 0x00,
  0x00, 0x00, 0x00, 0x00, 0x00, 0x00, 0x00, 0x00, 0x00, 0x00, 0x00, 0x00,
  0x00, 0x00, 0x00, 0x00, 0x00, 0x00, 0x00, 0x00, 0x00, 0x00, 0x00, 0x00,
  0x00, 0x00, 0x00, 0x00, 0x00, 0x00, 0x00, 0x00, 0x00, 0x00, 0x00, 0x00,
  0x00, 0x00, 0x00, 0x00, 0x00, 0x00, 0x00, 0x00, 0x00, 0x00, 0x00, 0x00,
  0x00, 0x00, 0x00, 0x00, 0x00, 0x00, 0x00, 0x00, 0x00, 0x00, 0x00, 0x00,
  0x00, 0x00, 0x00, 0x00, 0x00, 0x00, 0x00, 0x00, 0x00, 0x00, 0x00, 0x00,
  0x00, 0x00, 0x00, 0x00, 0x00, 0x00, 0x00, 0x00, 0x00, 0x00, 0x00, 0x00,
  0x00, 0x00, 0x00, 0x00, 0x22, 0x02, 0x65, 0x05, 0x42, 0x03, 0x65, 0x06,
  0xa7, 0x0a, 0x75, 0x06, 0x65, 0x05, 0x44, 0x03, 0x76, 0x06, 0x97, 0x08,
  0x97, 0x08, 0x77, 0x05, 0x76, 0x05, 0x75, 0x06, 0x86, 0x08, 0x43, 0x03,
  0x54, 0x04, 0x65, 0x05, 0x65, 0x05, 0x75, 0x06, 0xb8, 0x0a, 0x75, 0x07,
  0x65, 0x05, 0x65, 0x06, 0x86, 0x07, 0x86, 0x07, 0x86, 0x07, 0x86, 0x08,
  0x75, 0x06, 0x65, 0x06, 0x64, 0x06, 0x75, 0x06, 0x86, 0x08, 0x53, 0x05,
  0x76, 0x07, 0x64, 0x06, 0x96, 0x08, 0x75, 0x07, 0x54, 0x04, 0x33, 0x03,
  0x33, 0x02, 0x33, 0x03, 0x55, 0x05, 0x64, 0x05, 0x54, 0x04, 0x65, 0x05,
  0x65, 0x05, 0x98, 0x08, 0x54, 0x04, 0x00, 0x00, 0x00, 0x00, 0x00, 0x00,
  0x00, 0x00, 0x00, 0x00, 0x00, 0x00, 0x00, 0x00, 0x00, 0x00, 0x00, 0x00,
  0x00, 0x00, 0x00, 0x00, 0x00, 0x00, 0x00, 0x00, 0x00, 0x00, 0x00, 0x00,
  0x00, 0x00, 0x00, 0x00, 0x00, 0x00, 0x00, 0x00, 0x00, 0x00, 0x00, 0x00,
  0x00, 0x00, 0x00, 0x00, 0x00, 0x00, 0x00, 0x00, 0x00, 0x00, 0x00, 0x00,
  0x00, 0x00, 0x00, 0x00, 0x00, 0x00, 0x00, 0x00, 0x00, 0x00, 0x00, 0x00,
  0x00, 0x00, 0x00, 0x00, 0x00, 0x00, 0x00, 0x00, 0x00, 0x00, 0x00, 0x00,
  0x00, 0x00, 0x00, 0x00, 0x00, 0x00, 0x00, 0x00, 0x00, 0x00, 0x00, 0x00,
  0x00, 0x00, 0x00, 0x00, 0x00, 0x00, 0x00, 0x00, 0x00, 0x00, 0x00, 0x00,
  0x00, 0x00, 0x00, 0x00, 0x00, 0x00, 0x00, 0x00, 0x00, 0x00, 0x00, 0x00,
  0x00, 0x00, 0x00, 0x00, 0x00, 0x00, 0x00, 0x00, 0x00, 0x00, 0x00, 0x00,
  0x00, 0x00, 0x00, 0x00, 0x00, 0x00, 0x00, 0x00, 0x44, 0x04, 0x75, 0x06,
  0x55, 0x05, 0x54, 0x04, 0x86, 0x07, 0x75, 0x06, 0x54, 0x04, 0x44, 0x03,
  0x76, 0x06, 0x86, 0x07, 0x75, 0x06, 0x87, 0x07, 0x85, 0x07, 0x43, 0x04,
  0x54, 0x04, 0x54, 0x05, 0x55, 0x05, 0x75, 0x06, 0x85, 0x07, 0x75, 0x06,
  0x75, 0x07, 0x75, 0x07, 0x43, 0x04, 0x75, 0x07, 0x76, 0x08, 0x75, 0x06,
  0x87, 0x08, 0x86, 0x07, 0x65, 0x06, 0x86, 0x07, 0x86, 0x08, 0x64, 0x06,
  0x75, 0x07, 0x86, 0x08, 0x75, 0x06, 0x65, 0x06, 0x54, 0x05, 0x44, 0x04,
  0x55, 0x04, 0x65, 0x05, 0x33, 0x03, 0x33, 0x03, 0x33, 0x03, 0x00, 0x00,
  0x00, 0x00, 0x00, 0x00, 0x54, 0x04, 0x65, 0x05, 0x00, 0x00, 0x00, 0x00,
  0x00, 0x00, 0x00, 0x00, 0x00, 0x00, 0x00, 0x00, 0x00, 0x00, 0x00, 0x00,
  0x00, 0x00, 0x00, 0x00, 0x00, 0x00, 0x00, 0x00, 0x00, 0x00, 0x00, 0x00,
  0x00, 0x00, 0x00, 0x00, 0x00, 0x00, 0x00, 0x00, 0x00, 0x00, 0x00, 0x00,
  0x00, 0x00, 0x00, 0x00, 0x00, 0x00, 0x00, 0x00, 0x00, 0x00, 0x00, 0x00,
  0x00, 0x00, 0x00, 0x00, 0x00, 0x00, 0x00, 0x00, 0x00, 0x00, 0x00, 0x00,
  0x00, 0x00, 0x00, 0x00, 0x00, 0x00, 0x00, 0x00, 0x00, 0x00, 0x00, 0x00,
  0x00, 0x00, 0x00, 0x00, 0x00, 0x00, 0x00, 0x00, 0x00, 0x00, 0x00, 0x00,
  0x00, 0x00, 0x00, 0x00, 0x00, 0x00, 0x00, 0x00, 0x00, 0x00, 0x00, 0x00,
  0x00, 0x00, 0x00, 0x00, 0x00, 0x00, 0x00, 0x00, 0x00, 0x00, 0x00, 0x00,
  0x00, 0x00, 0x00, 0x00, 0x00, 0x00, 0x00, 0x00, 0x00, 0x00, 0x00, 0x00,
  0x00, 0x00, 0x00, 0x00, 0x00, 0x00, 0x00, 0x00, 0x00, 0x00, 0x00, 0x00,
  0x77, 0x08, 0x86, 0x08, 0x43, 0x04, 0x99, 0x08, 0x77, 0x06, 0x76, 0x06,
  0x45, 0x03, 0x65, 0x04, 0x98, 0x07, 0x87, 0x07, 0x75, 0x07, 0xa7, 0x09,
  0x86, 0x08, 0x32, 0x03, 0x54, 0x04, 0x64, 0x06, 0x54, 0x05, 0x85, 0x08,
  0x97, 0x09, 0x44, 0x04, 0x96, 0x08, 0x97, 0x09, 0x66, 0x07, 0x86, 0x0d,
  0x75, 0x0b, 0x75, 0x08, 0x97, 0x09, 0x75, 0x06, 0x54, 0x05, 0x54, 0x04,
  0x65, 0x06, 0x64, 0x05, 0x64, 0x06, 0x75, 0x06, 0x75, 0x07, 0x64, 0x05,
  0x86, 0x07, 0x76, 0x07, 0x65, 0x05, 0x76, 0x06, 0x75, 0x06, 0x43, 0x03,
  0x33, 0x03, 0x44, 0x04, 0x33, 0x03, 0x54, 0x04, 0x75, 0x07, 0x76, 0x07,
  0x77, 0x07, 0x00, 0x00, 0x00, 0x00, 0x00, 0x00, 0x00, 0x00, 0x00, 0x00,
  0x00, 0x00, 0x00, 0x00, 0x00, 0x00, 0x00, 0x00, 0x00, 0x00, 0x00, 0x00,
  0x00, 0x00, 0x00, 0x00, 0x00, 0x00, 0x00, 0x00, 0x00, 0x00, 0x00, 0x00,
  0x00, 0x00, 0x00, 0x00, 0x00, 0x00, 0x00, 0x00, 0x00, 0x00, 0x00, 0x00,
  0x00, 0x00, 0x00, 0x00, 0x00, 0x00, 0x00, 0x00, 0x00, 0x00, 0x00, 0x00,
  0x00, 0x00, 0x00, 0x00, 0x00, 0x00, 0x00, 0x00, 0x00, 0x00, 0x00, 0x00,
  0x00, 0x00, 0x00, 0x00, 0x00, 0x00, 0x00, 0x00, 0x00, 0x00, 0x00, 0x00,
  0x00, 0x00, 0x00, 0x00, 0x00, 0x00, 0x00, 0x00, 0x00, 0x00, 0x00, 0x00,
  0x00, 0x00, 0x00, 0x00, 0x00, 0x00, 0x00, 0x00, 0x00, 0x00, 0x00, 0x00,
  0x00, 0x00, 0x00, 0x00, 0x00, 0x00, 0x00, 0x00, 0x00, 0x00, 0x00, 0x00,
  0x00, 0x00, 0x00, 0x00, 0x00, 0x00, 0x00, 0x00, 0x00, 0x00, 0x00, 0x00,
  0x00, 0x00, 0x00, 0x00, 0x65, 0x05, 0xb9, 0x0c, 0x96, 0x09, 0xdd, 0x0c,
  0x89, 0x07, 0x55, 0x04, 0x44, 0x03, 0x76, 0x06, 0x76, 0x06, 0x96, 0x08,
  0x75, 0x06, 0x65, 0x05, 0x54, 0x04, 0x64, 0x05, 0x54, 0x05, 0x54, 0x04,
  0x75, 0x07, 0xa7, 0x0a, 0x75, 0x07, 0x75, 0x07, 0x75, 0x07, 0x75, 0x06,
  0x88, 0x08, 0x65, 0x0b, 0x64, 0x0b, 0x75, 0x0c, 0x86, 0x0b, 0x64, 0x07,
  0xa7, 0x0a, 0x43, 0x04, 0x54, 0x05, 0x64, 0x06, 0x64, 0x05, 0x64, 0x06,
  0x64, 0x05, 0x75, 0x06, 0x65, 0x06, 0x64, 0x05, 0x75, 0x07, 0x75, 0x06,
  0x97, 0x08, 0x76, 0x07, 0x44, 0x04, 0x33, 0x03, 0x44, 0x04, 0x65, 0x07,
  0x85, 0x07, 0x97, 0x09, 0x97, 0x09, 0x65, 0x06, 0x54, 0x04, 0x00, 0x00,
  0x00, 0x00, 0x00, 0x00, 0x00, 0x00, 0x00, 0x00, 0x00, 0x00, 0x00, 0x00,
  0x00, 0x00, 0x00, 0x00, 0x00, 0x00, 0x00, 0x00, 0x00, 0x00, 0x00, 0x00,
  0x00, 0x00, 0x00, 0x00, 0x00, 0x00, 0x00, 0x00, 0x00, 0x00, 0x00, 0x00,
  0x00, 0x00, 0x00, 0x00, 0x00, 0x00, 0x00, 0x00, 0x00, 0x00, 0x00, 0x00,
  0x00, 0x00, 0x00, 0x00, 0x00, 0x00, 0x00, 0x00, 0x00, 0x00, 0x00, 0x00,
  0x00, 0x00, 0x00, 0x00, 0x00, 0x00, 0x00, 0x00, 0x00, 0x00, 0x00, 0x00,
  0x00, 0x00, 0x00, 0x00, 0x00, 0x00, 0x00, 0x00, 0x00, 0x00, 0x00, 0x00,
  0x00, 0x00, 0x00, 0x00, 0x00, 0x00, 0x00, 0x00, 0x00, 0x00, 0x00, 0x00,
  0x00, 0x00, 0x00, 0x00, 0x00, 0x00, 0x00, 0x00, 0x00, 0x00, 0x00, 0x00,
  0x00, 0x00, 0x00, 0x00, 0x00, 0x00, 0x00, 0x00, 0x00, 0x00, 0x00, 0x00,
  0x00, 0x00, 0x00, 0x00, 0x00, 0x00, 0x00, 0x00, 0x33, 0x03, 0x97, 0x09,
  0xdb, 0x0d, 0xde, 0x0b, 0x8a, 0x06, 0x55, 0x03, 0x54, 0x04, 0x87, 0x07,
  0x87, 0x07, 0x86, 0x07, 0x86, 0x07, 0x55, 0x05, 0x75, 0x06, 0x53, 0x04,
  0x76, 0x07, 0x64, 0x06, 0x96, 0x08, 0x54, 0x05, 0x43, 0x03, 0x86, 0x08,
  0x64, 0x06, 0x98, 0x08, 0x65, 0x08, 0x75, 0x0c, 0x75, 0x0c, 0x75, 0x0c,
  0x86, 0x0c, 0x96, 0x0c, 0x75, 0x0a, 0x75, 0x09, 0x65, 0x07, 0x64, 0x07,
  0x75, 0x07, 0x64, 0x05, 0x65, 0x06, 0x54, 0x05, 0x54, 0x05, 0x75, 0x06,
  0x75, 0x06, 0x54, 0x04, 0x54, 0x05, 0x54, 0x04, 0x55, 0x04, 0x44, 0x04,
  0x33, 0x03, 0x33, 0x04, 0x54, 0x05, 0x64, 0x06, 0x75, 0x07, 0x96, 0x09,
  0xa7, 0x0a, 0x97, 0x08, 0x55, 0x05, 0x00, 0x00, 0x00, 0x00, 0x00, 0x00,
  0x00, 0x00, 0x00, 0x00, 0x00, 0x00, 0x00, 0x00, 0x00, 0x00, 0x00, 0x00,
  0x00, 0x00, 0x00, 0x00, 0x00, 0x00, 0x00, 0x00, 0x00, 0x00, 0x00, 0x00,
  0x00, 0x00, 0x00, 0x00, 0x00, 0x00, 0x00, 0x00, 0x00, 0x00, 0x00, 0x00,
  0x00, 0x00, 0x00, 0x00, 0x00, 0x00, 0x00, 0x00, 0x00, 0x00, 0x00, 0x00,
  0x00, 0x00, 0x00, 0x00, 0x00, 0x00, 0x00, 0x00, 0x00, 0x00, 0x00, 0x00,
  0x00, 0x00, 0x00, 0x00, 0x00, 0x00, 0x00, 0x00, 0x00, 0x00, 0x00, 0x00,
  0x00, 0x00, 0x00, 0x00, 0x00, 0x00, 0x00, 0x00, 0x00, 0x00, 0x00, 0x00,
  0x00, 0x00, 0x00, 0x00, 0x00, 0x00, 0x00, 0x00, 0x00, 0x00, 0x00, 0x00,
  0x00, 0x00, 0x00, 0x00, 0x00, 0x00, 0x00, 0x00, 0x00, 0x00, 0x00, 0x00,
  0x00, 0x00, 0x00, 0x00, 0x00, 0x00, 0x00, 0x00, 0x00, 0x00, 0x00, 0x00,
  0x33, 0x03, 0x97, 0x09, 0xed, 0x0f, 0xce, 0x0a, 0x9b, 0x06, 0x44, 0x03,
  0x54, 0x04, 0x86, 0x06, 0x97, 0x08, 0x75, 0x06, 0x65, 0x06, 0x54, 0x05,
  0x53, 0x05, 0x65, 0x06, 0x75, 0x06, 0x75, 0x07, 0x53, 0x04, 0x54, 0x04,
  0x53, 0x04, 0x96, 0x08, 0x65, 0x06, 0x77, 0x08, 0x54, 0x0b, 0x64, 0x0d,
  0x74, 0x0e, 0x75, 0x0e, 0x85, 0x0d, 0x64, 0x0d, 0x75, 0x0c, 0x64, 0x0a,
  0x75, 0x09, 0x64, 0x07, 0x75, 0x08, 0x85, 0x07, 0x75, 0x06, 0x75, 0x06,
  0x53, 0x04, 0x43, 0x04, 0x54, 0x05, 0x54, 0x05, 0x75, 0x06, 0x65, 0x05,
  0x54, 0x04, 0x65, 0x05, 0x65, 0x06, 0x33, 0x03, 0x33, 0x03, 0x33, 0x03,
  0x44, 0x04, 0x53, 0x04, 0x64, 0x06, 0xa7, 0x0a, 0xa8, 0x09, 0x86, 0x07,
  0x55, 0x05, 0x00, 0x00, 0x00, 0x00, 0x00, 0x00, 0x00, 0x00, 0x00, 0x00,
  0x00, 0x00, 0x00, 0x00, 0x00, 0x00, 0x00, 0x00, 0x00, 0x00, 0x00, 0x00,
  0x00, 0x00, 0x00, 0x00, 0x00, 0x00, 0x00, 0x00, 0x00, 0x00, 0x00, 0x00,
  0x00, 0x00, 0x00, 0x00, 0x00, 0x00, 0x00, 0x00, 0x00, 0x00, 0x00, 0x00,
  0x00, 0x00, 0x00, 0x00, 0x00, 0x00, 0x00, 0x00, 0x00, 0x00, 0x00, 0x00,
  0x00, 0x00, 0x00, 0x00, 0x00, 0x00, 0x00, 0x00, 0x00, 0x00, 0x00, 0x00,
  0x00, 0x00, 0x00, 0x00, 0x00, 0x00, 0x00, 0x00, 0x00, 0x00, 0x00, 0x00,
  0x00, 0x00, 0x00, 0x00, 0x00, 0x00, 0x00, 0x00, 0x00, 0x00, 0x00, 0x00,
  0x00, 0x00, 0x00, 0x00, 0x00, 0x00, 0x00, 0x00, 0x00, 0x00, 0x00, 0x00,
  0x00, 0x00, 0x00, 0x00, 0x00, 0x00, 0x00, 0x00, 0x00, 0x00, 0x00, 0x00,
  0x00, 0x00, 0x00, 0x00, 0x43, 0x03, 0xb8, 0x0b, 0xfe, 0x0f, 0xde, 0x0b,
  0x9b, 0x07, 0x45, 0x03, 0x76, 0x06, 0x97, 0x08, 0x74, 0x06, 0x75, 0x07,
  0xa8, 0x09, 0x53, 0x05, 0x77, 0x07, 0x65, 0x05, 0x65, 0x05, 0x54, 0x04,
  0x54, 0x05, 0x64, 0x05, 0x43, 0x03, 0x65, 0x05, 0x87, 0x08, 0x54, 0x08,
  0x43, 0x0a, 0x53, 0x0b, 0x64, 0x0d, 0x85, 0x0e, 0xa6, 0x0f, 0x95, 0x0f,
  0x85, 0x0e, 0x64, 0x0d, 0x53, 0x0a, 0x64, 0x09, 0x86, 0x0a, 0x75, 0x07,
  0x64, 0x05, 0x54, 0x04, 0x43, 0x04, 0x85, 0x07, 0x54, 0x04, 0x75, 0x06,
  0x54, 0x04, 0x54, 0x04, 0x65, 0x05, 0x76, 0x07, 0x43, 0x03, 0x44, 0x03,
  0x33, 0x03, 0x33, 0x03, 0x34, 0x03, 0x34, 0x03, 0x33, 0x03, 0x53, 0x05,
  0x86, 0x08, 0xa8, 0x0a, 0x76, 0x07, 0x44, 0x04, 0x00, 0x00, 0x00, 0x00,
  0x00, 0x00, 0x00, 0x00, 0x00, 0x00, 0x00, 0x00, 0x00, 0x00, 0x00, 0x00,
  0x00, 0x00, 0x00, 0x00, 0x00, 0x00, 0x00, 0x00, 0x00, 0x00, 0x00, 0x00,
  0x00, 0x00, 0x00, 0x00, 0x00, 0x00, 0x00, 0x00, 0x00, 0x00, 0x00, 0x00,
  0x00, 0x00, 0x00, 0x00, 0x00, 0x00, 0x00, 0x00, 0x00, 0x00, 0x00, 0x00,
  0x00, 0x00, 0x00, 0x00, 0x00, 0x00, 0x00, 0x00, 0x00, 0x00, 0x00, 0x00,
  0x00, 0x00, 0x00, 0x00, 0x00, 0x00, 0x00, 0x00, 0x00, 0x00, 0x00, 0x00,
  0x00, 0x00, 0x00, 0x00, 0x00, 0x00, 0x00, 0x00, 0x00, 0x00, 0x00, 0x00,
  0x00, 0x00, 0x00, 0x00, 0x00, 0x00, 0x00, 0x00, 0x00, 0x00, 0x00, 0x00,
  0x00, 0x00, 0x00, 0x00, 0x00, 0x00, 0x00, 0x00, 0x00, 0x00, 0x00, 0x00,
  0x00, 0x00, 0x00, 0x00, 0x77, 0x07, 0xa8, 0x0a, 0x87, 0x08, 0x97, 0x09,
  0xfe, 0x0f, 0xde, 0x0c, 0xac, 0x07, 0x78, 0x05, 0x66, 0x04, 0x76, 0x06,
  0x86, 0x08, 0xa7, 0x09, 0x75, 0x06, 0x76, 0x06, 0x54, 0x04, 0x65, 0x05,
  0x54, 0x04, 0x54, 0x04, 0x54, 0x05, 0x54, 0x05, 0x54, 0x05, 0x65, 0x05,
  0x66, 0x08, 0x54, 0x0b, 0x65, 0x0c, 0x64, 0x0d, 0x64, 0x0c, 0x54, 0x0c,
  0x64, 0x0d, 0x74, 0x0d, 0x85, 0x0e, 0x86, 0x0e, 0x86, 0x0d, 0x64, 0x0b,
  0x64, 0x08, 0x75, 0x07, 0x86, 0x08, 0x53, 0x05, 0x54, 0x04, 0x66, 0x06,
  0x54, 0x05, 0x54, 0x05, 0x65, 0x05, 0x65, 0x05, 0x65, 0x05, 0x43, 0x03,
  0x44, 0x03, 0x54, 0x04, 0x54, 0x05, 0x33, 0x03, 0x33, 0x02, 0x44, 0x03,
  0x43, 0x03, 0x33, 0x03, 0x43, 0x03, 0x75, 0x07, 0xa7, 0x0a, 0x87, 0x08,
  0x33, 0x03, 0x00, 0x00, 0x00, 0x00, 0x00, 0x00, 0x00, 0x00, 0x00, 0x00,
  0x00, 0x00, 0x00, 0x00, 0x00, 0x00, 0x00, 0x00, 0x00, 0x00, 0x00, 0x00,
  0x00, 0x00, 0x00, 0x00, 0x00, 0x00, 0x00, 0x00, 0x00, 0x00, 0x00, 0x00,
  0x00, 0x00, 0x00, 0x00, 0x00, 0x00, 0x00, 0x00, 0x00, 0x00, 0x00, 0x00,
  0x00, 0x00, 0x00, 0x00, 0x00, 0x00, 0x00, 0x00, 0x00, 0x00, 0x00, 0x00,
  0x00, 0x00, 0x00, 0x00, 0x00, 0x00, 0x00, 0x00, 0x00, 0x00, 0x00, 0x00,
  0x00, 0x00, 0x00, 0x00, 0x00, 0x00, 0x00, 0x00, 0x00, 0x00, 0x00, 0x00,
  0x00, 0x00, 0x00, 0x00, 0x00, 0x00, 0x00, 0x00, 0x00, 0x00, 0x00, 0x00,
  0x00, 0x00, 0x00, 0x00, 0x00, 0x00, 0x00, 0x00, 0x00, 0x00, 0x00, 0x00,
  0x00, 0x00, 0x00, 0x00, 0x00, 0x00, 0x00, 0x00, 0x86, 0x08, 0xb8, 0x0b,
  0x96, 0x08, 0xa8, 0x0a, 0xfe, 0x0f, 0xde, 0x0d, 0xbc, 0x08, 0x8a, 0x06,
  0x79, 0x05, 0x76, 0x06, 0xa8, 0x0a, 0x65, 0x05, 0x44, 0x03, 0x77, 0x05,
  0x54, 0x04, 0x54, 0x04, 0x65, 0x05, 0x43, 0x03, 0x54, 0x04, 0x54, 0x04,
  0x75, 0x06, 0x76, 0x07, 0x54, 0x08, 0x43, 0x0a, 0x54, 0x0b, 0x64, 0x0d,
  0x74, 0x0d, 0x75, 0x0e, 0x64, 0x0d, 0x64, 0x0d, 0x64, 0x0d, 0x64, 0x0d,
  0x86, 0x0d, 0xa7, 0x0e, 0x97, 0x0d, 0x54, 0x07, 0x65, 0x06, 0x75, 0x06,
  0x64, 0x06, 0x65, 0x05, 0x64, 0x05, 0x76, 0x07, 0x65, 0x06, 0x64, 0x05,
  0x54, 0x05, 0x43, 0x04, 0x76, 0x06, 0x54, 0x04, 0x55, 0x05, 0x44, 0x03,
  0x33, 0x02, 0x44, 0x03, 0x44, 0x03, 0x55, 0x04, 0x44, 0x04, 0x55, 0x04,
  0x86, 0x08, 0x97, 0x08, 0x33, 0x03, 0x00, 0x00, 0x00, 0x00, 0x00, 0x00,
  0x00, 0x00, 0x00, 0x00, 0x00, 0x00, 0x00, 0x00, 0x00, 0x00, 0x00, 0x00,
  0x00, 0x00, 0x00, 0x00, 0x00, 0x00, 0x00, 0x00, 0x00, 0x00, 0x00, 0x00,
  0x00, 0x00, 0x00, 0x00, 0x00, 0x00, 0x00, 0x00, 0x00, 0x00, 0x00, 0x00,
  0x00, 0x00, 0x00, 0x00, 0x00, 0x00, 0x00, 0x00, 0x00, 0x00, 0x00, 0x00,
  0x00, 0x00, 0x00, 0x00, 0x00, 0x00, 0x00, 0x00, 0x00, 0x00, 0x00, 0x00,
  0x00, 0x00, 0x00, 0x00, 0x00, 0x00, 0x00, 0x00, 0x00, 0x00, 0x00, 0x00,
  0x00, 0x00, 0x00, 0x00, 0x00, 0x00, 0x00, 0x00, 0x00, 0x00, 0x00, 0x00,
  0x00, 0x00, 0x00, 0x00, 0x00, 0x00, 0x00, 0x00, 0x00, 0x00, 0x00, 0x00,
  0x00, 0x00, 0x00, 0x00, 0x00, 0x00, 0x00, 0x00, 0x00, 0x00, 0x55, 0x05,
  0xc9, 0x0c, 0x86, 0x08, 0x86, 0x08, 0xa7, 0x0a, 0xff, 0x0f, 0xdd, 0x0c,
  0xcd, 0x0b, 0x67, 0x04, 0x67, 0x04, 0x97, 0x09, 0x77, 0x07, 0x33, 0x03,
  0x44, 0x03, 0x65, 0x04, 0x33, 0x02, 0x55, 0x04, 0x54, 0x04, 0x54, 0x04,
  0x64, 0x05, 0x64, 0x05, 0x65, 0x05, 0x55, 0x06, 0x44, 0x09, 0x44, 0x0a,
  0x44, 0x0b, 0x54, 0x0b, 0x53, 0x0b, 0x64, 0x0d, 0x75, 0x0e, 0x85, 0x0f,
  0x85, 0x0f, 0x75, 0x0e, 0x64, 0x0e, 0x64, 0x0e, 0x64, 0x0d, 0x75, 0x0b,
  0x54, 0x07, 0x64, 0x06, 0x65, 0x06, 0x65, 0x05, 0x75, 0x06, 0x54, 0x04,
  0x54, 0x04, 0x65, 0x06, 0x54, 0x04, 0x43, 0x04, 0x54, 0x05, 0x54, 0x04,
  0x54, 0x04, 0x43, 0x04, 0x54, 0x04, 0x33, 0x02, 0x33, 0x02, 0x55, 0x04,
  0x55, 0x04, 0x44, 0x04, 0x44, 0x04, 0x66, 0x06, 0x00, 0x00, 0x00, 0x00,
  0x00, 0x00, 0x00, 0x00, 0x00, 0x00, 0x00, 0x00, 0x00, 0x00, 0x00, 0x00,
  0x00, 0x00, 0x00, 0x00, 0x00, 0x00, 0x00, 0x00, 0x00, 0x00, 0x00, 0x00,
  0x00, 0x00, 0x00, 0x00, 0x00, 0x00, 0x00, 0x00, 0x00, 0x00, 0x00, 0x00,
  0x00, 0x00, 0x00, 0x00, 0x00, 0x00, 0x00, 0x00, 0x00, 0x00, 0x00, 0x00,
  0x00, 0x00, 0x00, 0x00, 0x00, 0x00, 0x00, 0x00, 0x00, 0x00, 0x00, 0x00,
  0x00, 0x00, 0x00, 0x00, 0x00, 0x00, 0x00, 0x00, 0x00, 0x00, 0x00, 0x00,
  0x00, 0x00, 0x00, 0x00, 0x00, 0x00, 0x00, 0x00, 0x00, 0x00, 0x00, 0x00,
  0x00, 0x00, 0x00, 0x00, 0x00, 0x00, 0x00, 0x00, 0x00, 0x00, 0x00, 0x00,
  0x00, 0x00, 0x00, 0x00, 0x00, 0x00, 0x00, 0x00, 0x00, 0x00, 0x00, 0x00,
  0x00, 0x00, 0x87, 0x07, 0xdb, 0x0e, 0xa7, 0x09, 0x85, 0x07, 0xb9, 0x0b,
  0xed, 0x0e, 0xcc, 0x0b, 0x99, 0x08, 0x66, 0x04, 0x55, 0x03, 0xa8, 0x0a,
  0x66, 0x05, 0x33, 0x03, 0x65, 0x04, 0x55, 0x03, 0x22, 0x02, 0x43, 0x03,
  0x54, 0x04, 0x54, 0x05, 0x54, 0x04, 0x97, 0x08, 0x66, 0x05, 0x66, 0x07,
  0x54, 0x0a, 0x54, 0x0b, 0x54, 0x0c, 0x54, 0x0c, 0x54, 0x0c, 0x54, 0x0c,
  0x54, 0x0c, 0x54, 0x0c, 0x64, 0x0d, 0x75, 0x0e, 0x85, 0x0f, 0x95, 0x0f,
  0x95, 0x0f, 0x75, 0x0e, 0x64, 0x0b, 0x53, 0x06, 0x64, 0x05, 0x64, 0x05,
  0x86, 0x08, 0x54, 0x05, 0x54, 0x04, 0x54, 0x04, 0x65, 0x06, 0x54, 0x04,
  0x43, 0x03, 0x44, 0x03, 0x44, 0x04, 0x76, 0x06, 0x65, 0x06, 0x44, 0x03,
  0x33, 0x02, 0x44, 0x03, 0x66, 0x05, 0x00, 0x00, 0x00, 0x00, 0x00, 0x00,
  0x00, 0x00, 0x00, 0x00, 0x00, 0x00, 0x00, 0x00, 0x00, 0x00, 0x00, 0x00,
  0x00, 0x00, 0x00, 0x00, 0x00, 0x00, 0x00, 0x00, 0x00, 0x00, 0x00, 0x00,
  0x00, 0x00, 0x00, 0x00, 0x00, 0x00, 0x00, 0x00, 0x00, 0x00, 0x00, 0x00,
  0x00, 0x00, 0x00, 0x00, 0x00, 0x00, 0x00, 0x00, 0x00, 0x00, 0x00, 0x00,
  0x00, 0x00, 0x00, 0x00, 0x00, 0x00, 0x00, 0x00, 0x00, 0x00, 0x00, 0x00,
  0x00, 0x00, 0x00, 0x00, 0x00, 0x00, 0x00, 0x00, 0x00, 0x00, 0x00, 0x00,
  0x00, 0x00, 0x00, 0x00, 0x00, 0x00, 0x00, 0x00, 0x00, 0x00, 0x00, 0x00,
  0x00, 0x00, 0x00, 0x00, 0x00, 0x00, 0x00, 0x00, 0x00, 0x00, 0x22, 0x02,
  0x33, 0x03, 0x22, 0x02, 0x77, 0x07, 0x00, 0x00, 0x00, 0x00, 0x00, 0x00,
  0x00, 0x00, 0x00, 0x00, 0x00, 0x00, 0xa8, 0x0a, 0xc9, 0x0c, 0x86, 0x07,
  0x85, 0x08, 0xeb, 0x0e, 0xa7, 0x0a, 0x87, 0x07, 0x65, 0x05, 0x66, 0x04,
  0x43, 0x03, 0x65, 0x06, 0x44, 0x03, 0x54, 0x04, 0x55, 0x04, 0x33, 0x03,
  0x22, 0x02, 0x43, 0x03, 0x54, 0x04, 0x65, 0x05, 0x54, 0x05, 0x76, 0x06,
  0x44, 0x04, 0x43, 0x04, 0x65, 0x09, 0x54, 0x0a, 0x43, 0x0b, 0x54, 0x0c,
  0x54, 0x0d, 0x54, 0x0d, 0x54, 0x0d, 0x64, 0x0e, 0x64, 0x0d, 0x54, 0x0d,
  0x54, 0x0d, 0x75, 0x0d, 0x86, 0x0d, 0x86, 0x0c, 0x96, 0x0c, 0x86, 0x0c,
  0x54, 0x08, 0x54, 0x06, 0x65, 0x06, 0x86, 0x07, 0x75, 0x06, 0x65, 0x06,
  0x65, 0x06, 0x55, 0x04, 0x43, 0x03, 0x54, 0x04, 0x43, 0x04, 0x54, 0x05,
  0x44, 0x04, 0x55, 0x03, 0x33, 0x02, 0x33, 0x02, 0x44, 0x03, 0x65, 0x05,
  0x44, 0x04, 0x00, 0x00, 0x00, 0x00, 0x00, 0x00, 0x00, 0x00, 0x00, 0x00,
  0x00, 0x00, 0x00, 0x00, 0x00, 0x00, 0x00, 0x00, 0x00, 0x00, 0x00, 0x00,
  0x00, 0x00, 0x00, 0x00, 0x00, 0x00, 0x00, 0x00, 0x00, 0x00, 0x00, 0x00,
  0x00, 0x00, 0x00, 0x00, 0x00, 0x00, 0x00, 0x00, 0x00, 0x00, 0x00, 0x00,
  0x00, 0x00, 0x00, 0x00, 0x00, 0x00, 0x00, 0x00, 0x00, 0x00, 0x00, 0x00,
  0x00, 0x00, 0x00, 0x00, 0x00, 0x00, 0x00, 0x00, 0x00, 0x00, 0x00, 0x00,
  0x00, 0x00, 0x00, 0x00, 0x00, 0x00, 0x00, 0x00, 0x00, 0x00, 0x00, 0x00,
  0x00, 0x00, 0x00, 0x00, 0x00, 0x00, 0x00, 0x00, 0x00, 0x00, 0x33, 0x02,
  0x44, 0x03, 0x45, 0x03, 0x44, 0x03, 0x33, 0x02, 0x33, 0x02, 0x33, 0x02,
  0x33, 0x02, 0x33, 0x02, 0x00, 0x00, 0x00, 0x00, 0x00, 0x00, 0x76, 0x07,
  0xa8, 0x0a, 0x86, 0x08, 0x75, 0x07, 0xa8, 0x0a, 0x85, 0x07, 0x75, 0x06,
  0x75, 0x06, 0x54, 0x04, 0x65, 0x06, 0x54, 0x04, 0x44, 0x03, 0x66, 0x05,
  0x33, 0x03, 0x33, 0x03, 0x22, 0x02, 0x33, 0x03, 0x65, 0x05, 0x43, 0x04,
  0x87, 0x07, 0x66, 0x06, 0x00, 0x00, 0x00, 0x00, 0x66, 0x08, 0x65, 0x0a,
  0x54, 0x0b, 0x43, 0x0c, 0x43, 0x0b, 0x54, 0x0c, 0x64, 0x0c, 0x64, 0x0d,
  0x75, 0x0e, 0x85, 0x0e, 0x97, 0x0c, 0x87, 0x08, 0x67, 0x04, 0x79, 0x05,
  0xa9, 0x0c, 0x87, 0x0e, 0xa8, 0x0f, 0x97, 0x0d, 0xa8, 0x0a, 0x78, 0x06,
  0x88, 0x07, 0x76, 0x06, 0x54, 0x05, 0x43, 0x03, 0x54, 0x04, 0x54, 0x04,
  0x43, 0x04, 0x65, 0x06, 0x54, 0x04, 0x44, 0x03, 0x32, 0x02, 0x32, 0x02,
  0x32, 0x02, 0x65, 0x05, 0x76, 0x07, 0x66, 0x06, 0x00, 0x00, 0x00, 0x00,
  0x00, 0x00, 0x00, 0x00, 0x00, 0x00, 0x00, 0x00, 0x00, 0x00, 0x00, 0x00,
  0x00, 0x00, 0x00, 0x00, 0x00, 0x00, 0x00, 0x00, 0x00, 0x00, 0x00, 0x00,
  0x00, 0x00, 0x00, 0x00, 0x00, 0x00, 0x00, 0x00, 0x00, 0x00, 0x00, 0x00,
  0x00, 0x00, 0x00, 0x00, 0x00, 0x00, 0x00, 0x00, 0x00, 0x00, 0x00, 0x00,
  0x00, 0x00, 0x00, 0x00, 0x00, 0x00, 0x00, 0x00, 0x00, 0x00, 0x00, 0x00,
  0x00, 0x00, 0x00, 0x00, 0x00, 0x00, 0x00, 0x00, 0x00, 0x00, 0x00, 0x00,
  0x00, 0x00, 0x00, 0x00, 0x00, 0x00, 0x00, 0x00, 0x00, 0x00, 0x00, 0x00,
  0x34, 0x03, 0x45, 0x03, 0x34, 0x02, 0x33, 0x02, 0x87, 0x07, 0x44, 0x03,
  0x45, 0x03, 0x46, 0x03, 0x44, 0x02, 0x44, 0x03, 0x22, 0x02, 0x22, 0x02,
  0x00, 0x00, 0x00, 0x00, 0x65, 0x05, 0x75, 0x07, 0xa7, 0x0a, 0xa8, 0x0a,
  0x97, 0x09, 0x86, 0x08, 0xa7, 0x09, 0x43, 0x04, 0x53, 0x04, 0x54, 0x04,
  0x65, 0x05, 0x54, 0x04, 0x33, 0x04, 0x22, 0x02, 0x32, 0x02, 0x44, 0x03,
  0x54, 0x04, 0x98, 0x09, 0x86, 0x07, 0x43, 0x04, 0x00, 0x00, 0x00, 0x00,
  0x33, 0x03, 0x66, 0x08, 0x55, 0x09, 0x54, 0x0a, 0x44, 0x0a, 0x43, 0x0b,
  0x44, 0x0b, 0x43, 0x0a, 0x54, 0x0a, 0x66, 0x08, 0x68, 0x04, 0x45, 0x02,
  0x57, 0x03, 0x8b, 0x04, 0xa9, 0x0c, 0x76, 0x0e, 0x76, 0x0f, 0x75, 0x0e,
  0x88, 0x0a, 0x34, 0x02, 0x34, 0x02, 0x67, 0x05, 0x55, 0x04, 0x43, 0x04,
  0x43, 0x03, 0x43, 0x04, 0x43, 0x03, 0x32, 0x03, 0x64, 0x05, 0x54, 0x05,
  0x33, 0x03, 0x33, 0x03, 0x33, 0x02, 0x22, 0x02, 0x43, 0x03, 0x65, 0x06,
  0x65, 0x05, 0x55, 0x05, 0x00, 0x00, 0x00, 0x00, 0x00, 0x00, 0x00, 0x00,
  0x00, 0x00, 0x00, 0x00, 0x00, 0x00, 0x00, 0x00, 0x00, 0x00, 0x00, 0x00,
  0x00, 0x00, 0x00, 0x00, 0x00, 0x00, 0x00, 0x00, 0x00, 0x00, 0x00, 0x00,
  0x00, 0x00, 0x00, 0x00, 0x00, 0x00, 0x00, 0x00, 0x00, 0x00, 0x00, 0x00,
  0x00, 0x00, 0x00, 0x00, 0x00, 0x00, 0x00, 0x00, 0x00, 0x00, 0x00, 0x00,
  0x00, 0x00, 0x00, 0x00, 0x00, 0x00, 0x00, 0x00, 0x00, 0x00, 0x00, 0x00,
  0x00, 0x00, 0x00, 0x00, 0x00, 0x00, 0x00, 0x00, 0x00, 0x00, 0x00, 0x00,
  0x00, 0x00, 0x34, 0x02, 0x78, 0x06, 0x46, 0x03, 0x45, 0x02, 0x44, 0x02,
  0x67, 0x05, 0x45, 0x03, 0x45, 0x03, 0x45, 0x02, 0x34, 0x02, 0x44, 0x03,
  0x55, 0x04, 0x33, 0x02, 0x00, 0x00, 0x00, 0x00, 0x44, 0x04, 0x86, 0x08,
  0x85, 0x07, 0xa7, 0x0a, 0x86, 0x08, 0x75, 0x07, 0xa7, 0x09, 0x64, 0x05,
  0x76, 0x07, 0x76, 0x06, 0x76, 0x07, 0x33, 0x05, 0x33, 0x05, 0x32, 0x02,
  0x32, 0x02, 0x55, 0x04, 0x43, 0x04, 0x97, 0x08, 0x65, 0x05, 0x00, 0x00,
  0x00, 0x00, 0x00, 0x00, 0x00, 0x00, 0x43, 0x04, 0x55, 0x08, 0x44, 0x0a,
  0x54, 0x0a, 0x54, 0x0b, 0x54, 0x0b, 0x54, 0x0b, 0x76, 0x09, 0x79, 0x04,
  0x44, 0x03, 0x46, 0x03, 0x69, 0x04, 0x7b, 0x04, 0x98, 0x0c, 0x65, 0x0e,
  0x65, 0x0e, 0x86, 0x0e, 0x86, 0x09, 0x33, 0x02, 0x33, 0x02, 0x33, 0x02,
  0x55, 0x04, 0x44, 0x03, 0x43, 0x04, 0x44, 0x04, 0x44, 0x04, 0x43, 0x03,
  0x54, 0x04, 0x54, 0x05, 0x53, 0x04, 0x87, 0x08, 0x65, 0x05, 0x33, 0x03,
  0x33, 0x02, 0x33, 0x03, 0x54, 0x05, 0x76, 0x07, 0x55, 0x03, 0x00, 0x00,
  0x00, 0x00, 0x00, 0x00, 0x00, 0x00, 0x00, 0x00, 0x00, 0x00, 0x00, 0x00,
  0x00, 0x00, 0x00, 0x00, 0x00, 0x00, 0x00, 0x00, 0x00, 0x00, 0x00, 0x00,
  0x00, 0x00, 0x00, 0x00, 0x00, 0x00, 0x00, 0x00, 0x00, 0x00, 0x00, 0x00,
  0x00, 0x00, 0x00, 0x00, 0x00, 0x00, 0x00, 0x00, 0x00, 0x00, 0x00, 0x00,
  0x00, 0x00, 0x00, 0x00, 0x00, 0x00, 0x00, 0x00, 0x00, 0x00, 0x00, 0x00,
  0x00, 0x00, 0x00, 0x00, 0x00, 0x00, 0x00, 0x00, 0x00, 0x00, 0x00, 0x00,
  0x00, 0x00, 0x00, 0x00, 0x33, 0x03, 0x45, 0x03, 0x68, 0x04, 0x46, 0x03,
  0x34, 0x02, 0x45, 0x02, 0x46, 0x03, 0x66, 0x05, 0x45, 0x02, 0x56, 0x03,
  0x34, 0x02, 0x45, 0x03, 0x67, 0x04, 0x34, 0x02, 0x11, 0x01, 0x00, 0x00,
  0x00, 0x00, 0x86, 0x08, 0x96, 0x09, 0x97, 0x09, 0x97, 0x08, 0x75, 0x07,
  0x86, 0x08, 0x65, 0x06, 0x97, 0x09, 0x76, 0x06, 0x32, 0x04, 0x54, 0x09,
  0x33, 0x06, 0x32, 0x02, 0x33, 0x02, 0x65, 0x06, 0x75, 0x07, 0x76, 0x06,
  0x55, 0x05, 0x00, 0x00, 0x00, 0x00, 0x00, 0x00, 0x00, 0x00, 0x70, 0x07,
  0x44, 0x05, 0x54, 0x08, 0x44, 0x09, 0x43, 0x0b, 0x54, 0x0c, 0x64, 0x0b,
  0x78, 0x06, 0x46, 0x03, 0x45, 0x03, 0x57, 0x03, 0x69, 0x03, 0x7a, 0x04,
  0x87, 0x0c, 0x44, 0x0e, 0x54, 0x0e, 0x76, 0x0e, 0x65, 0x09, 0x33, 0x02,
  0x67, 0x04, 0x45, 0x03, 0x44, 0x03, 0x56, 0x05, 0x44, 0x04, 0x33, 0x03,
  0x43, 0x03, 0x43, 0x03, 0x54, 0x05, 0x54, 0x04, 0x54, 0x04, 0x44, 0x04,
  0x55, 0x04, 0x33, 0x02, 0x33, 0x02, 0x33, 0x02, 0x32, 0x03, 0x65, 0x06,
  0x97, 0x08, 0x54, 0x05, 0x00, 0x00, 0x00, 0x00, 0x00, 0x00, 0x00, 0x00,
  0x00, 0x00, 0x00, 0x00, 0x00, 0x00, 0x00, 0x00, 0x00, 0x00, 0x00, 0x00,
  0x00, 0x00, 0x00, 0x00, 0x00, 0x00, 0x00, 0x00, 0x00, 0x00, 0x00, 0x00,
  0x00, 0x00, 0x00, 0x00, 0x00, 0x00, 0x00, 0x00, 0x00, 0x00, 0x00, 0x00,
  0x00, 0x00, 0x00, 0x00, 0x00, 0x00, 0x00, 0x00, 0x00, 0x00, 0x00, 0x00,
  0x00, 0x00, 0x00, 0x00, 0x00, 0x00, 0x00, 0x00, 0x00, 0x00, 0x00, 0x00,
  0x00, 0x00, 0x00, 0x00, 0x00, 0x00, 0x00, 0x00, 0x34, 0x03, 0x56, 0x03,
  0x67, 0x04, 0x45, 0x02, 0x34, 0x02, 0x34, 0x02, 0x44, 0x02, 0x55, 0x04,
  0x45, 0x02, 0x46, 0x03, 0x44, 0x03, 0x44, 0x03, 0x66, 0x05, 0x55, 0x04,
  0x43, 0x03, 0x00, 0x00, 0x00, 0x00, 0xa8, 0x0a, 0xa8, 0x0a, 0xa7, 0x0a,
  0x75, 0x07, 0x96, 0x08, 0x64, 0x06, 0x76, 0x06, 0x86, 0x07, 0x77, 0x07,
  0x32, 0x05, 0x65, 0x0c, 0x43, 0x06, 0x22, 0x02, 0x33, 0x02, 0x65, 0x06,
  0x76, 0x06, 0x44, 0x04, 0x00, 0x00, 0x00, 0x00, 0x00, 0x00, 0x00, 0x00,
  0x00, 0x00, 0x00, 0x00, 0x00, 0x00, 0x33, 0x04, 0x54, 0x08, 0x43, 0x0a,
  0x43, 0x0a, 0x55, 0x08, 0x67, 0x04, 0x34, 0x02, 0x34, 0x02, 0x56, 0x03,
  0x69, 0x03, 0x69, 0x04, 0x77, 0x0c, 0x44, 0x0d, 0x44, 0x0d, 0x65, 0x0e,
  0x54, 0x09, 0x45, 0x03, 0x89, 0x06, 0x67, 0x05, 0x44, 0x02, 0x78, 0x06,
  0x44, 0x03, 0x44, 0x04, 0x33, 0x03, 0x33, 0x03, 0x43, 0x03, 0x65, 0x05,
  0x65, 0x05, 0x54, 0x05, 0x44, 0x04, 0x43, 0x03, 0x32, 0x02, 0x33, 0x02,
  0x44, 0x03, 0x43, 0x03, 0x65, 0x06, 0x87, 0x08, 0x00, 0x00, 0x00, 0x00,
  0x00, 0x00, 0x00, 0x00, 0x00, 0x00, 0x00, 0x00, 0x00, 0x00, 0x00, 0x00,
  0x00, 0x00, 0x00, 0x00, 0x00, 0x00, 0x00, 0x00, 0x00, 0x00, 0x00, 0x00,
  0x00, 0x00, 0x00, 0x00, 0x00, 0x00, 0x00, 0x00, 0x00, 0x00, 0x00, 0x00,
  0x00, 0x00, 0x00, 0x00, 0x00, 0x00, 0x00, 0x00, 0x00, 0x00, 0x00, 0x00,
  0x00, 0x00, 0x00, 0x00, 0x00, 0x00, 0x00, 0x00, 0x00, 0x00, 0x00, 0x00,
  0x00, 0x00, 0x00, 0x00, 0x00, 0x00, 0x00, 0x00, 0x00, 0x00, 0x00, 0x00,
  0x34, 0x02, 0x45, 0x03, 0x45, 0x03, 0x44, 0x03, 0x55, 0x04, 0x55, 0x04,
  0x55, 0x04, 0x55, 0x04, 0x76, 0x07, 0x97, 0x08, 0x87, 0x08, 0x97, 0x09,
  0x86, 0x08, 0x54, 0x04, 0x33, 0x03, 0x33, 0x03, 0x00, 0x00, 0xca, 0x0c,
  0x87, 0x08, 0xa7, 0x0a, 0x86, 0x07, 0x75, 0x06, 0x86, 0x07, 0x43, 0x04,
  0xa8, 0x0a, 0xaa, 0x0a, 0x43, 0x06, 0x65, 0x0d, 0x33, 0x05, 0x32, 0x02,
  0x22, 0x02, 0x65, 0x06, 0x76, 0x07, 0x33, 0x03, 0x00, 0x00, 0x00, 0x00,
  0x00, 0x00, 0x00, 0x00, 0x00, 0x00, 0x00, 0x00, 0x00, 0x00, 0x00, 0x00,
  0x44, 0x06, 0x54, 0x09, 0x43, 0x09, 0x55, 0x06, 0x46, 0x02, 0x34, 0x02,
  0x45, 0x02, 0x57, 0x03, 0x6a, 0x03, 0x6a, 0x04, 0x65, 0x0c, 0x44, 0x0d,
  0x44, 0x0d, 0x65, 0x0e, 0x54, 0x09, 0x56, 0x03, 0x89, 0x07, 0x78, 0x05,
  0x34, 0x02, 0x68, 0x05, 0x33, 0x03, 0x33, 0x03, 0x33, 0x02, 0x33, 0x02,
  0x44, 0x04, 0x54, 0x04, 0x43, 0x03, 0x54, 0x04, 0x54, 0x04, 0x32, 0x03,
  0x33, 0x02, 0x33, 0x02, 0x44, 0x03, 0x55, 0x04, 0x54, 0x05, 0x87, 0x07,
  0x00, 0x00, 0x00, 0x00, 0x00, 0x00, 0x00, 0x00, 0x00, 0x00, 0x00, 0x00,
  0x00, 0x00, 0x00, 0x00, 0x00, 0x00, 0x00, 0x00, 0x00, 0x00, 0x00, 0x00,
  0x00, 0x00, 0x00, 0x00, 0x00, 0x00, 0x00, 0x00, 0x00, 0x00, 0x00, 0x00,
  0x00, 0x00, 0x00, 0x00, 0x00, 0x00, 0x00, 0x00, 0x00, 0x00, 0x00, 0x00,
  0x00, 0x00, 0x00, 0x00, 0x00, 0x00, 0x00, 0x00, 0x00, 0x00, 0x00, 0x00,
  0x00, 0x00, 0x00, 0x00, 0x00, 0x00, 0x00, 0x00, 0x00, 0x00, 0x00, 0x00,
  0x00, 0x00, 0x00, 0x00, 0x45, 0x04, 0x33, 0x02, 0x55, 0x04, 0x66, 0x04,
  0x55, 0x04, 0x65, 0x04, 0x66, 0x04, 0x76, 0x05, 0xba, 0x0b, 0xa8, 0x09,
  0x97, 0x07, 0x96, 0x08, 0x86, 0x08, 0x55, 0x04, 0x34, 0x03, 0x34, 0x03,
  0x00, 0x00, 0x98, 0x09, 0x77, 0x07, 0x65, 0x06, 0x54, 0x05, 0x33, 0x03,
  0x33, 0x03, 0x00, 0x00, 0x97, 0x09, 0x76, 0x06, 0x54, 0x07, 0x65, 0x0d,
  0x33, 0x05, 0x32, 0x02, 0x43, 0x03, 0x75, 0x06, 0x87, 0x07, 0x00, 0x00,
  0x00, 0x00, 0x00, 0x00, 0x00, 0x00, 0x00, 0x00, 0x00, 0x00, 0x00, 0x00,
  0x00, 0x00, 0x00, 0x00, 0x43, 0x05, 0x54, 0x07, 0x54, 0x09, 0x66, 0x07,
  0x46, 0x02, 0x34, 0x02, 0x45, 0x02, 0x68, 0x03, 0x7b, 0x03, 0x7a, 0x04,
  0x65, 0x0c, 0x44, 0x0d, 0x44, 0x0d, 0x54, 0x0d, 0x55, 0x08, 0x57, 0x04,
  0xab, 0x09, 0x78, 0x05, 0x45, 0x02, 0x56, 0x04, 0x33, 0x03, 0x33, 0x03,
  0x33, 0x02, 0x33, 0x02, 0x43, 0x03, 0x54, 0x04, 0x55, 0x05, 0x54, 0x04,
  0x44, 0x04, 0x65, 0x05, 0x97, 0x08, 0x54, 0x04, 0x44, 0x03, 0x44, 0x04,
  0x66, 0x06, 0x77, 0x06, 0x00, 0x00, 0x00, 0x00, 0x00, 0x00, 0x00, 0x00,
  0x00, 0x00, 0x00, 0x00, 0x00, 0x00, 0x00, 0x00, 0x00, 0x00, 0x00, 0x00,
  0x00, 0x00, 0x00, 0x00, 0x00, 0x00, 0x00, 0x00, 0x00, 0x00, 0x00, 0x00,
  0x00, 0x00, 0x00, 0x00, 0x00, 0x00, 0x00, 0x00, 0x00, 0x00, 0x00, 0x00,
  0x00, 0x00, 0x00, 0x00, 0x00, 0x00, 0x00, 0x00, 0x00, 0x00, 0x00, 0x00,
  0x00, 0x00, 0x00, 0x00, 0x00, 0x00, 0x00, 0x00, 0x00, 0x00, 0x00, 0x00,
  0x00, 0x00, 0x00, 0x00, 0x00, 0x00, 0x00, 0x00, 0x57, 0x04, 0x34, 0x01,
  0x34, 0x02, 0x66, 0x04, 0x66, 0x04, 0x55, 0x04, 0x66, 0x04, 0x76, 0x05,
  0xa8, 0x09, 0x98, 0x08, 0x87, 0x07, 0x76, 0x07, 0x86, 0x0b, 0x33, 0x03,
  0x55, 0x05, 0x54, 0x04, 0x00, 0x00, 0x33, 0x03, 0x33, 0x03, 0x00, 0x00,
  0x00, 0x00, 0x00, 0x00, 0x55, 0x05, 0x98, 0x0a, 0x55, 0x06, 0x55, 0x05,
  0x53, 0x08, 0x65, 0x0b, 0x32, 0x04, 0x32, 0x02, 0x54, 0x05, 0x76, 0x07,
  0x87, 0x07, 0x00, 0x00, 0x00, 0x00, 0x00, 0x00, 0x00, 0x00, 0x00, 0x00,
  0x00, 0x00, 0x00, 0x00, 0x00, 0x00, 0x00, 0x00, 0x00, 0x00, 0x44, 0x05,
  0x54, 0x09, 0x56, 0x06, 0x46, 0x03, 0x34, 0x02, 0x45, 0x02, 0x69, 0x03,
  0x7b, 0x03, 0x7a, 0x04, 0x65, 0x0c, 0x44, 0x0c, 0x44, 0x0d, 0x54, 0x0d,
  0x66, 0x09, 0x67, 0x04, 0x79, 0x04, 0x79, 0x05, 0x46, 0x02, 0x56, 0x03,
  0x44, 0x03, 0x33, 0x03, 0x33, 0x03, 0x33, 0x03, 0x33, 0x03, 0x44, 0x03,
  0x54, 0x04, 0x43, 0x03, 0x44, 0x04, 0x43, 0x04, 0x55, 0x05, 0x44, 0x04,
  0x55, 0x05, 0x00, 0x00, 0x00, 0x00, 0x00, 0x00, 0x00, 0x00, 0x00, 0x00,
  0x00, 0x00, 0x00, 0x00, 0x00, 0x00, 0x00, 0x00, 0x00, 0x00, 0x00, 0x00,
  0x00, 0x00, 0x00, 0x00, 0x00, 0x00, 0x00, 0x00, 0x00, 0x00, 0x00, 0x00,
  0x00, 0x00, 0x00, 0x00, 0x00, 0x00, 0x00, 0x00, 0x00, 0x00, 0x00, 0x00,
  0x00, 0x00, 0x00, 0x00, 0x00, 0x00, 0x00, 0x00, 0x00, 0x00, 0x00, 0x00,
  0x00, 0x00, 0x00, 0x00, 0x00, 0x00, 0x00, 0x00, 0x00, 0x00, 0x00, 0x00,
  0x00, 0x00, 0x00, 0x00, 0x00, 0x00, 0x00, 0x00, 0x00, 0x00, 0x33, 0x03,
  0x68, 0x05, 0x34, 0x02, 0x33, 0x02, 0x55, 0x05, 0x45, 0x03, 0x66, 0x04,
  0x65, 0x04, 0x66, 0x05, 0x76, 0x06, 0x66, 0x05, 0x43, 0x04, 0x65, 0x08,
  0xa8, 0x0e, 0x32, 0x02, 0x65, 0x05, 0x76, 0x06, 0x55, 0x05, 0x00, 0x00,
  0x00, 0x00, 0x00, 0x00, 0x98, 0x08, 0x55, 0x05, 0x87, 0x09, 0xcb, 0x0e,
  0x54, 0x07, 0x43, 0x04, 0x55, 0x09, 0xa8, 0x0c, 0x43, 0x04, 0x32, 0x02,
  0x54, 0x04, 0x77, 0x06, 0x44, 0x03, 0x00, 0x00, 0x00, 0x00, 0x00, 0x00,
  0x00, 0x00, 0x00, 0x00, 0x00, 0x00, 0x00, 0x00, 0x00, 0x00, 0x00, 0x00,
  0x00, 0x00, 0x00, 0x00, 0x55, 0x06, 0x66, 0x06, 0x45, 0x03, 0x34, 0x02,
  0x45, 0x03, 0x68, 0x03, 0x6a, 0x03, 0x79, 0x04, 0x55, 0x0c, 0x43, 0x0b,
  0x43, 0x0b, 0x54, 0x0d, 0x66, 0x09, 0x69, 0x04, 0x69, 0x04, 0x69, 0x04,
  0x57, 0x03, 0x57, 0x03, 0x45, 0x03, 0x44, 0x03, 0x44, 0x03, 0x33, 0x03,
  0x33, 0x03, 0x43, 0x03, 0x44, 0x03, 0x54, 0x05, 0x65, 0x05, 0x54, 0x04,
  0x44, 0x03, 0x44, 0x03, 0x77, 0x07, 0x00, 0x00, 0x00, 0x00, 0x00, 0x00,
  0x00, 0x00, 0x00, 0x00, 0x00, 0x00, 0x00, 0x00, 0x00, 0x00, 0x00, 0x00,
  0x00, 0x00, 0x00, 0x00, 0x00, 0x00, 0x00, 0x00, 0x00, 0x00, 0x00, 0x00,
  0x00, 0x00, 0x00, 0x00, 0x00, 0x00, 0x00, 0x00, 0x00, 0x00, 0x00, 0x00,
  0x00, 0x00, 0x00, 0x00, 0x00, 0x00, 0x00, 0x00, 0x00, 0x00, 0x00, 0x00,
  0x00, 0x00, 0x00, 0x00, 0x00, 0x00, 0x00, 0x00, 0x00, 0x00, 0x00, 0x00,
  0x00, 0x00, 0x00, 0x00, 0x00, 0x00, 0x00, 0x00, 0x00, 0x00, 0x00, 0x00,
  0x00, 0x00, 0x56, 0x04, 0x56, 0x04, 0x35, 0x02, 0x34, 0x02, 0x77, 0x07,
  0x44, 0x03, 0x44, 0x03, 0x34, 0x03, 0x33, 0x04, 0x33, 0x05, 0x33, 0x03,
  0x44, 0x05, 0x76, 0x09, 0xb8, 0x0e, 0x33, 0x03, 0x44, 0x04, 0x86, 0x07,
  0x63, 0x03, 0x00, 0x00, 0x00, 0x00, 0x33, 0x03, 0xcc, 0x0c, 0x88, 0x08,
  0x97, 0x0c, 0x76, 0x0a, 0x32, 0x05, 0x33, 0x07, 0x54, 0x09, 0xb9, 0x0d,
  0x66, 0x06, 0x22, 0x02, 0x54, 0x04, 0x77, 0x06, 0x55, 0x05, 0x00, 0x00,
  0x00, 0x00, 0x00, 0x00, 0x00, 0x00, 0x00, 0x00, 0x00, 0x00, 0x00, 0x00,
  0x00, 0x00, 0x00, 0x00, 0x00, 0x00, 0x00, 0x00, 0x00, 0x00, 0x78, 0x06,
  0x56, 0x03, 0x78, 0x06, 0x78, 0x06, 0x78, 0x05, 0x68, 0x04, 0x68, 0x04,
  0x55, 0x07, 0x44, 0x07, 0x44, 0x09, 0x55, 0x09, 0x66, 0x06, 0x57, 0x03,
  0x57, 0x03, 0x67, 0x04, 0x68, 0x05, 0x9a, 0x08, 0x66, 0x05, 0x33, 0x03,
  0x44, 0x03, 0x43, 0x03, 0x44, 0x03, 0x33, 0x03, 0x44, 0x04, 0x43, 0x03,
  0x54, 0x04, 0x65, 0x05, 0x43, 0x03, 0x43, 0x03, 0x00, 0x00, 0x00, 0x00,
  0x00, 0x00, 0x00, 0x00, 0x00, 0x00, 0x00, 0x00, 0x00, 0x00, 0x00, 0x00,
  0x00, 0x00, 0x00, 0x00, 0x00, 0x00, 0x00, 0x00, 0x00, 0x00, 0x00, 0x00,
  0x00, 0x00, 0x00, 0x00, 0x00, 0x00, 0x00, 0x00, 0x00, 0x00, 0x00, 0x00,
  0x00, 0x00, 0x00, 0x00, 0x00, 0x00, 0x00, 0x00, 0x00, 0x00, 0x00, 0x00,
  0x00, 0x00, 0x00, 0x00, 0x00, 0x00, 0x00, 0x00, 0x00, 0x00, 0x00, 0x00,
  0x00, 0x00, 0x00, 0x00, 0x00, 0x00, 0x00, 0x00, 0x00, 0x00, 0x00, 0x00,
  0x00, 0x00, 0x00, 0x00, 0x00, 0x00, 0x55, 0x04, 0x45, 0x03, 0x45, 0x02,
  0x34, 0x02, 0x89, 0x09, 0x67, 0x06, 0x44, 0x04, 0x44, 0x04, 0x54, 0x08,
  0x66, 0x0a, 0x43, 0x05, 0x44, 0x06, 0x76, 0x0a, 0x76, 0x0c, 0x44, 0x06,
  0x54, 0x05, 0x65, 0x05, 0x33, 0x03, 0x00, 0x00, 0x00, 0x00, 0x00, 0x00,
  0xbb, 0x0b, 0xaa, 0x0b, 0x87, 0x0d, 0x33, 0x05, 0x22, 0x04, 0x54, 0x0a,
  0x43, 0x09, 0x97, 0x0c, 0x99, 0x09, 0x54, 0x05, 0x54, 0x05, 0x87, 0x06,
  0x00, 0x00, 0x00, 0x00, 0x00, 0x00, 0x00, 0x00, 0x00, 0x00, 0x00, 0x00,
  0x00, 0x00, 0x00, 0x00, 0x00, 0x00, 0x00, 0x00, 0x00, 0x00, 0x00, 0x00,
  0x00, 0x00, 0x67, 0x05, 0x68, 0x05, 0x46, 0x03, 0x34, 0x02, 0x33, 0x02,
  0x34, 0x02, 0x45, 0x02, 0x45, 0x03, 0x45, 0x03, 0x44, 0x03, 0x45, 0x03,
  0x45, 0x03, 0x45, 0x03, 0x34, 0x02, 0x34, 0x02, 0x45, 0x02, 0x67, 0x04,
  0x89, 0x06, 0x44, 0x03, 0x44, 0x03, 0x33, 0x02, 0x44, 0x03, 0x44, 0x04,
  0x54, 0x04, 0x43, 0x03, 0x54, 0x04, 0x54, 0x04, 0x55, 0x05, 0x44, 0x03,
  0x77, 0x07, 0x00, 0x00, 0x00, 0x00, 0x00, 0x00, 0x00, 0x00, 0x00, 0x00,
  0x00, 0x00, 0x00, 0x00, 0x00, 0x00, 0x00, 0x00, 0x00, 0x00, 0x00, 0x00,
  0x00, 0x00, 0x00, 0x00, 0x00, 0x00, 0x00, 0x00, 0x00, 0x00, 0x00, 0x00,
  0x00, 0x00, 0x00, 0x00, 0x00, 0x00, 0x00, 0x00, 0x00, 0x00, 0x00, 0x00,
  0x00, 0x00, 0x00, 0x00, 0x00, 0x00, 0x00, 0x00, 0x00, 0x00, 0x00, 0x00,
  0x00, 0x00, 0x00, 0x00, 0x00, 0x00, 0x00, 0x00, 0x00, 0x00, 0x00, 0x00,
  0x00, 0x00, 0x00, 0x00, 0x00, 0x00, 0x00, 0x00, 0x00, 0x00, 0x34, 0x02,
  0x45, 0x03, 0x44, 0x02, 0x45, 0x04, 0x98, 0x0a, 0x77, 0x0a, 0x43, 0x08,
  0x54, 0x08, 0x76, 0x0c, 0x65, 0x0c, 0x75, 0x0c, 0x54, 0x0a, 0x44, 0x0a,
  0x55, 0x0b, 0x66, 0x08, 0x54, 0x05, 0x76, 0x07, 0x00, 0x00, 0x00, 0x00,
  0x00, 0x00, 0x00, 0x00, 0x87, 0x08, 0x97, 0x0b, 0x76, 0x0d, 0x44, 0x05,
  0x22, 0x02, 0x54, 0x09, 0x54, 0x0b, 0x96, 0x0a, 0x85, 0x07, 0x76, 0x06,
  0x65, 0x05, 0x77, 0x06, 0x33, 0x03, 0x00, 0x00, 0x00, 0x00, 0x00, 0x00,
  0x00, 0x00, 0x00, 0x00, 0x00, 0x00, 0x00, 0x00, 0x00, 0x00, 0x00, 0x00,
  0x00, 0x00, 0x00, 0x00, 0x55, 0x05, 0x66, 0x04, 0x68, 0x04, 0x45, 0x03,
  0x32, 0x03, 0x33, 0x03, 0x22, 0x02, 0x22, 0x02, 0x22, 0x02, 0x32, 0x03,
  0x44, 0x06, 0x33, 0x04, 0x22, 0x02, 0x33, 0x02, 0x33, 0x03, 0x43, 0x05,
  0x34, 0x02, 0x67, 0x04, 0x78, 0x05, 0x44, 0x04, 0x33, 0x03, 0x33, 0x03,
  0x33, 0x03, 0x44, 0x04, 0x44, 0x04, 0x54, 0x05, 0x54, 0x04, 0x54, 0x04,
  0x44, 0x04, 0x44, 0x04, 0x77, 0x07, 0x00, 0x00, 0x00, 0x00, 0x00, 0x00,
  0x00, 0x00, 0x00, 0x00, 0x00, 0x00, 0x00, 0x00, 0x00, 0x00, 0x00, 0x00,
  0x00, 0x00, 0x00, 0x00, 0x00, 0x00, 0x00, 0x00, 0x00, 0x00, 0x00, 0x00,
  0x00, 0x00, 0x00, 0x00, 0x00, 0x00, 0x00, 0x00, 0x00, 0x00, 0x00, 0x00,
  0x00, 0x00, 0x00, 0x00, 0x00, 0x00, 0x00, 0x00, 0x00, 0x00, 0x00, 0x00,
  0x00, 0x00, 0x00, 0x00, 0x00, 0x00, 0x00, 0x00, 0x00, 0x00, 0x00, 0x00,
  0x00, 0x00, 0x00, 0x00, 0x00, 0x00, 0x00, 0x00, 0x00, 0x00, 0x00, 0x00,
  0x00, 0x00, 0x00, 0x00, 0x44, 0x03, 0x45, 0x03, 0x56, 0x04, 0x99, 0x0b,
  0x54, 0x09, 0x44, 0x0b, 0x54, 0x0b, 0x65, 0x0b, 0x54, 0x0a, 0x75, 0x0c,
  0x54, 0x0c, 0x44, 0x0c, 0x76, 0x0d, 0x43, 0x07, 0x54, 0x07, 0x43, 0x04,
  0x70, 0x00, 0x00, 0x00, 0x00, 0x00, 0x00, 0x00, 0x65, 0x06, 0x86, 0x0c,
  0x65, 0x0c, 0x55, 0x05, 0x54, 0x04, 0x54, 0x07, 0x66, 0x0a, 0xa8, 0x0b,
  0x75, 0x07, 0x54, 0x04, 0x77, 0x06, 0x66, 0x05, 0x22, 0x01, 0x00, 0x00,
  0x00, 0x00, 0x00, 0x00, 0x00, 0x00, 0x00, 0x00, 0x00, 0x00, 0x00, 0x00,
  0x00, 0x00, 0x00, 0x00, 0x00, 0x00, 0x00, 0x00, 0x66, 0x05, 0x56, 0x04,
  0x57, 0x03, 0x56, 0x04, 0x54, 0x07, 0x44, 0x05, 0x55, 0x04, 0x44, 0x03,
  0x33, 0x04, 0x32, 0x03, 0x44, 0x07, 0x32, 0x04, 0x44, 0x04, 0x43, 0x04,
  0x44, 0x06, 0x66, 0x08, 0x33, 0x03, 0x78, 0x05, 0x67, 0x05, 0x44, 0x03,
  0x33, 0x03, 0x33, 0x03, 0x33, 0x03, 0x43, 0x03, 0x44, 0x04, 0x44, 0x04,
  0x65, 0x05, 0x43, 0x03, 0x44, 0x04, 0x44, 0x04, 0x77, 0x07, 0x00, 0x00,
  0x00, 0x00, 0x00, 0x00, 0x00, 0x00, 0x00, 0x00, 0x00, 0x00, 0x00, 0x00,
  0x00, 0x00, 0x00, 0x00, 0x00, 0x00, 0x00, 0x00, 0x00, 0x00, 0x00, 0x00,
  0x00, 0x00, 0x00, 0x00, 0x00, 0x00, 0x00, 0x00, 0x00, 0x00, 0x00, 0x00,
  0x00, 0x00, 0x00, 0x00, 0x00, 0x00, 0x00, 0x00, 0x00, 0x00, 0x00, 0x00,
  0x00, 0x00, 0x00, 0x00, 0x00, 0x00, 0x00, 0x00, 0x00, 0x00, 0x00, 0x00,
  0x00, 0x00, 0x00, 0x00, 0x00, 0x00, 0x00, 0x00, 0x00, 0x00, 0x00, 0x00,
  0x00, 0x00, 0x00, 0x00, 0x00, 0x00, 0x00, 0x00, 0x33, 0x02, 0x34, 0x02,
  0x67, 0x05, 0x88, 0x0a, 0x77, 0x0b, 0x54, 0x0a, 0x55, 0x08, 0x76, 0x09,
  0x65, 0x08, 0x76, 0x0a, 0x44, 0x09, 0x54, 0x0c, 0x76, 0x0e, 0x43, 0x07,
  0x65, 0x09, 0x33, 0x04, 0x00, 0x00, 0x00, 0x00, 0x00, 0x00, 0x00, 0x00,
  0x43, 0x04, 0x75, 0x0c, 0x44, 0x0b, 0x75, 0x07, 0x65, 0x06, 0x65, 0x06,
  0x54, 0x05, 0x65, 0x06, 0x64, 0x05, 0x86, 0x08, 0x65, 0x05, 0x66, 0x05,
  0x00, 0x00, 0x00, 0x00, 0x00, 0x00, 0x00, 0x00, 0x00, 0x00, 0x00, 0x00,
  0x00, 0x00, 0x00, 0x00, 0x00, 0x00, 0x00, 0x00, 0x00, 0x00, 0x00, 0x00,
  0x44, 0x04, 0x56, 0x04, 0x45, 0x02, 0x68, 0x03, 0x65, 0x08, 0x54, 0x08,
  0x43, 0x07, 0x43, 0x08, 0x54, 0x09, 0x54, 0x07, 0x65, 0x0b, 0x65, 0x09,
  0x44, 0x06, 0x54, 0x09, 0x87, 0x0d, 0x87, 0x0b, 0x34, 0x03, 0x78, 0x04,
  0x67, 0x05, 0x44, 0x03, 0x33, 0x03, 0x33, 0x03, 0x33, 0x03, 0x33, 0x02,
  0x44, 0x03, 0x43, 0x03, 0x44, 0x04, 0x43, 0x03, 0x54, 0x04, 0x44, 0x04,
  0x77, 0x07, 0x00, 0x00, 0x00, 0x00, 0x00, 0x00, 0x00, 0x00, 0x00, 0x00,
  0x00, 0x00, 0x00, 0x00, 0x00, 0x00, 0x00, 0x00, 0x00, 0x00, 0x00, 0x00,
  0x00, 0x00, 0x00, 0x00, 0x00, 0x00, 0x00, 0x00, 0x00, 0x00, 0x00, 0x00,
  0x00, 0x00, 0x00, 0x00, 0x00, 0x00, 0x00, 0x00, 0x00, 0x00, 0x00, 0x00,
  0x00, 0x00, 0x00, 0x00, 0x00, 0x00, 0x00, 0x00, 0x00, 0x00, 0x00, 0x00,
  0x00, 0x00, 0x00, 0x00, 0x00, 0x00, 0x00, 0x00, 0x00, 0x00, 0x00, 0x00,
  0x00, 0x00, 0x00, 0x00, 0x00, 0x00, 0x00, 0x00, 0x00, 0x00, 0x00, 0x00,
  0x33, 0x03, 0x44, 0x03, 0x44, 0x04, 0x87, 0x09, 0x87, 0x0a, 0x44, 0x06,
  0x55, 0x06, 0x44, 0x05, 0x54, 0x05, 0x77, 0x08, 0x65, 0x07, 0x55, 0x0a,
  0x75, 0x0e, 0x65, 0x0b, 0x32, 0x03, 0x00, 0x00, 0x00, 0x00, 0x00, 0x00,
  0x00, 0x00, 0x00, 0x00, 0x54, 0x08, 0x55, 0x0d, 0x54, 0x0a, 0x64, 0x05,
  0x76, 0x06, 0x76, 0x07, 0x86, 0x07, 0x75, 0x06, 0x86, 0x07, 0x65, 0x05,
  0x65, 0x05, 0x88, 0x06, 0x79, 0x05, 0x8a, 0x06, 0x9a, 0x07, 0x9a, 0x07,
  0x9a, 0x07, 0x99, 0x07, 0x67, 0x06, 0x00, 0x00, 0x00, 0x00, 0x00, 0x00,
  0x00, 0x00, 0x00, 0x00, 0x33, 0x03, 0x67, 0x05, 0x45, 0x02, 0x57, 0x03,
  0x88, 0x08, 0x77, 0x0a, 0x55, 0x0b, 0x54, 0x0a, 0x33, 0x05, 0x54, 0x07,
  0x65, 0x0c, 0x65, 0x0c, 0x65, 0x0d, 0x65, 0x0d, 0x86, 0x0d, 0x55, 0x07,
  0x34, 0x03, 0x67, 0x04, 0x77, 0x06, 0x44, 0x07, 0x54, 0x08, 0x55, 0x09,
  0x54, 0x08, 0x54, 0x08, 0x54, 0x08, 0x54, 0x06, 0x44, 0x04, 0x45, 0x04,
  0x43, 0x03, 0x44, 0x04, 0x77, 0x07, 0x00, 0x00, 0x00, 0x00, 0x00, 0x00,
  0x00, 0x00, 0x00, 0x00, 0x00, 0x00, 0x00, 0x00, 0x00, 0x00, 0x00, 0x00,
  0x00, 0x00, 0x00, 0x00, 0x00, 0x00, 0x00, 0x00, 0x00, 0x00, 0x00, 0x00,
  0x00, 0x00, 0x00, 0x00, 0x00, 0x00, 0x00, 0x00, 0x00, 0x00, 0x00, 0x00,
  0x00, 0x00, 0x00, 0x00, 0x00, 0x00, 0x00, 0x00, 0x00, 0x00, 0x00, 0x00,
  0x00, 0x00, 0x00, 0x00, 0x00, 0x00, 0x00, 0x00, 0x00, 0x00, 0x00, 0x00,
  0x00, 0x00, 0x00, 0x00, 0x00, 0x00, 0x00, 0x00, 0x00, 0x00, 0x00, 0x00,
  0x00, 0x00, 0x00, 0x00, 0x00, 0x00, 0x44, 0x04, 0x66, 0x07, 0x88, 0x09,
  0x88, 0x09, 0x67, 0x06, 0x44, 0x04, 0x44, 0x04, 0x55, 0x07, 0x43, 0x05,
  0x65, 0x07, 0x76, 0x0a, 0x86, 0x0e, 0x76, 0x0c, 0x33, 0x04, 0x00, 0x00,
  0x00, 0x00, 0x00, 0x00, 0x00, 0x00, 0x55, 0x05, 0x65, 0x0c, 0x54, 0x0b,
  0x43, 0x08, 0x86, 0x08, 0x65, 0x06, 0x75, 0x06, 0x75, 0x06, 0x64, 0x05,
  0x97, 0x08, 0x97, 0x08, 0x76, 0x06, 0x78, 0x04, 0x69, 0x03, 0x6a, 0x03,
  0x7a, 0x04, 0x79, 0x04, 0x69, 0x04, 0x8a, 0x05, 0xab, 0x07, 0x9a, 0x07,
  0x88, 0x07, 0x00, 0x00, 0x00, 0x00, 0x00, 0x00, 0x00, 0x00, 0x78, 0x05,
  0x35, 0x02, 0x56, 0x03, 0x44, 0x03, 0x66, 0x06, 0x44, 0x07, 0x33, 0x05,
  0x44, 0x04, 0x65, 0x08, 0x65, 0x0c, 0x76, 0x0c, 0x54, 0x0b, 0x55, 0x0b,
  0x44, 0x08, 0x44, 0x05, 0x44, 0x06, 0x66, 0x0a, 0x65, 0x0e, 0x54, 0x0e,
  0x44, 0x0d, 0x44, 0x0d, 0x44, 0x0d, 0x44, 0x0d, 0x44, 0x0d, 0x65, 0x0d,
  0x76, 0x0b, 0x54, 0x06, 0x55, 0x05, 0x44, 0x04, 0x77, 0x07, 0x00, 0x00,
  0x00, 0x00, 0x00, 0x00, 0x00, 0x00, 0x00, 0x00, 0x00, 0x00, 0x00, 0x00,
  0x00, 0x00, 0x00, 0x00, 0x00, 0x00, 0x00, 0x00, 0x00, 0x00, 0x00, 0x00,
  0x00, 0x00, 0x00, 0x00, 0x00, 0x00, 0x00, 0x00, 0x00, 0x00, 0x00, 0x00,
  0x00, 0x00, 0x00, 0x00, 0x00, 0x00, 0x00, 0x00, 0x00, 0x00, 0x00, 0x00,
  0x00, 0x00, 0x00, 0x00, 0x00, 0x00, 0x00, 0x00, 0x00, 0x00, 0x00, 0x00,
  0x00, 0x00, 0x00, 0x00, 0x00, 0x00, 0x00, 0x00, 0x00, 0x00, 0x00, 0x00,
  0x00, 0x00, 0x00, 0x00, 0x00, 0x00, 0x00, 0x00, 0x00, 0x00, 0x56, 0x05,
  0x56, 0x05, 0x88, 0x08, 0x77, 0x08, 0x43, 0x06, 0x65, 0x09, 0x76, 0x09,
  0x44, 0x06, 0x65, 0x08, 0x97, 0x0d, 0x54, 0x0c, 0x75, 0x0f, 0x65, 0x08,
  0x00, 0x00, 0x00, 0x00, 0x00, 0x00, 0x00, 0x00, 0x00, 0x00, 0x55, 0x06,
  0x55, 0x09, 0x65, 0x0a, 0x32, 0x04, 0x64, 0x05, 0x76, 0x06, 0x33, 0x03,
  0x44, 0x04, 0xaa, 0x08, 0x8a, 0x06, 0x68, 0x04, 0x8a, 0x06, 0x8a, 0x06,
  0x9a, 0x07, 0x9a, 0x07, 0x9a, 0x08, 0xab, 0x08, 0x8b, 0x06, 0x8b, 0x05,
  0x7a, 0x04, 0x8a, 0x05, 0xbd, 0x09, 0x88, 0x07, 0x00, 0x00, 0x00, 0x00,
  0x00, 0x00, 0x67, 0x04, 0x35, 0x02, 0x56, 0x04, 0x33, 0x04, 0x33, 0x04,
  0x33, 0x03, 0x22, 0x02, 0x44, 0x03, 0x33, 0x04, 0x44, 0x07, 0x43, 0x05,
  0x33, 0x05, 0x44, 0x08, 0x55, 0x09, 0x76, 0x0b, 0x65, 0x0e, 0x54, 0x0f,
  0x54, 0x0f, 0x55, 0x0f, 0x44, 0x0e, 0x44, 0x0e, 0x44, 0x0e, 0x44, 0x0e,
  0x44, 0x0e, 0x44, 0x0e, 0x44, 0x0e, 0x65, 0x0d, 0x76, 0x0a, 0x43, 0x04,
  0x77, 0x07, 0x00, 0x00, 0x00, 0x00, 0x00, 0x00, 0x00, 0x00, 0x00, 0x00,
  0x00, 0x00, 0x00, 0x00, 0x00, 0x00, 0x00, 0x00, 0x00, 0x00, 0x00, 0x00,
  0x00, 0x00, 0x00, 0x00, 0x00, 0x00, 0x00, 0x00, 0x00, 0x00, 0x00, 0x00,
  0x00, 0x00, 0x00, 0x00, 0x00, 0x00, 0x00, 0x00, 0x00, 0x00, 0x00, 0x00,
  0x00, 0x00, 0x00, 0x00, 0x00, 0x00, 0x00, 0x00, 0x00, 0x00, 0x00, 0x00,
  0x00, 0x00, 0x00, 0x00, 0x00, 0x00, 0x00, 0x00, 0x00, 0x00, 0x00, 0x00,
  0x00, 0x00, 0x00, 0x00, 0x00, 0x00, 0x00, 0x00, 0x00, 0x00, 0x00, 0x00,
  0x00, 0x00, 0x00, 0x00, 0x44, 0x03, 0x66, 0x06, 0x99, 0x0a, 0x66, 0x0a,
  0x65, 0x0b, 0x54, 0x08, 0x66, 0x08, 0x54, 0x08, 0x65, 0x0b, 0x54, 0x0d,
  0xa8, 0x0e, 0x66, 0x08, 0x00, 0x00, 0x00, 0x00, 0x00, 0x00, 0x00, 0x00,
  0x55, 0x05, 0x76, 0x07, 0x43, 0x05, 0x66, 0x08, 0x33, 0x03, 0x00, 0x00,
  0x55, 0x05, 0x66, 0x06, 0xab, 0x08, 0x79, 0x05, 0x78, 0x05, 0x89, 0x06,
  0x99, 0x08, 0xaa, 0x09, 0xbb, 0x0a, 0xbb, 0x0b, 0xcc, 0x0c, 0xcc, 0x0c,
  0xcd, 0x0b, 0xbc, 0x09, 0xac, 0x07, 0x9b, 0x06, 0x8b, 0x05, 0x9b, 0x07,
  0xab, 0x09, 0x00, 0x00, 0x00, 0x00, 0x77, 0x06, 0x9a, 0x09, 0x8a, 0x07,
  0x89, 0x06, 0x89, 0x06, 0x89, 0x07, 0x89, 0x07, 0x89, 0x07, 0x89, 0x07,
  0x89, 0x08, 0x99, 0x08, 0x9a, 0x09, 0x99, 0x09, 0x98, 0x0b, 0x76, 0x0d,
  0x55, 0x0f, 0x54, 0x0f, 0x54, 0x0f, 0x54, 0x0f, 0x44, 0x0f, 0x44, 0x0e,
  0x44, 0x0e, 0x44, 0x0e, 0x44, 0x0e, 0x44, 0x0e, 0x44, 0x0f, 0x54, 0x0f,
  0x76, 0x0e, 0x66, 0x08, 0x33, 0x03, 0x00, 0x00, 0x00, 0x00, 0x00, 0x00,
  0x00, 0x00, 0x00, 0x00, 0x00, 0x00, 0x00, 0x00, 0x00, 0x00, 0x00, 0x00,
  0x00, 0x00, 0x00, 0x00, 0x00, 0x00, 0x00, 0x00, 0x00, 0x00, 0x00, 0x00,
  0x00, 0x00, 0x00, 0x00, 0x00, 0x00, 0x00, 0x00, 0x00, 0x00, 0x00, 0x00,
  0x00, 0x00, 0x00, 0x00, 0x00, 0x00, 0x00, 0x00, 0x00, 0x00, 0x00, 0x00,
  0x00, 0x00, 0x00, 0x00, 0x00, 0x00, 0x00, 0x00, 0x00, 0x00, 0x00, 0x00,
  0x00, 0x00, 0x00, 0x00, 0x00, 0x00, 0x00, 0x00, 0x00, 0x00, 0x00, 0x00,
  0x00, 0x00, 0x00, 0x00, 0x00, 0x00, 0x00, 0x00, 0x00, 0x00, 0x55, 0x05,
  0xab, 0x0a, 0x99, 0x0a, 0x65, 0x09, 0x43, 0x08, 0x54, 0x08, 0x54, 0x09,
  0x44, 0x0a, 0x87, 0x0d, 0xa7, 0x0e, 0x76, 0x09, 0x00, 0x00, 0x00, 0x00,
  0x00, 0x00, 0x00, 0x00, 0x66, 0x05, 0x55, 0x05, 0x55, 0x06, 0x66, 0x07,
  0x00, 0x00, 0x00, 0x00, 0x55, 0x04, 0x9a, 0x08, 0x69, 0x04, 0x78, 0x05,
  0x89, 0x06, 0x88, 0x08, 0x88, 0x08, 0x55, 0x05, 0x99, 0x09, 0xcc, 0x0c,
  0xcc, 0x0c, 0xcc, 0x0c, 0x88, 0x07, 0x9a, 0x08, 0xbd, 0x09, 0xac, 0x07,
  0x9c, 0x06, 0x8b, 0x05, 0xac, 0x07, 0x89, 0x07, 0x00, 0x00, 0x44, 0x04,
  0x77, 0x07, 0x88, 0x07, 0x33, 0x02, 0x44, 0x04, 0x45, 0x04, 0x33, 0x03,
  0x55, 0x04, 0x55, 0x04, 0x33, 0x04, 0x54, 0x05, 0x55, 0x05, 0x55, 0x06,
  0xa9, 0x0d, 0x76, 0x0e, 0x65, 0x0f, 0x54, 0x0f, 0x54, 0x0f, 0x54, 0x0f,
  0x54, 0x0f, 0x44, 0x0f, 0x44, 0x0f, 0x44, 0x0f, 0x44, 0x0f, 0x44, 0x0f,
  0x44, 0x0f, 0x54, 0x0f, 0x76, 0x0f, 0x98, 0x0c, 0x54, 0x05, 0x00, 0x00,
  0x00, 0x00, 0x00, 0x00, 0x00, 0x00, 0x00, 0x00, 0x00, 0x00, 0x00, 0x00,
  0x00, 0x00, 0x00, 0x00, 0x00, 0x00, 0x00, 0x00, 0x00, 0x00, 0x00, 0x00,
  0x00, 0x00, 0x00, 0x00, 0x00, 0x00, 0x00, 0x00, 0x00, 0x00, 0x00, 0x00,
  0x00, 0x00, 0x00, 0x00, 0x00, 0x00, 0x00, 0x00, 0x00, 0x00, 0x00, 0x00,
  0x00, 0x00, 0x00, 0x00, 0x00, 0x00, 0x00, 0x00, 0x00, 0x00, 0x00, 0x00,
  0x00, 0x00, 0x00, 0x00, 0x00, 0x00, 0x00, 0x00, 0x00, 0x00, 0x00, 0x00,
  0x00, 0x00, 0x00, 0x00, 0x00, 0x00, 0x00, 0x00, 0x00, 0x00, 0x00, 0x00,
  0x00, 0x00, 0x44, 0x04, 0xaa, 0x09, 0x99, 0x0a, 0x99, 0x0a, 0x44, 0x07,
  0x43, 0x06, 0x43, 0x07, 0x76, 0x0b, 0x97, 0x0e, 0x96, 0x0e, 0x76, 0x09,
  0x00, 0x00, 0x00, 0x00, 0x00, 0x00, 0x00, 0x00, 0x43, 0x03, 0x55, 0x05,
  0x55, 0x05, 0x33, 0x03, 0x00, 0x00, 0x00, 0x00, 0xbb, 0x0a, 0x8a, 0x05,
  0x79, 0x04, 0x89, 0x07, 0x9a, 0x09, 0x99, 0x09, 0x77, 0x06, 0x66, 0x05,
  0x45, 0x04, 0xbb, 0x0b, 0xcc, 0x0c, 0x99, 0x08, 0x67, 0x06, 0x55, 0x05,
  0xaa, 0x08, 0xce, 0x0a, 0xad, 0x07, 0x9d, 0x05, 0x8b, 0x05, 0xbc, 0x08,
  0x56, 0x04, 0x45, 0x02, 0x34, 0x03, 0x88, 0x07, 0x66, 0x06, 0x77, 0x07,
  0x76, 0x07, 0x33, 0x05, 0x77, 0x09, 0x88, 0x09, 0x65, 0x08, 0x77, 0x0a,
  0x87, 0x0a, 0x77, 0x09, 0xa8, 0x0e, 0x87, 0x0f, 0x65, 0x0f, 0x54, 0x0f,
  0x54, 0x0f, 0x54, 0x0f, 0x54, 0x0f, 0x44, 0x0f, 0x54, 0x0f, 0x54, 0x0f,
  0x44, 0x0f, 0x54, 0x0f, 0x54, 0x0f, 0x65, 0x0f, 0x87, 0x0e, 0xba, 0x0e,
  0x66, 0x07, 0x00, 0x00, 0x00, 0x00, 0x00, 0x00, 0x00, 0x00, 0x00, 0x00,
  0x00, 0x00, 0x00, 0x00, 0x00, 0x00, 0x00, 0x00, 0x00, 0x00, 0x00, 0x00,
  0x00, 0x00, 0x00, 0x00, 0x00, 0x00, 0x00, 0x00, 0x00, 0x00, 0x00, 0x00,
  0x00, 0x00, 0x00, 0x00, 0x00, 0x00, 0x00, 0x00, 0x00, 0x00, 0x00, 0x00,
  0x00, 0x00, 0x00, 0x00, 0x00, 0x00, 0x00, 0x00, 0x00, 0x00, 0x00, 0x00,
  0x00, 0x00, 0x00, 0x00, 0x77, 0x07, 0x33, 0x03, 0x55, 0x06, 0x55, 0x06,
  0x55, 0x07, 0x43, 0x05, 0x33, 0x03, 0x77, 0x07, 0x00, 0x00, 0x00, 0x00,
  0x00, 0x00, 0x00, 0x00, 0x00, 0x00, 0x45, 0x04, 0x78, 0x06, 0x88, 0x08,
  0x76, 0x08, 0x55, 0x06, 0x33, 0x04, 0x33, 0x05, 0x43, 0x08, 0x76, 0x0d,
  0x55, 0x08, 0x99, 0x08, 0x56, 0x04, 0x00, 0x00, 0x00, 0x00, 0x00, 0x00,
  0x00, 0x00, 0x33, 0x03, 0x43, 0x03, 0x00, 0x00, 0x00, 0x00, 0x54, 0x04,
  0xab, 0x08, 0x7a, 0x04, 0x9a, 0x07, 0xab, 0x08, 0xab, 0x09, 0x88, 0x07,
  0x78, 0x07, 0x56, 0x04, 0x77, 0x06, 0xcc, 0x0b, 0x88, 0x08, 0xaa, 0x09,
  0x9a, 0x08, 0x88, 0x08, 0x77, 0x06, 0xcd, 0x0b, 0xdf, 0x0a, 0xbe, 0x07,
  0x9d, 0x05, 0x8d, 0x05, 0x9c, 0x06, 0x69, 0x03, 0x34, 0x02, 0x67, 0x04,
  0x89, 0x07, 0x88, 0x07, 0x44, 0x05, 0x44, 0x04, 0xab, 0x0a, 0xaa, 0x09,
  0x87, 0x08, 0x88, 0x09, 0xaa, 0x0b, 0x88, 0x09, 0xca, 0x0f, 0x87, 0x0f,
  0x65, 0x0f, 0x54, 0x0f, 0x54, 0x0f, 0x54, 0x0f, 0x54, 0x0f, 0x55, 0x0f,
  0x55, 0x0f, 0x55, 0x0f, 0x55, 0x0f, 0x54, 0x0f, 0x55, 0x0f, 0x76, 0x0f,
  0xa8, 0x0f, 0xca, 0x0f, 0x77, 0x09, 0x00, 0x00, 0x00, 0x00, 0x00, 0x00,
  0x00, 0x00, 0x00, 0x00, 0x00, 0x00, 0x00, 0x00, 0x00, 0x00, 0x00, 0x00,
  0x00, 0x00, 0x00, 0x00, 0x00, 0x00, 0x00, 0x00, 0x00, 0x00, 0x00, 0x00,
  0x00, 0x00, 0x00, 0x00, 0x00, 0x00, 0x00, 0x00, 0x00, 0x00, 0x00, 0x00,
  0x00, 0x00, 0x00, 0x00, 0x00, 0x00, 0x00, 0x00, 0x00, 0x00, 0x00, 0x00,
  0x00, 0x00, 0x00, 0x00, 0x00, 0x00, 0x54, 0x06, 0x76, 0x09, 0x66, 0x0b,
  0x66, 0x0d, 0x76, 0x0c, 0x55, 0x0d, 0x55, 0x0d, 0x55, 0x0c, 0x55, 0x0b,
  0x66, 0x07, 0x00, 0x00, 0x00, 0x00, 0x00, 0x00, 0x00, 0x00, 0x67, 0x04,
  0x7a, 0x04, 0x69, 0x04, 0x67, 0x06, 0x66, 0x06, 0x44, 0x05, 0x33, 0x05,
  0x54, 0x08, 0x54, 0x06, 0x79, 0x05, 0xab, 0x07, 0x9a, 0x07, 0x00, 0x00,
  0x00, 0x00, 0x00, 0x00, 0x00, 0x00, 0x00, 0x00, 0x00, 0x00, 0x00, 0x00,
  0x55, 0x05, 0xaa, 0x0a, 0x8b, 0x05, 0x8a, 0x05, 0x9a, 0x07, 0xab, 0x09,
  0xcc, 0x0b, 0xaa, 0x09, 0x77, 0x06, 0x88, 0x07, 0xee, 0x0e, 0xbb, 0x0b,
  0xbb, 0x0b, 0xcc, 0x0c, 0xbc, 0x0b, 0x89, 0x08, 0xcc, 0x0b, 0xff, 0x0d,
  0xdf, 0x0b, 0xcf, 0x09, 0xae, 0x06, 0x8e, 0x03, 0xbd, 0x08, 0x69, 0x03,
  0x7a, 0x04, 0x79, 0x05, 0x44, 0x03, 0x67, 0x06, 0x9a, 0x07, 0xab, 0x08,
  0x99, 0x08, 0x99, 0x09, 0x66, 0x07, 0xcc, 0x0c, 0xaa, 0x0b, 0x88, 0x09,
  0xdb, 0x0f, 0x98, 0x0f, 0x76, 0x0f, 0x54, 0x0f, 0x54, 0x0f, 0x54, 0x0f,
  0x54, 0x0f, 0x54, 0x0e, 0x55, 0x0e, 0x55, 0x0e, 0x55, 0x0e, 0x55, 0x0f,
  0x65, 0x0f, 0x87, 0x0f, 0xc9, 0x0f, 0xb9, 0x0e, 0x77, 0x08, 0x00, 0x00,
  0x00, 0x00, 0x00, 0x00, 0x00, 0x00, 0x00, 0x00, 0x00, 0x00, 0x00, 0x00,
  0x00, 0x00, 0x00, 0x00, 0x00, 0x00, 0x00, 0x00, 0x00, 0x00, 0x00, 0x00,
  0x00, 0x00, 0x00, 0x00, 0x00, 0x00, 0x00, 0x00, 0x00, 0x00, 0x00, 0x00,
  0x00, 0x00, 0x00, 0x00, 0x00, 0x00, 0x00, 0x00, 0x00, 0x00, 0x00, 0x00,
  0x00, 0x00, 0x00, 0x00, 0x00, 0x00, 0x00, 0x00, 0x70, 0x00, 0x76, 0x0b,
  0x76, 0x0d, 0x65, 0x0c, 0x65, 0x0e, 0x75, 0x0e, 0x44, 0x0f, 0x54, 0x0f,
  0x44, 0x0f, 0x55, 0x0e, 0x65, 0x08, 0x00, 0x00, 0x00, 0x00, 0x44, 0x03,
  0x45, 0x03, 0x79, 0x05, 0x8c, 0x04, 0x7b, 0x04, 0x68, 0x03, 0x44, 0x03,
  0x43, 0x04, 0x33, 0x04, 0x44, 0x04, 0x68, 0x03, 0x8c, 0x04, 0x9c, 0x05,
  0xac, 0x07, 0x89, 0x06, 0x67, 0x04, 0x57, 0x04, 0x56, 0x03, 0x33, 0x03,
  0x00, 0x00, 0x00, 0x00, 0x65, 0x05, 0xcd, 0x0b, 0x7a, 0x04, 0x8a, 0x05,
  0xab, 0x08, 0x9a, 0x08, 0x77, 0x06, 0xbc, 0x0a, 0xbc, 0x0b, 0xdd, 0x0d,
  0xdc, 0x0d, 0xcc, 0x0c, 0x88, 0x07, 0x99, 0x09, 0xcc, 0x0d, 0xdd, 0x0d,
  0xff, 0x0f, 0xff, 0x0e, 0xef, 0x0c, 0xbc, 0x09, 0xbe, 0x07, 0x9e, 0x04,
  0x9c, 0x05, 0x79, 0x04, 0x6a, 0x03, 0x6a, 0x03, 0x57, 0x04, 0x45, 0x03,
  0x44, 0x04, 0x67, 0x06, 0x99, 0x07, 0x99, 0x0a, 0xa9, 0x0a, 0x88, 0x07,
  0x88, 0x08, 0x98, 0x08, 0xda, 0x0e, 0x98, 0x0f, 0x87, 0x0f, 0x65, 0x0e,
  0x65, 0x0d, 0x65, 0x0d, 0x55, 0x0c, 0x65, 0x0c, 0x65, 0x0c, 0x76, 0x0c,
  0x65, 0x0c, 0x65, 0x0c, 0x75, 0x0d, 0x98, 0x0e, 0xb9, 0x0f, 0xa9, 0x0e,
  0x65, 0x06, 0x00, 0x00, 0x00, 0x00, 0x00, 0x00, 0x00, 0x00, 0x00, 0x00,
  0x00, 0x00, 0x00, 0x00, 0x00, 0x00, 0x00, 0x00, 0x00, 0x00, 0x00, 0x00,
  0x00, 0x00, 0x00, 0x00, 0x00, 0x00, 0x00, 0x00, 0x00, 0x00, 0x00, 0x00,
  0x00, 0x00, 0x00, 0x00, 0x00, 0x00, 0x00, 0x00, 0x00, 0x00, 0x00, 0x00,
  0x00, 0x00, 0x00, 0x00, 0x00, 0x00, 0x00, 0x00, 0x00, 0x00, 0x33, 0x03,
  0x66, 0x08, 0x76, 0x0c, 0x65, 0x0d, 0x65, 0x0c, 0x65, 0x0d, 0x76, 0x0e,
  0x54, 0x0f, 0x54, 0x0f, 0x44, 0x0f, 0x55, 0x0e, 0x43, 0x06, 0x44, 0x04,
  0x45, 0x04, 0x66, 0x04, 0x56, 0x03, 0x67, 0x04, 0x8b, 0x05, 0x7b, 0x04,
  0x7a, 0x04, 0x69, 0x03, 0x45, 0x03, 0x33, 0x04, 0x67, 0x04, 0x7a, 0x04,
  0x78, 0x06, 0x89, 0x07, 0xac, 0x07, 0x9c, 0x06, 0x7a, 0x04, 0x7a, 0x04,
  0x7b, 0x04, 0x8a, 0x05, 0x8a, 0x05, 0x67, 0x04, 0x56, 0x04, 0xab, 0x08,
  0x7a, 0x04, 0x8a, 0x06, 0x9a, 0x08, 0x89, 0x07, 0x78, 0x06, 0xab, 0x09,
  0xdd, 0x0d, 0xed, 0x0f, 0xed, 0x0f, 0xdd, 0x0d, 0x55, 0x05, 0xcb, 0x0c,
  0xfe, 0x0f, 0xfe, 0x0f, 0xff, 0x0f, 0xff, 0x0e, 0xab, 0x08, 0x67, 0x05,
  0xbd, 0x07, 0x9e, 0x04, 0x7b, 0x04, 0x79, 0x04, 0x69, 0x03, 0x6b, 0x03,
  0x6a, 0x03, 0x57, 0x02, 0x68, 0x03, 0x79, 0x05, 0x67, 0x04, 0xaa, 0x09,
  0x99, 0x09, 0x55, 0x05, 0x77, 0x07, 0x9a, 0x09, 0xdb, 0x0f, 0x97, 0x0d,
  0x86, 0x0d, 0x54, 0x0a, 0x43, 0x07, 0x43, 0x05, 0x44, 0x06, 0x43, 0x06,
  0x44, 0x07, 0x44, 0x08, 0x54, 0x08, 0x43, 0x06, 0x32, 0x07, 0x54, 0x08,
  0x97, 0x0d, 0x87, 0x0c, 0x33, 0x03, 0x00, 0x00, 0x00, 0x00, 0x00, 0x00,
  0x00, 0x00, 0x00, 0x00, 0x00, 0x00, 0x00, 0x00, 0x00, 0x00, 0x00, 0x00,
  0x00, 0x00, 0x00, 0x00, 0x00, 0x00, 0x00, 0x00, 0x00, 0x00, 0x00, 0x00,
  0x00, 0x00, 0x00, 0x00, 0x00, 0x00, 0x00, 0x00, 0x00, 0x00, 0x00, 0x00,
  0x00, 0x00, 0x00, 0x00, 0x00, 0x00, 0x00, 0x00, 0x00, 0x00, 0x00, 0x00,
  0x00, 0x00, 0x00, 0x00, 0x76, 0x08, 0x65, 0x0d, 0x76, 0x0d, 0x86, 0x0c,
  0x65, 0x0c, 0x66, 0x0e, 0x54, 0x0e, 0x54, 0x0f, 0x44, 0x0f, 0x55, 0x0d,
  0x55, 0x04, 0x55, 0x04, 0x44, 0x03, 0x34, 0x03, 0x55, 0x05, 0x88, 0x08,
  0x99, 0x0a, 0x87, 0x0b, 0x77, 0x0b, 0x77, 0x0a, 0x66, 0x09, 0x66, 0x0c,
  0x65, 0x0c, 0x65, 0x0c, 0x87, 0x0e, 0x87, 0x0e, 0x9a, 0x09, 0x79, 0x04,
  0x69, 0x03, 0x6a, 0x03, 0x6a, 0x03, 0x69, 0x03, 0x69, 0x03, 0x57, 0x03,
  0x8a, 0x05, 0x9b, 0x06, 0x7a, 0x04, 0x8a, 0x06, 0x55, 0x04, 0x34, 0x03,
  0x33, 0x03, 0x34, 0x03, 0x44, 0x03, 0x44, 0x04, 0x44, 0x03, 0x44, 0x03,
  0x33, 0x03, 0x44, 0x04, 0x43, 0x04, 0x44, 0x04, 0x44, 0x04, 0x44, 0x04,
  0x45, 0x03, 0x55, 0x04, 0xbd, 0x08, 0xae, 0x05, 0x7c, 0x03, 0x8a, 0x05,
  0x57, 0x02, 0x58, 0x02, 0x69, 0x03, 0x58, 0x02, 0x6a, 0x03, 0x8c, 0x04,
  0x57, 0x03, 0x56, 0x03, 0x78, 0x06, 0x88, 0x09, 0xba, 0x0b, 0x98, 0x09,
  0xa8, 0x0d, 0x54, 0x08, 0x33, 0x05, 0x43, 0x06, 0x44, 0x06, 0x54, 0x09,
  0x54, 0x0a, 0x54, 0x0b, 0x55, 0x0c, 0x65, 0x0c, 0x65, 0x0d, 0x65, 0x0d,
  0x76, 0x0d, 0x54, 0x07, 0x43, 0x05, 0x65, 0x08, 0x33, 0x03, 0x00, 0x00,
  0x00, 0x00, 0x00, 0x00, 0x00, 0x00, 0x00, 0x00, 0x00, 0x00, 0x00, 0x00,
  0x00, 0x00, 0x00, 0x00, 0x00, 0x00, 0x00, 0x00, 0x00, 0x00, 0x00, 0x00,
  0x00, 0x00, 0x00, 0x00, 0x00, 0x00, 0x00, 0x00, 0x00, 0x00, 0x00, 0x00,
  0x00, 0x00, 0x00, 0x00, 0x00, 0x00, 0x00, 0x00, 0x00, 0x00, 0x00, 0x00,
  0x00, 0x00, 0x00, 0x00, 0x00, 0x00, 0x00, 0x00, 0x33, 0x05, 0x77, 0x0c,
  0x55, 0x0d, 0x65, 0x0b, 0x76, 0x0b, 0x76, 0x0d, 0x65, 0x0b, 0x54, 0x0e,
  0x54, 0x0f, 0x65, 0x0c, 0x44, 0x05, 0x33, 0x04, 0x33, 0x03, 0x33, 0x04,
  0x66, 0x06, 0x65, 0x08, 0xed, 0x0f, 0x77, 0x0d, 0x55, 0x0c, 0x65, 0x0b,
  0x65, 0x0a, 0x76, 0x0b, 0x43, 0x0a, 0x44, 0x0a, 0x76, 0x0d, 0x76, 0x0f,
  0x88, 0x0b, 0x58, 0x03, 0x58, 0x03, 0x57, 0x02, 0x58, 0x03, 0x58, 0x03,
  0x57, 0x02, 0x57, 0x02, 0x8b, 0x05, 0x8a, 0x05, 0x7a, 0x04, 0x66, 0x04,
  0x44, 0x03, 0x45, 0x03, 0x45, 0x03, 0x56, 0x03, 0x46, 0x03, 0x57, 0x03,
  0x57, 0x03, 0x57, 0x03, 0x57, 0x03, 0x67, 0x04, 0x67, 0x04, 0x57, 0x03,
  0x67, 0x04, 0x57, 0x04, 0x68, 0x04, 0x67, 0x05, 0x78, 0x05, 0xad, 0x06,
  0x8d, 0x03, 0x8b, 0x05, 0x69, 0x02, 0x7b, 0x03, 0x7a, 0x03, 0x46, 0x02,
  0x46, 0x02, 0x69, 0x03, 0x78, 0x05, 0x99, 0x08, 0x88, 0x08, 0x87, 0x08,
  0x78, 0x06, 0x56, 0x05, 0x55, 0x06, 0x55, 0x06, 0x87, 0x0b, 0x65, 0x0a,
  0x54, 0x09, 0x54, 0x09, 0x65, 0x0a, 0x54, 0x0a, 0x76, 0x0c, 0x65, 0x0a,
  0x65, 0x0a, 0x65, 0x0a, 0x87, 0x0c, 0x98, 0x0c, 0x33, 0x04, 0x76, 0x07,
  0x77, 0x07, 0x00, 0x00, 0x00, 0x00, 0x00, 0x00, 0x00, 0x00, 0x00, 0x00,
  0x00, 0x00, 0x00, 0x00, 0x00, 0x00, 0x00, 0x00, 0x00, 0x00, 0x00, 0x00,
  0x00, 0x00, 0x00, 0x00, 0x00, 0x00, 0x00, 0x00, 0x00, 0x00, 0x00, 0x00,
  0x00, 0x00, 0x00, 0x00, 0x00, 0x00, 0x00, 0x00, 0x00, 0x00, 0x00, 0x00,
  0x00, 0x00, 0x00, 0x00, 0x00, 0x00, 0x00, 0x00, 0x00, 0x00, 0x00, 0x00,
  0x00, 0x00, 0x66, 0x08, 0x65, 0x0c, 0x87, 0x0d, 0x97, 0x0d, 0x65, 0x0a,
  0x66, 0x08, 0x55, 0x0c, 0x54, 0x0e, 0x77, 0x0a, 0x99, 0x0a, 0x77, 0x07,
  0x54, 0x05, 0x77, 0x08, 0x43, 0x06, 0x76, 0x0b, 0xed, 0x0f, 0xdd, 0x0e,
  0x88, 0x09, 0x77, 0x08, 0x65, 0x0c, 0x86, 0x0d, 0x54, 0x08, 0x44, 0x0a,
  0x44, 0x0c, 0x55, 0x0c, 0x66, 0x09, 0x45, 0x02, 0x46, 0x02, 0x45, 0x02,
  0x45, 0x02, 0x45, 0x02, 0x45, 0x02, 0x57, 0x02, 0x8c, 0x05, 0x8b, 0x05,
  0x69, 0x04, 0x55, 0x03, 0x56, 0x04, 0x46, 0x02, 0x45, 0x02, 0x57, 0x03,
  0x68, 0x03, 0x68, 0x04, 0x68, 0x04, 0x69, 0x04, 0x79, 0x05, 0x69, 0x04,
  0x79, 0x04, 0x79, 0x04, 0x69, 0x04, 0x69, 0x04, 0x69, 0x03, 0x45, 0x02,
  0x67, 0x05, 0x79, 0x04, 0x8d, 0x03, 0x9b, 0x05, 0x6a, 0x03, 0x7c, 0x03,
  0x6a, 0x03, 0x46, 0x02, 0x46, 0x02, 0x79, 0x05, 0x9a, 0x09, 0xdd, 0x0d,
  0xee, 0x0e, 0xaa, 0x0a, 0x9a, 0x09, 0x56, 0x04, 0x34, 0x03, 0x65, 0x07,
  0x98, 0x0c, 0x43, 0x05, 0x43, 0x06, 0x44, 0x06, 0x43, 0x06, 0x55, 0x0b,
  0x44, 0x07, 0x44, 0x05, 0x44, 0x06, 0x54, 0x07, 0x55, 0x08, 0xa9, 0x0d,
  0x33, 0x04, 0x55, 0x06, 0x66, 0x07, 0x65, 0x06, 0x00, 0x00, 0x00, 0x00,
  0x00, 0x00, 0x00, 0x00, 0x00, 0x00, 0x00, 0x00, 0x00, 0x00, 0x00, 0x00,
  0x00, 0x00, 0x00, 0x00, 0x00, 0x00, 0x00, 0x00, 0x00, 0x00, 0x00, 0x00,
  0x00, 0x00, 0x00, 0x00, 0x00, 0x00, 0x00, 0x00, 0x33, 0x03, 0x88, 0x09,
  0xa9, 0x0a, 0xba, 0x0c, 0xa9, 0x0a, 0x00, 0x00, 0x00, 0x00, 0x00, 0x00,
  0x00, 0x00, 0x00, 0x00, 0x00, 0x00, 0x87, 0x09, 0xa9, 0x0e, 0x65, 0x0a,
  0x54, 0x08, 0x64, 0x0a, 0x86, 0x0d, 0x76, 0x0b, 0x54, 0x08, 0x87, 0x0a,
  0xdc, 0x0f, 0x87, 0x0b, 0x85, 0x0b, 0x86, 0x0d, 0x54, 0x0a, 0x76, 0x0b,
  0xec, 0x0f, 0xec, 0x0f, 0xed, 0x0f, 0xfd, 0x0f, 0x96, 0x0c, 0x64, 0x0b,
  0x88, 0x08, 0x68, 0x03, 0x46, 0x03, 0x6a, 0x03, 0x68, 0x03, 0x35, 0x02,
  0x34, 0x02, 0x45, 0x02, 0x45, 0x03, 0x45, 0x03, 0x45, 0x02, 0x58, 0x02,
  0x9d, 0x05, 0x8b, 0x05, 0x68, 0x03, 0x34, 0x02, 0x34, 0x02, 0x69, 0x03,
  0x44, 0x03, 0x76, 0x09, 0x54, 0x06, 0x44, 0x06, 0x44, 0x05, 0x43, 0x04,
  0x55, 0x08, 0x54, 0x08, 0x33, 0x04, 0x44, 0x05, 0x55, 0x07, 0x77, 0x09,
  0x57, 0x03, 0x7a, 0x04, 0xaa, 0x0a, 0xbc, 0x0a, 0x9b, 0x06, 0x8a, 0x06,
  0x6a, 0x03, 0x6a, 0x03, 0x7a, 0x04, 0x57, 0x03, 0x57, 0x02, 0x57, 0x02,
  0x89, 0x07, 0x99, 0x09, 0xbb, 0x0c, 0xbb, 0x0c, 0x99, 0x09, 0x55, 0x04,
  0x44, 0x04, 0x65, 0x07, 0x76, 0x0b, 0x97, 0x0e, 0x55, 0x0a, 0x65, 0x09,
  0x65, 0x08, 0x66, 0x0e, 0x76, 0x0c, 0x54, 0x06, 0x43, 0x05, 0x54, 0x07,
  0x98, 0x0c, 0xa9, 0x0e, 0x43, 0x05, 0x33, 0x03, 0x65, 0x05, 0x76, 0x06,
  0x66, 0x07, 0x00, 0x00, 0x00, 0x00, 0x00, 0x00, 0x00, 0x00, 0x00, 0x00,
  0x00, 0x00, 0x00, 0x00, 0x00, 0x00, 0x00, 0x00, 0x00, 0x00, 0x00, 0x00,
  0x00, 0x00, 0x00, 0x00, 0x00, 0x00, 0x00, 0x00, 0x00, 0x00, 0x65, 0x06,
  0xba, 0x0c, 0xcb, 0x0f, 0xca, 0x0f, 0xca, 0x0f, 0xba, 0x0d, 0x77, 0x07,
  0x00, 0x00, 0x00, 0x00, 0x00, 0x00, 0x00, 0x00, 0x33, 0x03, 0xca, 0x0c,
  0x87, 0x0b, 0x98, 0x0c, 0x65, 0x0b, 0x65, 0x0b, 0x54, 0x07, 0x54, 0x07,
  0x75, 0x0a, 0xa9, 0x0e, 0xa7, 0x0d, 0xc8, 0x0f, 0xb7, 0x0f, 0x86, 0x0e,
  0x85, 0x0d, 0x75, 0x0b, 0xda, 0x0f, 0xc9, 0x0f, 0xda, 0x0f, 0xda, 0x0f,
  0xb7, 0x0e, 0x65, 0x0b, 0xaa, 0x0c, 0x69, 0x04, 0x6a, 0x03, 0x7a, 0x03,
  0x46, 0x03, 0x33, 0x02, 0x33, 0x02, 0x34, 0x02, 0x34, 0x02, 0x33, 0x02,
  0x33, 0x02, 0x69, 0x03, 0x9d, 0x04, 0x8a, 0x05, 0x67, 0x03, 0x33, 0x02,
  0x34, 0x02, 0x69, 0x03, 0x55, 0x06, 0x97, 0x0e, 0x97, 0x0b, 0x55, 0x07,
  0x55, 0x05, 0x55, 0x06, 0x76, 0x0b, 0x65, 0x0a, 0x55, 0x06, 0x55, 0x07,
  0x76, 0x0a, 0xca, 0x0e, 0xaa, 0x0a, 0x8a, 0x06, 0x56, 0x04, 0x67, 0x04,
  0x8b, 0x06, 0xab, 0x09, 0x79, 0x06, 0x78, 0x07, 0x9a, 0x09, 0x99, 0x08,
  0x9a, 0x08, 0x89, 0x07, 0xaa, 0x09, 0xdd, 0x0e, 0xcc, 0x0d, 0x87, 0x0a,
  0x67, 0x06, 0x45, 0x03, 0x44, 0x04, 0x97, 0x0c, 0x87, 0x0d, 0x76, 0x0b,
  0x44, 0x07, 0x44, 0x07, 0x54, 0x09, 0x66, 0x0d, 0x86, 0x0d, 0x55, 0x08,
  0x65, 0x09, 0x76, 0x0b, 0x97, 0x0d, 0xb8, 0x0e, 0x87, 0x0c, 0x55, 0x05,
  0x33, 0x03, 0x44, 0x04, 0x55, 0x05, 0x00, 0x00, 0x00, 0x00, 0x00, 0x00,
  0x00, 0x00, 0x00, 0x00, 0x00, 0x00, 0x00, 0x00, 0x00, 0x00, 0x00, 0x00,
  0x00, 0x00, 0x00, 0x00, 0x00, 0x00, 0x00, 0x00, 0x22, 0x02, 0x99, 0x0a,
  0xcb, 0x0d, 0xcb, 0x0e, 0xc9, 0x0f, 0xb9, 0x0f, 0xb8, 0x0f, 0xa8, 0x0f,
  0xb9, 0x0e, 0x98, 0x0c, 0x00, 0x00, 0x00, 0x00, 0x00, 0x00, 0x00, 0x00,
  0x87, 0x09, 0xa8, 0x0c, 0x98, 0x0c, 0x86, 0x0c, 0x55, 0x0a, 0x54, 0x09,
  0x75, 0x0c, 0x87, 0x0d, 0x86, 0x0d, 0xa8, 0x0d, 0x86, 0x0e, 0xb7, 0x0f,
  0x96, 0x0f, 0x85, 0x0e, 0xa6, 0x0e, 0x65, 0x0b, 0xb9, 0x0f, 0xa7, 0x0e,
  0xb7, 0x0f, 0xc7, 0x0f, 0xb6, 0x0f, 0x75, 0x0b, 0xca, 0x0e, 0xcb, 0x0b,
  0x7a, 0x04, 0x6a, 0x03, 0x34, 0x02, 0x33, 0x02, 0x34, 0x02, 0x34, 0x02,
  0x34, 0x02, 0x34, 0x02, 0x33, 0x02, 0x6a, 0x03, 0x7a, 0x05, 0x8a, 0x06,
  0x67, 0x04, 0x33, 0x02, 0x34, 0x02, 0x69, 0x03, 0x77, 0x0a, 0x97, 0x0e,
  0x97, 0x0e, 0x65, 0x0b, 0x55, 0x09, 0x86, 0x0a, 0x86, 0x0e, 0x86, 0x0e,
  0x76, 0x0a, 0x55, 0x0a, 0x77, 0x0b, 0x98, 0x0a, 0x9a, 0x08, 0x7b, 0x03,
  0x45, 0x03, 0x67, 0x04, 0x8c, 0x05, 0xaa, 0x09, 0xaa, 0x09, 0x99, 0x08,
  0xaa, 0x0a, 0x99, 0x09, 0xaa, 0x0a, 0xaa, 0x0a, 0xbb, 0x0b, 0xcc, 0x0c,
  0xdd, 0x0e, 0x77, 0x09, 0x56, 0x05, 0x57, 0x04, 0x33, 0x03, 0xc9, 0x0e,
  0x76, 0x0d, 0x66, 0x0d, 0x55, 0x0c, 0x55, 0x0d, 0x86, 0x0e, 0x65, 0x0d,
  0x86, 0x0e, 0x87, 0x0e, 0x76, 0x0d, 0x65, 0x0d, 0x65, 0x0d, 0x86, 0x0d,
  0xb9, 0x0e, 0x55, 0x07, 0x87, 0x08, 0x33, 0x03, 0x22, 0x02, 0x00, 0x00,
  0x00, 0x00, 0x00, 0x00, 0x00, 0x00, 0x00, 0x00, 0x00, 0x00, 0x00, 0x00,
  0x00, 0x00, 0x00, 0x00, 0x00, 0x00, 0x00, 0x00, 0x77, 0x08, 0xaa, 0x0c,
  0xba, 0x0d, 0xca, 0x0e, 0xb9, 0x0e, 0xb8, 0x0f, 0xa8, 0x0e, 0xa8, 0x0e,
  0x97, 0x0e, 0x87, 0x0d, 0x87, 0x0c, 0x98, 0x0d, 0x00, 0x00, 0x00, 0x00,
  0x00, 0x00, 0x22, 0x04, 0xb9, 0x0d, 0x86, 0x0c, 0x54, 0x0a, 0x43, 0x08,
  0x65, 0x0b, 0x65, 0x0b, 0x87, 0x0d, 0x65, 0x0a, 0x97, 0x0d, 0x86, 0x0d,
  0x86, 0x0f, 0x95, 0x0f, 0x85, 0x0f, 0x74, 0x0f, 0x96, 0x0e, 0x65, 0x0b,
  0x96, 0x0e, 0x75, 0x0c, 0xb6, 0x0f, 0xb6, 0x0f, 0xb6, 0x0e, 0x85, 0x0b,
  0xba, 0x0c, 0xeb, 0x0f, 0xbc, 0x0a, 0x67, 0x05, 0x34, 0x03, 0x33, 0x02,
  0x33, 0x02, 0x33, 0x02, 0x33, 0x02, 0x33, 0x02, 0x34, 0x02, 0x7b, 0x03,
  0x7a, 0x04, 0x8a, 0x06, 0x57, 0x03, 0x33, 0x02, 0x46, 0x02, 0x69, 0x03,
  0x87, 0x0a, 0xb8, 0x0e, 0x64, 0x0b, 0x65, 0x0e, 0x55, 0x0e, 0x76, 0x0e,
  0x65, 0x0e, 0x75, 0x0e, 0x76, 0x0f, 0x64, 0x0d, 0x55, 0x0b, 0x88, 0x09,
  0xab, 0x08, 0x8c, 0x04, 0x9a, 0x08, 0xcc, 0x0b, 0x8b, 0x05, 0x89, 0x07,
  0xbb, 0x0a, 0x88, 0x07, 0xaa, 0x0a, 0x66, 0x06, 0x99, 0x0a, 0xbb, 0x0c,
  0xbb, 0x0c, 0xee, 0x0e, 0xdd, 0x0e, 0xaa, 0x0b, 0x66, 0x06, 0x44, 0x03,
  0x66, 0x06, 0xda, 0x0f, 0x97, 0x0e, 0x54, 0x0b, 0x55, 0x0c, 0x55, 0x0d,
  0x96, 0x0e, 0x76, 0x0e, 0x86, 0x0d, 0x76, 0x0c, 0x65, 0x0d, 0x66, 0x0d,
  0x55, 0x0c, 0x87, 0x0d, 0xba, 0x0f, 0x55, 0x08, 0x54, 0x05, 0x55, 0x07,
  0x00, 0x00, 0x00, 0x00, 0x00, 0x00, 0x00, 0x00, 0x00, 0x00, 0x00, 0x00,
  0x00, 0x00, 0x00, 0x00, 0x00, 0x00, 0x55, 0x05, 0x88, 0x08, 0x98, 0x0a,
  0xca, 0x0d, 0xb9, 0x0f, 0xb8, 0x0e, 0xa7, 0x0e, 0x97, 0x0e, 0x97, 0x0d,
  0x86, 0x0d, 0x86, 0x0d, 0x76, 0x0c, 0x76, 0x0b, 0x65, 0x0a, 0x76, 0x0b,
  0x00, 0x00, 0x00, 0x00, 0x00, 0x00, 0x55, 0x06, 0xa8, 0x0c, 0x65, 0x0b,
  0x65, 0x0b, 0x64, 0x0c, 0x54, 0x08, 0x54, 0x08, 0x76, 0x0c, 0x65, 0x0a,
  0xba, 0x0d, 0x97, 0x0d, 0x85, 0x0f, 0x85, 0x0f, 0x74, 0x0f, 0x75, 0x0f,
  0x65, 0x0d, 0x54, 0x09, 0x65, 0x09, 0x43, 0x06, 0x54, 0x08, 0x54, 0x08,
  0x33, 0x05, 0x33, 0x05, 0x66, 0x07, 0xd9, 0x0f, 0xed, 0x0f, 0xcb, 0x0d,
  0x55, 0x05, 0x33, 0x02, 0x33, 0x02, 0x33, 0x02, 0x33, 0x02, 0x33, 0x02,
  0x34, 0x02, 0x7c, 0x03, 0x9e, 0x04, 0xbc, 0x09, 0x69, 0x03, 0x33, 0x02,
  0x46, 0x02, 0x69, 0x03, 0x88, 0x0a, 0xb7, 0x0f, 0x86, 0x0d, 0x54, 0x0c,
  0x65, 0x0e, 0x75, 0x0e, 0x65, 0x0e, 0x76, 0x0f, 0x66, 0x0d, 0x55, 0x0e,
  0x65, 0x0c, 0x99, 0x0a, 0xab, 0x0a, 0x7a, 0x04, 0x89, 0x08, 0x88, 0x07,
  0x9b, 0x07, 0xaa, 0x09, 0xcd, 0x0c, 0x99, 0x08, 0x88, 0x08, 0x66, 0x06,
  0x99, 0x09, 0xa9, 0x0d, 0xba, 0x0d, 0xed, 0x0e, 0xba, 0x0d, 0x98, 0x0a,
  0x99, 0x0a, 0x44, 0x05, 0x55, 0x07, 0xda, 0x0f, 0xa8, 0x0f, 0x55, 0x0d,
  0x55, 0x0d, 0x55, 0x0c, 0x87, 0x0c, 0x65, 0x0b, 0x87, 0x0c, 0x97, 0x0b,
  0x54, 0x0a, 0x66, 0x0d, 0x65, 0x0c, 0xa8, 0x0f, 0xb9, 0x0f, 0xa8, 0x0d,
  0x55, 0x07, 0x65, 0x07, 0x00, 0x00, 0x00, 0x00, 0x00, 0x00, 0x00, 0x00,
  0x00, 0x00, 0x00, 0x00, 0x00, 0x00, 0x00, 0x00, 0x55, 0x05, 0x99, 0x0b,
  0xcb, 0x0e, 0xb9, 0x0e, 0xa8, 0x0e, 0xa7, 0x0e, 0x97, 0x0e, 0x87, 0x0d,
  0x76, 0x0c, 0x76, 0x0c, 0x65, 0x0b, 0x65, 0x0b, 0x55, 0x09, 0x55, 0x08,
  0x54, 0x07, 0x77, 0x0a, 0x00, 0x00, 0x00, 0x00, 0x00, 0x00, 0x55, 0x05,
  0x98, 0x0a, 0xa8, 0x0e, 0x76, 0x0c, 0x43, 0x08, 0x44, 0x0a, 0x65, 0x0b,
  0x66, 0x08, 0x65, 0x08, 0x87, 0x0a, 0x97, 0x0c, 0x54, 0x0b, 0x54, 0x0b,
  0x54, 0x0a, 0x43, 0x08, 0x33, 0x06, 0x43, 0x06, 0x43, 0x07, 0x43, 0x08,
  0x43, 0x07, 0x43, 0x07, 0x54, 0x08, 0x43, 0x06, 0x65, 0x08, 0xc8, 0x0e,
  0xec, 0x0f, 0x97, 0x0b, 0x77, 0x07, 0x44, 0x02, 0x33, 0x02, 0x33, 0x02,
  0x33, 0x02, 0x33, 0x02, 0x34, 0x02, 0x8d, 0x03, 0x9e, 0x03, 0xcd, 0x0a,
  0x6a, 0x03, 0x45, 0x03, 0x45, 0x02, 0x69, 0x03, 0x88, 0x09, 0xa7, 0x0f,
  0x96, 0x0f, 0x65, 0x0d, 0x54, 0x0b, 0x86, 0x0b, 0x76, 0x0c, 0x76, 0x0b,
  0x86, 0x0b, 0x65, 0x0c, 0x87, 0x0e, 0xbb, 0x0c, 0x88, 0x08, 0x7a, 0x04,
  0x45, 0x03, 0x67, 0x06, 0x8a, 0x06, 0x89, 0x07, 0xcc, 0x0c, 0xbb, 0x0b,
  0x77, 0x07, 0x78, 0x07, 0xba, 0x0c, 0xba, 0x0e, 0xcc, 0x0e, 0xfd, 0x0f,
  0xeb, 0x0f, 0xba, 0x0e, 0x99, 0x0b, 0x77, 0x07, 0xa9, 0x0d, 0xc9, 0x0f,
  0xa8, 0x0f, 0x65, 0x0e, 0x55, 0x0d, 0x54, 0x09, 0x55, 0x0a, 0x76, 0x0b,
  0x65, 0x0b, 0x54, 0x09, 0x54, 0x09, 0x66, 0x0d, 0x76, 0x0e, 0x97, 0x0f,
  0xa8, 0x0f, 0xa8, 0x0e, 0xa8, 0x0c, 0x66, 0x07, 0x00, 0x00, 0x00, 0x00,
  0x00, 0x00, 0x00, 0x00, 0x00, 0x00, 0x22, 0x02, 0x87, 0x08, 0xba, 0x0c,
  0xb9, 0x0d, 0xb9, 0x0e, 0xa8, 0x0f, 0xa8, 0x0f, 0x97, 0x0e, 0x87, 0x0d,
  0x76, 0x0c, 0x65, 0x0b, 0x65, 0x0b, 0x66, 0x0b, 0x66, 0x0a, 0x65, 0x09,
  0x55, 0x08, 0x66, 0x08, 0x76, 0x07, 0x77, 0x09, 0x00, 0x00, 0x00, 0x00,
  0x00, 0x00, 0x00, 0x00, 0x44, 0x04, 0x98, 0x0d, 0x76, 0x0d, 0x65, 0x0b,
  0x54, 0x0b, 0x54, 0x08, 0xa9, 0x0b, 0x75, 0x0a, 0x64, 0x09, 0xa8, 0x0d,
  0x54, 0x08, 0x54, 0x08, 0x54, 0x09, 0x44, 0x09, 0x54, 0x09, 0x54, 0x09,
  0x54, 0x09, 0x65, 0x0b, 0x64, 0x09, 0x66, 0x08, 0x66, 0x08, 0x76, 0x08,
  0x99, 0x0b, 0xb7, 0x0e, 0xed, 0x0f, 0xa8, 0x0e, 0x88, 0x09, 0x34, 0x02,
  0x33, 0x02, 0x33, 0x02, 0x33, 0x02, 0x33, 0x02, 0x34, 0x02, 0x8d, 0x03,
  0x9e, 0x03, 0xac, 0x07, 0x7a, 0x05, 0x45, 0x03, 0x35, 0x02, 0x6a, 0x03,
  0x89, 0x08, 0xa8, 0x0f, 0xa6, 0x0f, 0x65, 0x0b, 0x54, 0x09, 0x76, 0x0d,
  0x86, 0x0d, 0x65, 0x0b, 0x76, 0x0d, 0x54, 0x0b, 0xa8, 0x0f, 0xdc, 0x0e,
  0x89, 0x06, 0x68, 0x04, 0x34, 0x02, 0x45, 0x03, 0x8a, 0x05, 0xbb, 0x0a,
  0xaa, 0x0a, 0xdd, 0x0d, 0x77, 0x07, 0x99, 0x0a, 0xba, 0x0d, 0xaa, 0x0d,
  0xee, 0x0f, 0xec, 0x0f, 0xc9, 0x0e, 0xba, 0x0e, 0xbb, 0x0c, 0x99, 0x09,
  0xa8, 0x0d, 0xa8, 0x0e, 0xa8, 0x0f, 0x76, 0x0f, 0x54, 0x0c, 0x55, 0x0b,
  0x65, 0x0d, 0x75, 0x0b, 0x65, 0x0c, 0x65, 0x0c, 0x65, 0x0b, 0x65, 0x0c,
  0x76, 0x0e, 0x97, 0x0f, 0xa8, 0x0f, 0x87, 0x0e, 0xa9, 0x0d, 0x77, 0x06,
  0x55, 0x05, 0x00, 0x00, 0x00, 0x00, 0x54, 0x05, 0x98, 0x0b, 0xa9, 0x0c,
  0xba, 0x0e, 0xa8, 0x0e, 0xa7, 0x0e, 0xa7, 0x0e, 0x97, 0x0d, 0x86, 0x0d,
  0x76, 0x0c, 0x65, 0x0b, 0x65, 0x0a, 0x65, 0x0a, 0x65, 0x09, 0x55, 0x09,
  0x66, 0x09, 0x66, 0x08, 0x77, 0x08, 0x77, 0x07, 0x44, 0x04, 0x00, 0x00,
  0x00, 0x00, 0x00, 0x00, 0x00, 0x00, 0x00, 0x00, 0x00, 0x00, 0x98, 0x0b,
  0xb9, 0x0e, 0xa8, 0x0d, 0x54, 0x0b, 0x55, 0x0a, 0xba, 0x0d, 0x85, 0x0d,
  0x64, 0x0c, 0x86, 0x0d, 0x76, 0x0c, 0x44, 0x06, 0x55, 0x04, 0x55, 0x04,
  0x55, 0x06, 0x55, 0x0a, 0x65, 0x0e, 0x75, 0x0e, 0x54, 0x08, 0x79, 0x05,
  0xbc, 0x0a, 0x44, 0x04, 0x75, 0x0a, 0x96, 0x0f, 0xfc, 0x0f, 0x76, 0x0c,
  0x87, 0x09, 0x33, 0x03, 0x33, 0x02, 0x33, 0x02, 0x33, 0x02, 0x33, 0x02,
  0x35, 0x02, 0x8d, 0x03, 0x9e, 0x03, 0x8c, 0x03, 0x68, 0x04, 0x33, 0x03,
  0x35, 0x01, 0x7b, 0x04, 0x78, 0x07, 0xb8, 0x0f, 0x97, 0x0f, 0x75, 0x0a,
  0x76, 0x0b, 0x86, 0x0b, 0x76, 0x0a, 0x65, 0x09, 0x65, 0x0b, 0x76, 0x0c,
  0xa9, 0x0e, 0xda, 0x0e, 0xcd, 0x0b, 0x67, 0x04, 0x44, 0x03, 0x56, 0x03,
  0x68, 0x04, 0xee, 0x0d, 0x88, 0x08, 0xbb, 0x0b, 0x88, 0x08, 0xba, 0x0c,
  0xba, 0x0d, 0xbb, 0x0d, 0xff, 0x0f, 0xdb, 0x0f, 0xa9, 0x0d, 0x97, 0x0c,
  0xc9, 0x0f, 0xa9, 0x0b, 0x65, 0x09, 0x98, 0x0d, 0xa8, 0x0f, 0x87, 0x0f,
  0x87, 0x0c, 0x76, 0x0b, 0x54, 0x09, 0x65, 0x08, 0x44, 0x06, 0x54, 0x08,
  0x54, 0x09, 0x55, 0x0a, 0x87, 0x0e, 0x98, 0x0f, 0xb9, 0x0f, 0x88, 0x0b,
  0x55, 0x05, 0x89, 0x07, 0x67, 0x06, 0x65, 0x07, 0x98, 0x0a, 0xb9, 0x0e,
  0xb8, 0x0e, 0xa7, 0x0e, 0x97, 0x0d, 0x87, 0x0d, 0x86, 0x0d, 0x76, 0x0c,
  0x65, 0x0b, 0x55, 0x0b, 0x65, 0x0a, 0x55, 0x09, 0x55, 0x0a, 0x55, 0x09,
  0x66, 0x08, 0x77, 0x09, 0x77, 0x07, 0x33, 0x03, 0x00, 0x00, 0x00, 0x00,
  0x00, 0x00, 0x00, 0x00, 0x00, 0x00, 0x00, 0x00, 0x00, 0x00, 0x00, 0x00,
  0x00, 0x00, 0x55, 0x06, 0xa9, 0x0d, 0x65, 0x0c, 0x54, 0x0b, 0x76, 0x0b,
  0x98, 0x0c, 0x75, 0x0d, 0x65, 0x0c, 0x64, 0x0b, 0x65, 0x0c, 0x44, 0x06,
  0x68, 0x04, 0x99, 0x08, 0x55, 0x05, 0x65, 0x08, 0xb9, 0x0e, 0xca, 0x0e,
  0xa7, 0x0c, 0xb9, 0x0c, 0xdc, 0x0d, 0xcb, 0x0d, 0x54, 0x08, 0x96, 0x0d,
  0xed, 0x0f, 0x54, 0x07, 0x66, 0x07, 0x33, 0x02, 0x33, 0x02, 0x34, 0x02,
  0x34, 0x02, 0x44, 0x03, 0x45, 0x02, 0x8d, 0x03, 0x9f, 0x04, 0x9f, 0x04,
  0x69, 0x03, 0x56, 0x03, 0x67, 0x03, 0x45, 0x02, 0x43, 0x03, 0xc9, 0x0e,
  0x86, 0x0f, 0x75, 0x0c, 0x97, 0x0d, 0x86, 0x0b, 0x87, 0x0b, 0x87, 0x0c,
  0xa8, 0x0c, 0x86, 0x0e, 0xca, 0x0f, 0xb9, 0x0d, 0x89, 0x08, 0xbc, 0x0a,
  0x67, 0x05, 0x56, 0x05, 0x99, 0x09, 0xde, 0x0d, 0x88, 0x07, 0x77, 0x08,
  0x9a, 0x09, 0xba, 0x0d, 0xaa, 0x0d, 0xff, 0x0f, 0xfe, 0x0f, 0xda, 0x0d,
  0x98, 0x0b, 0x55, 0x08, 0x75, 0x0b, 0xa9, 0x0f, 0x55, 0x06, 0x44, 0x06,
  0x97, 0x0d, 0x97, 0x0f, 0x76, 0x0d, 0x55, 0x0b, 0x65, 0x0b, 0x65, 0x0c,
  0x54, 0x0a, 0x76, 0x0c, 0x86, 0x0d, 0x65, 0x0d, 0x87, 0x0e, 0xa8, 0x0f,
  0xda, 0x0f, 0x44, 0x06, 0x43, 0x04, 0x55, 0x06, 0x98, 0x0a, 0xb9, 0x0e,
  0xa7, 0x0d, 0x97, 0x0e, 0x96, 0x0c, 0x76, 0x0b, 0x76, 0x0c, 0x65, 0x0b,
  0x65, 0x0b, 0x55, 0x0a, 0x55, 0x0a, 0x55, 0x09, 0x54, 0x09, 0x55, 0x08,
  0x66, 0x07, 0x66, 0x07, 0x76, 0x08, 0x33, 0x03, 0x00, 0x00, 0x00, 0x00,
  0x00, 0x00, 0x00, 0x00, 0x00, 0x00, 0x00, 0x00, 0x00, 0x00, 0x00, 0x00,
  0x00, 0x00, 0x00, 0x00, 0x00, 0x00, 0x55, 0x05, 0x88, 0x0a, 0x87, 0x0d,
  0x65, 0x0c, 0x76, 0x0b, 0x87, 0x0a, 0x65, 0x0b, 0x76, 0x0a, 0x65, 0x0b,
  0x98, 0x0d, 0xa9, 0x0c, 0xb9, 0x0d, 0xb8, 0x0e, 0xc9, 0x0e, 0x75, 0x0b,
  0xdb, 0x0e, 0xdb, 0x0e, 0xb8, 0x0e, 0xc6, 0x0f, 0xda, 0x0f, 0xdb, 0x0f,
  0x43, 0x08, 0x96, 0x0e, 0xdc, 0x0e, 0x44, 0x06, 0x33, 0x04, 0x33, 0x02,
  0x33, 0x02, 0x33, 0x02, 0x45, 0x02, 0x34, 0x02, 0x35, 0x02, 0x8e, 0x03,
  0x9f, 0x04, 0xaf, 0x04, 0x8e, 0x03, 0x8d, 0x04, 0x58, 0x02, 0x68, 0x03,
  0x46, 0x02, 0x76, 0x07, 0xb9, 0x0f, 0x97, 0x0f, 0x86, 0x0e, 0x75, 0x0a,
  0x54, 0x09, 0x76, 0x0c, 0xb8, 0x0f, 0xa7, 0x0e, 0xa8, 0x0f, 0xa9, 0x0d,
  0x88, 0x07, 0x88, 0x06, 0xbc, 0x0a, 0x9a, 0x09, 0xaa, 0x0a, 0xaa, 0x0a,
  0x88, 0x08, 0x88, 0x08, 0xab, 0x0a, 0xbb, 0x0d, 0xcc, 0x0e, 0xff, 0x0f,
  0xcb, 0x0e, 0xdb, 0x0f, 0xca, 0x0e, 0x98, 0x0c, 0x75, 0x0b, 0x65, 0x0d,
  0x65, 0x07, 0x33, 0x04, 0x64, 0x08, 0xa7, 0x0f, 0x87, 0x0f, 0x65, 0x0d,
  0x87, 0x0d, 0x54, 0x09, 0x54, 0x09, 0x76, 0x0b, 0x76, 0x0d, 0x65, 0x0e,
  0x97, 0x0f, 0xb9, 0x0f, 0xda, 0x0f, 0x54, 0x07, 0x76, 0x0a, 0xa7, 0x0d,
  0xa7, 0x0d, 0x97, 0x0d, 0x86, 0x0c, 0x76, 0x0b, 0x65, 0x0b, 0x65, 0x0a,
  0x55, 0x0a, 0x55, 0x0a, 0x55, 0x09, 0x54, 0x09, 0x55, 0x08, 0x65, 0x08,
  0x65, 0x07, 0x66, 0x07, 0x33, 0x03, 0x00, 0x00, 0x00, 0x00, 0x00, 0x00,
  0x00, 0x00, 0x00, 0x00, 0x00, 0x00, 0x00, 0x00, 0x00, 0x00, 0x00, 0x00,
  0x00, 0x00, 0x00, 0x00, 0x00, 0x00, 0x00, 0x00, 0x00, 0x00, 0x33, 0x03,
  0x99, 0x0a, 0x97, 0x0d, 0x65, 0x0c, 0x76, 0x0a, 0x66, 0x07, 0x54, 0x09,
  0x77, 0x09, 0x65, 0x0a, 0xca, 0x0f, 0x87, 0x0c, 0xb9, 0x0f, 0xa7, 0x0f,
  0xb8, 0x0f, 0x75, 0x0b, 0xb9, 0x0e, 0xc9, 0x0f, 0xca, 0x0e, 0xb6, 0x0f,
  0xd8, 0x0f, 0xca, 0x0f, 0x53, 0x0a, 0xb8, 0x0f, 0x88, 0x08, 0x55, 0x04,
  0x45, 0x03, 0x34, 0x02, 0x33, 0x02, 0x33, 0x02, 0x34, 0x02, 0x33, 0x02,
  0x45, 0x02, 0x9e, 0x04, 0x9f, 0x04, 0xaf, 0x05, 0x9e, 0x03, 0x9e, 0x03,
  0x69, 0x03, 0x8d, 0x04, 0x68, 0x03, 0x65, 0x05, 0xca, 0x0c, 0xb8, 0x0e,
  0x76, 0x0c, 0x65, 0x0b, 0x76, 0x0d, 0x86, 0x0e, 0x76, 0x0f, 0xb9, 0x0f,
  0xa8, 0x0e, 0x76, 0x08, 0x89, 0x07, 0x78, 0x06, 0x56, 0x04, 0xaa, 0x0a,
  0xcc, 0x0b, 0x88, 0x07, 0x99, 0x08, 0xaa, 0x0a, 0xab, 0x0a, 0xcb, 0x0d,
  0xee, 0x0f, 0xff, 0x0f, 0x87, 0x0b, 0x76, 0x0c, 0x86, 0x0e, 0x96, 0x0f,
  0x97, 0x0f, 0x65, 0x0d, 0x54, 0x08, 0x44, 0x04, 0x54, 0x06, 0xa8, 0x0e,
  0x97, 0x0f, 0x76, 0x0e, 0x64, 0x0b, 0x54, 0x0a, 0x65, 0x0b, 0x55, 0x0c,
  0x65, 0x0e, 0x87, 0x0f, 0xa8, 0x0f, 0xb9, 0x0f, 0xb9, 0x0f, 0x97, 0x0e,
  0x97, 0x0e, 0x87, 0x0d, 0x86, 0x0c, 0x76, 0x0b, 0x65, 0x0a, 0x55, 0x09,
  0x54, 0x09, 0x54, 0x09, 0x54, 0x08, 0x54, 0x08, 0x55, 0x07, 0x66, 0x08,
  0x66, 0x07, 0x53, 0x05, 0x00, 0x00, 0x00, 0x00, 0x00, 0x00, 0x00, 0x00,
  0x00, 0x00, 0x00, 0x00, 0x00, 0x00, 0x00, 0x00, 0x00, 0x00, 0x00, 0x00,
  0x00, 0x00, 0x00, 0x00, 0x00, 0x00, 0x00, 0x00, 0x00, 0x00, 0x00, 0x00,
  0x00, 0x00, 0x43, 0x04, 0xaa, 0x0a, 0x88, 0x0b, 0x54, 0x09, 0x55, 0x0a,
  0x66, 0x06, 0x99, 0x09, 0x88, 0x09, 0x87, 0x09, 0x86, 0x0c, 0x75, 0x0b,
  0x97, 0x0e, 0xa7, 0x0f, 0xb7, 0x0f, 0x76, 0x0a, 0x97, 0x0d, 0xa7, 0x0f,
  0xed, 0x0f, 0xb7, 0x0f, 0xb7, 0x0f, 0x97, 0x0f, 0x64, 0x0b, 0xca, 0x0d,
  0x77, 0x06, 0x78, 0x06, 0x78, 0x05, 0x56, 0x02, 0x79, 0x05, 0x34, 0x02,
  0x33, 0x02, 0x33, 0x02, 0x45, 0x02, 0x8e, 0x03, 0x9f, 0x04, 0x9f, 0x04,
  0x9e, 0x03, 0x8e, 0x03, 0x6a, 0x03, 0xae, 0x06, 0x78, 0x05, 0x88, 0x09,
  0x99, 0x0a, 0x54, 0x08, 0x98, 0x0c, 0x98, 0x0c, 0x65, 0x0b, 0x86, 0x0d,
  0xa8, 0x0d, 0xa9, 0x0d, 0x87, 0x0c, 0x67, 0x04, 0x66, 0x04, 0x45, 0x03,
  0x44, 0x03, 0x55, 0x04, 0xde, 0x0d, 0xcc, 0x0b, 0xbb, 0x0a, 0xdd, 0x0d,
  0xab, 0x0a, 0xcb, 0x0d, 0xff, 0x0f, 0xed, 0x0f, 0xec, 0x0f, 0xba, 0x0e,
  0x75, 0x0a, 0x54, 0x0a, 0x65, 0x0f, 0x54, 0x0c, 0x65, 0x0b, 0x33, 0x04,
  0x33, 0x04, 0xb9, 0x0e, 0xa8, 0x0e, 0x97, 0x0f, 0x76, 0x0e, 0x55, 0x0e,
  0x65, 0x0d, 0x65, 0x0d, 0x66, 0x0e, 0xb9, 0x0e, 0x98, 0x0e, 0x97, 0x0f,
  0x98, 0x0f, 0x76, 0x0d, 0x76, 0x0b, 0x75, 0x0b, 0x65, 0x0a, 0x55, 0x09,
  0x54, 0x08, 0x54, 0x08, 0x54, 0x07, 0x65, 0x07, 0x66, 0x08, 0x76, 0x07,
  0x66, 0x06, 0x00, 0x00, 0x00, 0x00, 0x00, 0x00, 0x00, 0x00, 0x00, 0x00,
  0x00, 0x00, 0x00, 0x00, 0x00, 0x00, 0x00, 0x00, 0x00, 0x00, 0x00, 0x00,
  0x00, 0x00, 0x00, 0x00, 0x00, 0x00, 0x00, 0x00, 0x00, 0x00, 0x00, 0x00,
  0x00, 0x00, 0x00, 0x00, 0x00, 0x00, 0x43, 0x04, 0xbb, 0x0b, 0x78, 0x07,
  0x44, 0x07, 0x65, 0x0a, 0x79, 0x05, 0x57, 0x03, 0x44, 0x04, 0x66, 0x05,
  0x66, 0x08, 0x54, 0x0a, 0x54, 0x0c, 0x75, 0x0d, 0xa7, 0x0e, 0x65, 0x09,
  0x86, 0x0c, 0xa6, 0x0f, 0xdc, 0x0e, 0xb8, 0x0d, 0xb7, 0x0d, 0x86, 0x0c,
  0x86, 0x0c, 0x88, 0x08, 0x9a, 0x08, 0x56, 0x03, 0x57, 0x03, 0x45, 0x02,
  0x68, 0x05, 0x66, 0x04, 0x55, 0x03, 0x34, 0x02, 0x45, 0x02, 0x7c, 0x03,
  0x7c, 0x03, 0x6b, 0x03, 0x7b, 0x03, 0x69, 0x03, 0x8c, 0x05, 0x8a, 0x05,
  0x9a, 0x08, 0xdc, 0x0d, 0x77, 0x08, 0x44, 0x08, 0x54, 0x07, 0x44, 0x07,
  0x44, 0x07, 0x54, 0x08, 0x65, 0x0a, 0x54, 0x0a, 0x65, 0x07, 0x8b, 0x04,
  0xcc, 0x0b, 0xbb, 0x0a, 0x45, 0x03, 0x66, 0x05, 0xbc, 0x0b, 0xdd, 0x0d,
  0x9a, 0x08, 0xee, 0x0e, 0xab, 0x09, 0xbb, 0x0c, 0xee, 0x0f, 0x75, 0x09,
  0x85, 0x0c, 0x96, 0x0f, 0x96, 0x0f, 0xc9, 0x0e, 0x64, 0x0b, 0x54, 0x0b,
  0x55, 0x0b, 0x33, 0x05, 0x33, 0x03, 0x86, 0x0b, 0xc8, 0x0f, 0x97, 0x0e,
  0x97, 0x0e, 0x55, 0x0d, 0x55, 0x0d, 0x65, 0x0d, 0x76, 0x0e, 0x76, 0x0b,
  0x76, 0x0c, 0x97, 0x0f, 0x97, 0x0e, 0x65, 0x0b, 0x55, 0x0a, 0x54, 0x09,
  0x44, 0x08, 0x54, 0x07, 0x65, 0x08, 0x65, 0x07, 0x65, 0x07, 0x77, 0x08,
  0x33, 0x03, 0x00, 0x00, 0x00, 0x00, 0x00, 0x00, 0x00, 0x00, 0x00, 0x00,
  0x00, 0x00, 0x00, 0x00, 0x00, 0x00, 0x00, 0x00, 0x00, 0x00, 0x00, 0x00,
  0x00, 0x00, 0x00, 0x00, 0x00, 0x00, 0x00, 0x00, 0x00, 0x00, 0x00, 0x00,
  0x00, 0x00, 0x00, 0x00, 0x00, 0x00, 0x00, 0x00, 0x00, 0x00, 0x43, 0x04,
  0xbc, 0x0a, 0x8b, 0x05, 0x68, 0x05, 0x78, 0x06, 0x7b, 0x04, 0x57, 0x03,
  0x44, 0x02, 0x78, 0x05, 0x67, 0x05, 0x65, 0x09, 0x65, 0x0a, 0x66, 0x0a,
  0x86, 0x0c, 0x76, 0x0b, 0x86, 0x0c, 0x86, 0x0c, 0xb9, 0x0c, 0xc8, 0x0d,
  0xec, 0x0e, 0x86, 0x09, 0x76, 0x09, 0x89, 0x07, 0x78, 0x05, 0x56, 0x03,
  0x56, 0x03, 0x34, 0x02, 0x57, 0x03, 0x68, 0x04, 0x44, 0x03, 0x8a, 0x07,
  0x55, 0x03, 0x56, 0x02, 0x57, 0x03, 0x58, 0x03, 0x6a, 0x03, 0x7a, 0x04,
  0xad, 0x07, 0x9a, 0x08, 0xdd, 0x0d, 0xec, 0x0e, 0xec, 0x0f, 0xdb, 0x0d,
  0xa9, 0x0a, 0xca, 0x0d, 0xc9, 0x0d, 0xca, 0x0d, 0xcb, 0x0e, 0xca, 0x0f,
  0x97, 0x0a, 0x9b, 0x05, 0xba, 0x0c, 0xec, 0x0f, 0xcc, 0x0c, 0x89, 0x07,
  0x67, 0x04, 0x99, 0x08, 0xab, 0x08, 0xcc, 0x0b, 0xdd, 0x0d, 0xcc, 0x0d,
  0xed, 0x0f, 0xa8, 0x0d, 0x76, 0x0a, 0x65, 0x0b, 0x65, 0x0c, 0x87, 0x0e,
  0x54, 0x0b, 0x54, 0x0b, 0x66, 0x0b, 0x44, 0x05, 0x33, 0x03, 0x54, 0x08,
  0xb9, 0x0f, 0x97, 0x0e, 0x64, 0x0b, 0x65, 0x0c, 0x55, 0x0b, 0x55, 0x0a,
  0x54, 0x09, 0x65, 0x0a, 0x76, 0x0d, 0x87, 0x0f, 0xa8, 0x0e, 0x65, 0x0a,
  0x44, 0x08, 0x55, 0x07, 0x65, 0x07, 0x66, 0x07, 0x66, 0x07, 0x77, 0x07,
  0x00, 0x00, 0x00, 0x00, 0x00, 0x00, 0x00, 0x00, 0x00, 0x00, 0x00, 0x00,
  0x00, 0x00, 0x00, 0x00, 0x00, 0x00, 0x00, 0x00, 0x00, 0x00, 0x00, 0x00,
  0x00, 0x00, 0x00, 0x00, 0x00, 0x00, 0x00, 0x00, 0x00, 0x00, 0x00, 0x00,
  0x00, 0x00, 0x00, 0x00, 0x00, 0x00, 0x00, 0x00, 0x00, 0x00, 0x00, 0x00,
  0x00, 0x00, 0x43, 0x04, 0x9a, 0x07, 0x7b, 0x04, 0x68, 0x03, 0x69, 0x03,
  0x7b, 0x03, 0x58, 0x03, 0x46, 0x02, 0x45, 0x03, 0x67, 0x05, 0x87, 0x0a,
  0x65, 0x08, 0x65, 0x08, 0x87, 0x0c, 0x65, 0x09, 0x44, 0x04, 0x45, 0x03,
  0x56, 0x04, 0x65, 0x06, 0xfc, 0x0f, 0xc8, 0x0f, 0x86, 0x0a, 0x99, 0x08,
  0x56, 0x03, 0x67, 0x03, 0x57, 0x03, 0x46, 0x03, 0x45, 0x02, 0x68, 0x03,
  0x56, 0x03, 0x45, 0x02, 0x9a, 0x08, 0x68, 0x04, 0x9b, 0x06, 0xbd, 0x0a,
  0xde, 0x0c, 0xcd, 0x0b, 0x9b, 0x06, 0xdd, 0x0d, 0xca, 0x0d, 0xec, 0x0f,
  0xda, 0x0f, 0xa7, 0x0b, 0x9a, 0x09, 0xba, 0x0c, 0xda, 0x0e, 0xdb, 0x0f,
  0xec, 0x0f, 0xdb, 0x0e, 0xb8, 0x0b, 0x8a, 0x06, 0x99, 0x0a, 0xb8, 0x0e,
  0xc9, 0x0f, 0xfe, 0x0f, 0xff, 0x0f, 0xaa, 0x0a, 0x99, 0x08, 0x8a, 0x06,
  0xee, 0x0e, 0xff, 0x0f, 0xdd, 0x0e, 0xb9, 0x0d, 0xb8, 0x0f, 0xc9, 0x0f,
  0x86, 0x0c, 0x54, 0x0a, 0x54, 0x0a, 0x54, 0x0a, 0x77, 0x09, 0x33, 0x03,
  0x33, 0x04, 0x43, 0x06, 0xa8, 0x0f, 0x97, 0x0e, 0x54, 0x0d, 0x54, 0x0c,
  0x55, 0x0c, 0x54, 0x0b, 0x54, 0x0a, 0x55, 0x0a, 0x65, 0x0a, 0x87, 0x0c,
  0x87, 0x0c, 0x77, 0x09, 0x66, 0x07, 0x55, 0x05, 0x33, 0x03, 0x00, 0x00,
  0x00, 0x00, 0x00, 0x00, 0x00, 0x00, 0x00, 0x00, 0x00, 0x00, 0x00, 0x00,
  0x00, 0x00, 0x00, 0x00, 0x00, 0x00, 0x00, 0x00, 0x00, 0x00, 0x00, 0x00,
  0x00, 0x00, 0x00, 0x00, 0x00, 0x00, 0x00, 0x00, 0x00, 0x00, 0x00, 0x00,
  0x00, 0x00, 0x00, 0x00, 0x00, 0x00, 0x00, 0x00, 0x00, 0x00, 0x00, 0x00,
  0x00, 0x00, 0x00, 0x00, 0x00, 0x00, 0x77, 0x06, 0x9a, 0x07, 0x7b, 0x03,
  0x69, 0x03, 0x69, 0x03, 0x7b, 0x03, 0x69, 0x03, 0x68, 0x03, 0x66, 0x04,
  0x45, 0x03, 0x87, 0x0a, 0x65, 0x08, 0x64, 0x0a, 0xb8, 0x0e, 0x76, 0x0b,
  0x55, 0x05, 0x54, 0x06, 0x65, 0x07, 0x87, 0x0a, 0xeb, 0x0f, 0xc7, 0x0f,
  0x75, 0x0a, 0x98, 0x09, 0x34, 0x03, 0x44, 0x02, 0x46, 0x02, 0x56, 0x03,
  0x68, 0x04, 0x45, 0x02, 0x68, 0x03, 0x34, 0x02, 0x67, 0x04, 0x78, 0x05,
  0xbb, 0x0b, 0xff, 0x0f, 0xff, 0x0f, 0x99, 0x07, 0xac, 0x07, 0xbc, 0x0a,
  0xda, 0x0f, 0xa6, 0x0e, 0x86, 0x0c, 0x86, 0x0c, 0x97, 0x0c, 0xb9, 0x0f,
  0xb7, 0x0f, 0xb7, 0x0e, 0xb8, 0x0e, 0xb8, 0x0d, 0xa8, 0x0d, 0x97, 0x0a,
  0x78, 0x06, 0xb9, 0x0b, 0xa7, 0x0d, 0xa7, 0x0e, 0x97, 0x0c, 0xb9, 0x0e,
  0xdc, 0x0e, 0x88, 0x08, 0xdd, 0x0d, 0xff, 0x0f, 0xee, 0x0f, 0x65, 0x07,
  0x86, 0x0c, 0xa7, 0x0f, 0x75, 0x0d, 0x76, 0x0b, 0x76, 0x0b, 0x66, 0x09,
  0x33, 0x04, 0x44, 0x05, 0x99, 0x0b, 0x65, 0x08, 0x76, 0x0e, 0x97, 0x0f,
  0x65, 0x0d, 0x54, 0x0c, 0x54, 0x0c, 0x54, 0x0b, 0x54, 0x0a, 0x54, 0x09,
  0x76, 0x0b, 0x87, 0x0b, 0xbb, 0x0d, 0xed, 0x0e, 0xee, 0x0f, 0xee, 0x0e,
  0x88, 0x08, 0x00, 0x00, 0x00, 0x00, 0x00, 0x00, 0x00, 0x00, 0x00, 0x00,
  0x00, 0x00, 0x00, 0x00, 0x00, 0x00, 0x00, 0x00, 0x00, 0x00, 0x00, 0x00,
  0x00, 0x00, 0x00, 0x00, 0x00, 0x00, 0x00, 0x00, 0x00, 0x00, 0x00, 0x00,
  0x00, 0x00, 0x00, 0x00, 0x00, 0x00, 0x00, 0x00, 0x00, 0x00, 0x00, 0x00,
  0x00, 0x00, 0x00, 0x00, 0x00, 0x00, 0x00, 0x00, 0x00, 0x00, 0x67, 0x05,
  0x9c, 0x07, 0x7b, 0x03, 0x7b, 0x03, 0x6a, 0x03, 0x7a, 0x03, 0x7b, 0x03,
  0x68, 0x03, 0x45, 0x03, 0x45, 0x03, 0x87, 0x08, 0x65, 0x09, 0x64, 0x0a,
  0xc9, 0x0e, 0x86, 0x0d, 0x87, 0x0d, 0x86, 0x0c, 0x97, 0x0c, 0x97, 0x0c,
  0xa7, 0x0b, 0x96, 0x0b, 0x54, 0x06, 0x54, 0x04, 0x33, 0x02, 0x33, 0x02,
  0x33, 0x02, 0x34, 0x02, 0x45, 0x02, 0x69, 0x04, 0x68, 0x03, 0x68, 0x03,
  0x46, 0x02, 0x79, 0x04, 0x78, 0x06, 0xcb, 0x0d, 0xec, 0x0f, 0x99, 0x07,
  0x79, 0x04, 0x99, 0x08, 0xb7, 0x0f, 0xb7, 0x0f, 0xda, 0x0f, 0xc8, 0x0e,
  0xb7, 0x0e, 0xa7, 0x0d, 0xa7, 0x0d, 0xda, 0x0e, 0xdc, 0x0e, 0xee, 0x0f,
  0xfe, 0x0f, 0xec, 0x0f, 0xa9, 0x0a, 0x78, 0x07, 0x97, 0x0a, 0xa7, 0x0c,
  0x75, 0x0c, 0x96, 0x0e, 0xc9, 0x0e, 0x88, 0x09, 0x88, 0x09, 0xaa, 0x0a,
  0x99, 0x0b, 0x87, 0x0a, 0x98, 0x0b, 0xb9, 0x0e, 0xb9, 0x0f, 0x96, 0x0d,
  0x97, 0x0e, 0x65, 0x07, 0x76, 0x08, 0xba, 0x0d, 0x87, 0x0b, 0x44, 0x06,
  0x75, 0x0d, 0x75, 0x0f, 0x65, 0x0c, 0x55, 0x0c, 0x54, 0x0b, 0x55, 0x0b,
  0x65, 0x0c, 0x76, 0x0b, 0x77, 0x09, 0x77, 0x07, 0x66, 0x06, 0x88, 0x08,
  0xbb, 0x0c, 0xed, 0x0e, 0xdd, 0x0e, 0xdd, 0x0d, 0x66, 0x06, 0x00, 0x00,
  0x00, 0x00, 0x00, 0x00, 0x00, 0x00, 0x00, 0x00, 0x00, 0x00, 0x00, 0x00,
  0x00, 0x00, 0x00, 0x00, 0x00, 0x00, 0x00, 0x00, 0x00, 0x00, 0x00, 0x00,
  0x00, 0x00, 0x00, 0x00, 0x00, 0x00, 0x00, 0x00, 0x00, 0x00, 0x00, 0x00,
  0x00, 0x00, 0x00, 0x00, 0x00, 0x00, 0x00, 0x00, 0x00, 0x00, 0x00, 0x00,
  0x00, 0x00, 0x78, 0x06, 0x7a, 0x04, 0x7c, 0x04, 0x7b, 0x03, 0x58, 0x02,
  0x69, 0x03, 0x7b, 0x03, 0x57, 0x03, 0x45, 0x03, 0x56, 0x03, 0x55, 0x05,
  0x66, 0x06, 0x55, 0x05, 0x55, 0x06, 0x55, 0x06, 0x33, 0x04, 0x32, 0x03,
  0x32, 0x05, 0x54, 0x08, 0xa8, 0x0d, 0xa8, 0x0d, 0x77, 0x08, 0x33, 0x03,
  0x32, 0x02, 0x33, 0x02, 0x33, 0x02, 0x23, 0x02, 0x23, 0x02, 0x33, 0x02,
  0x67, 0x04, 0x57, 0x03, 0x58, 0x03, 0x45, 0x02, 0x68, 0x04, 0x98, 0x09,
  0xc7, 0x0f, 0xa8, 0x0a, 0x79, 0x05, 0xa9, 0x09, 0xb9, 0x0d, 0xc9, 0x0f,
  0xd9, 0x0f, 0xc8, 0x0e, 0xb7, 0x0f, 0xa7, 0x0d, 0xb9, 0x0d, 0xed, 0x0e,
  0xfe, 0x0f, 0xfe, 0x0f, 0xee, 0x0e, 0xed, 0x0e, 0xdc, 0x0e, 0x98, 0x0a,
  0xb9, 0x0c, 0xb7, 0x0e, 0x75, 0x0d, 0x96, 0x0e, 0xb7, 0x0e, 0x88, 0x09,
  0xcc, 0x0c, 0xbb, 0x0c, 0x98, 0x0a, 0xba, 0x0d, 0x97, 0x0d, 0x87, 0x0e,
  0x76, 0x0d, 0x87, 0x0f, 0x86, 0x0d, 0x65, 0x07, 0x55, 0x08, 0x55, 0x08,
  0x54, 0x06, 0x44, 0x06, 0x76, 0x0a, 0x65, 0x0f, 0x55, 0x0d, 0x65, 0x0c,
  0x55, 0x0b, 0x65, 0x0a, 0x65, 0x08, 0x66, 0x06, 0x66, 0x07, 0x56, 0x06,
  0x56, 0x05, 0x56, 0x05, 0x55, 0x05, 0x66, 0x07, 0xbb, 0x0c, 0xdd, 0x0e,
  0xee, 0x0e, 0xcb, 0x0b, 0xaa, 0x0a, 0x00, 0x00, 0x00, 0x00, 0x00, 0x00,
  0x00, 0x00, 0x00, 0x00, 0x00, 0x00, 0x00, 0x00, 0x00, 0x00, 0x00, 0x00,
  0x00, 0x00, 0x00, 0x00, 0x00, 0x00, 0x00, 0x00, 0x00, 0x00, 0x00, 0x00,
  0x00, 0x00, 0x00, 0x00, 0x00, 0x00, 0x00, 0x00, 0x00, 0x00, 0x00, 0x00,
  0x00, 0x00, 0x00, 0x00, 0x00, 0x00, 0x89, 0x06, 0x7b, 0x03, 0x7b, 0x03,
  0x6a, 0x03, 0x57, 0x03, 0x57, 0x03, 0x6a, 0x03, 0x56, 0x03, 0x56, 0x03,
  0x45, 0x03, 0x33, 0x02, 0x33, 0x02, 0x66, 0x05, 0x43, 0x05, 0x44, 0x06,
  0x44, 0x06, 0x65, 0x09, 0x97, 0x0c, 0x97, 0x0d, 0x76, 0x0c, 0x54, 0x09,
  0x98, 0x0b, 0x98, 0x09, 0x33, 0x03, 0x33, 0x02, 0x33, 0x02, 0x33, 0x02,
  0x22, 0x02, 0x33, 0x02, 0x45, 0x02, 0x56, 0x04, 0x57, 0x03, 0x67, 0x04,
  0x45, 0x02, 0x77, 0x07, 0xa7, 0x0d, 0xb6, 0x0e, 0x77, 0x06, 0x9e, 0x04,
  0x9a, 0x08, 0xc7, 0x0f, 0xc9, 0x0e, 0xb9, 0x0e, 0xa7, 0x0d, 0x75, 0x0b,
  0x98, 0x0c, 0xdc, 0x0e, 0xdc, 0x0e, 0xfe, 0x0f, 0xff, 0x0f, 0xfe, 0x0f,
  0xb9, 0x0d, 0x99, 0x08, 0x87, 0x09, 0x76, 0x09, 0xbb, 0x0c, 0x97, 0x0c,
  0x97, 0x0b, 0xdd, 0x0e, 0x88, 0x0a, 0xb9, 0x0e, 0xa8, 0x0d, 0x75, 0x0c,
  0x96, 0x0e, 0x86, 0x0d, 0x75, 0x0d, 0x97, 0x0f, 0x75, 0x0c, 0x54, 0x07,
  0xa8, 0x0c, 0x55, 0x06, 0x66, 0x08, 0x66, 0x0b, 0x55, 0x09, 0x54, 0x0c,
  0x55, 0x0b, 0x55, 0x0b, 0x54, 0x07, 0x66, 0x06, 0x77, 0x08, 0x77, 0x07,
  0x67, 0x07, 0x77, 0x07, 0x66, 0x05, 0x55, 0x04, 0x55, 0x04, 0x55, 0x04,
  0x87, 0x08, 0xdd, 0x0e, 0xee, 0x0f, 0xfe, 0x0f, 0xbb, 0x0b, 0x00, 0x00,
  0x00, 0x00, 0x00, 0x00, 0x00, 0x00, 0x00, 0x00, 0x00, 0x00, 0x00, 0x00,
  0x00, 0x00, 0x00, 0x00, 0x00, 0x00, 0x00, 0x00, 0x00, 0x00, 0x00, 0x00,
  0x00, 0x00, 0x00, 0x00, 0x00, 0x00, 0x00, 0x00, 0x00, 0x00, 0x00, 0x00,
  0x00, 0x00, 0x00, 0x00, 0x00, 0x00, 0x00, 0x00, 0x42, 0x02, 0x79, 0x05,
  0x7b, 0x03, 0x6a, 0x03, 0x7b, 0x03, 0x57, 0x04, 0x56, 0x03, 0x6a, 0x03,
  0x46, 0x03, 0x57, 0x03, 0x56, 0x03, 0x34, 0x02, 0x77, 0x06, 0x54, 0x06,
  0x86, 0x0c, 0x54, 0x0b, 0x55, 0x0c, 0x54, 0x0c, 0x97, 0x0e, 0x75, 0x0e,
  0x86, 0x0e, 0x86, 0x0d, 0x55, 0x09, 0x75, 0x08, 0x88, 0x09, 0x87, 0x07,
  0x43, 0x03, 0x33, 0x02, 0x33, 0x02, 0x44, 0x03, 0x34, 0x02, 0x57, 0x03,
  0x79, 0x05, 0x68, 0x05, 0x67, 0x04, 0x56, 0x04, 0x98, 0x0b, 0xb7, 0x0e,
  0xb9, 0x0b, 0x68, 0x04, 0x78, 0x07, 0x97, 0x0d, 0x65, 0x0c, 0x75, 0x0d,
  0x86, 0x0d, 0x54, 0x0d, 0x85, 0x0e, 0xb9, 0x0e, 0xa8, 0x0d, 0x97, 0x0c,
  0xd8, 0x0f, 0xc7, 0x0f, 0xa7, 0x0b, 0x67, 0x05, 0xaa, 0x09, 0x55, 0x04,
  0x76, 0x08, 0xc9, 0x0e, 0x76, 0x0c, 0x97, 0x0e, 0x75, 0x0c, 0x75, 0x0c,
  0xa8, 0x0e, 0x65, 0x0d, 0x65, 0x0c, 0x65, 0x0b, 0x76, 0x0d, 0x66, 0x0d,
  0x54, 0x09, 0x44, 0x06, 0xa8, 0x0e, 0x65, 0x09, 0x65, 0x07, 0x66, 0x09,
  0x54, 0x0a, 0x65, 0x09, 0x65, 0x08, 0x55, 0x06, 0x67, 0x06, 0x88, 0x08,
  0x87, 0x08, 0x88, 0x09, 0x66, 0x06, 0x66, 0x06, 0x66, 0x06, 0x55, 0x06,
  0x55, 0x08, 0x66, 0x0a, 0x55, 0x07, 0x88, 0x09, 0xee, 0x0f, 0xed, 0x0f,
  0xee, 0x0e, 0x55, 0x05, 0x00, 0x00, 0x00, 0x00, 0x00, 0x00, 0x00, 0x00,
  0x00, 0x00, 0x00, 0x00, 0x00, 0x00, 0x00, 0x00, 0x00, 0x00, 0x00, 0x00,
  0x00, 0x00, 0x00, 0x00, 0x00, 0x00, 0x00, 0x00, 0x00, 0x00, 0x00, 0x00,
  0x00, 0x00, 0x00, 0x00, 0x00, 0x00, 0x00, 0x00, 0x00, 0x00, 0x77, 0x07,
  0x89, 0x06, 0x7b, 0x04, 0x7c, 0x04, 0x7b, 0x03, 0x7b, 0x03, 0x57, 0x04,
  0x56, 0x04, 0x7a, 0x03, 0x46, 0x03, 0x57, 0x03, 0x56, 0x04, 0x88, 0x08,
  0x65, 0x06, 0x54, 0x07, 0x54, 0x09, 0x44, 0x0a, 0x54, 0x0a, 0x76, 0x0b,
  0x86, 0x0b, 0x76, 0x0c, 0x75, 0x0d, 0xa7, 0x0d, 0x76, 0x0c, 0x54, 0x08,
  0x54, 0x08, 0x65, 0x08, 0x76, 0x09, 0x88, 0x0a, 0x66, 0x07, 0xa9, 0x0b,
  0x87, 0x09, 0x76, 0x08, 0x66, 0x08, 0x88, 0x0c, 0x87, 0x0b, 0x87, 0x0b,
  0x87, 0x0b, 0x86, 0x0c, 0x87, 0x0b, 0x87, 0x0b, 0x76, 0x0b, 0x65, 0x0e,
  0x54, 0x0c, 0x65, 0x0e, 0x86, 0x0d, 0x54, 0x0c, 0x75, 0x0e, 0x65, 0x08,
  0x56, 0x05, 0x66, 0x06, 0x97, 0x0a, 0x96, 0x0b, 0xa7, 0x0d, 0x98, 0x0a,
  0x55, 0x05, 0x98, 0x09, 0xa7, 0x0f, 0x96, 0x0f, 0x76, 0x0d, 0x86, 0x0e,
  0x65, 0x0c, 0x65, 0x0d, 0x86, 0x0e, 0x54, 0x0b, 0x65, 0x0a, 0x65, 0x0a,
  0x76, 0x0c, 0x66, 0x0c, 0x55, 0x07, 0x55, 0x07, 0x75, 0x0b, 0x65, 0x0b,
  0x77, 0x09, 0x77, 0x07, 0x56, 0x04, 0x89, 0x08, 0x66, 0x06, 0x66, 0x06,
  0x88, 0x09, 0x88, 0x08, 0x88, 0x09, 0x77, 0x08, 0x77, 0x08, 0x77, 0x07,
  0x66, 0x09, 0x76, 0x0d, 0x76, 0x0e, 0x66, 0x0e, 0x65, 0x0e, 0x55, 0x0d,
  0x88, 0x0d, 0xbb, 0x0d, 0xdc, 0x0e, 0xdd, 0x0d, 0x00, 0x00, 0x00, 0x00,
  0x00, 0x00, 0x00, 0x00, 0x00, 0x00, 0x00, 0x00, 0x00, 0x00, 0x00, 0x00,
  0x00, 0x00, 0x00, 0x00, 0x00, 0x00, 0x00, 0x00, 0x00, 0x00, 0x00, 0x00,
  0x00, 0x00, 0x00, 0x00, 0x00, 0x00, 0x00, 0x00, 0x00, 0x00, 0x00, 0x00,
  0x00, 0x00, 0x89, 0x07, 0x8a, 0x06, 0x7b, 0x04, 0x7c, 0x04, 0x7c, 0x04,
  0x7b, 0x03, 0x67, 0x04, 0x56, 0x04, 0x6a, 0x04, 0x56, 0x04, 0x78, 0x06,
  0xaa, 0x09, 0x66, 0x06, 0x65, 0x09, 0x86, 0x0d, 0x54, 0x0a, 0x54, 0x0a,
  0x87, 0x0c, 0xdb, 0x0e, 0x86, 0x0c, 0x97, 0x0d, 0x75, 0x0c, 0xa7, 0x0c,
  0x86, 0x0c, 0x65, 0x0a, 0x76, 0x0b, 0x65, 0x0a, 0x65, 0x0a, 0x54, 0x0b,
  0xba, 0x0c, 0x75, 0x0c, 0x87, 0x0d, 0x65, 0x0b, 0x42, 0x06, 0x65, 0x0b,
  0x75, 0x0d, 0x76, 0x0e, 0x86, 0x0c, 0x75, 0x0e, 0x97, 0x0d, 0x74, 0x0d,
  0x76, 0x0c, 0x64, 0x0e, 0x87, 0x0e, 0x64, 0x0e, 0x96, 0x0e, 0x54, 0x0b,
  0x85, 0x0f, 0x54, 0x07, 0x33, 0x02, 0x33, 0x02, 0x56, 0x04, 0x99, 0x08,
  0x67, 0x05, 0x45, 0x03, 0x33, 0x03, 0xcb, 0x0c, 0xa7, 0x0f, 0x86, 0x0f,
  0x86, 0x0e, 0x65, 0x0f, 0x55, 0x0d, 0x65, 0x0f, 0x75, 0x0d, 0x54, 0x09,
  0x33, 0x04, 0x54, 0x06, 0x54, 0x08, 0x44, 0x08, 0x54, 0x0a, 0x86, 0x0e,
  0x87, 0x0f, 0x76, 0x09, 0x77, 0x07, 0x55, 0x03, 0x89, 0x07, 0x89, 0x08,
  0x77, 0x07, 0x98, 0x09, 0x87, 0x08, 0x88, 0x09, 0x77, 0x08, 0x88, 0x08,
  0x76, 0x08, 0x87, 0x0c, 0x76, 0x0e, 0x76, 0x0e, 0x65, 0x0e, 0x65, 0x0e,
  0x65, 0x0f, 0x55, 0x0e, 0x55, 0x0e, 0x55, 0x0c, 0xcc, 0x0e, 0xee, 0x0f,
  0x77, 0x08, 0x00, 0x00, 0x00, 0x00, 0x00, 0x00, 0x00, 0x00, 0x00, 0x00,
  0x00, 0x00, 0x00, 0x00, 0x00, 0x00, 0x00, 0x00, 0x00, 0x00, 0x00, 0x00,
  0x00, 0x00, 0x00, 0x00, 0x00, 0x00, 0x00, 0x00, 0x00, 0x00, 0x00, 0x00,
  0x00, 0x00, 0x00, 0x00, 0x00, 0x00, 0x78, 0x06, 0x7a, 0x04, 0x7c, 0x04,
  0x7b, 0x04, 0x6a, 0x03, 0x79, 0x04, 0x88, 0x08, 0x99, 0x0a, 0x9a, 0x09,
  0xbb, 0x0b, 0x66, 0x07, 0x55, 0x06, 0x54, 0x07, 0x64, 0x0a, 0x43, 0x08,
  0x54, 0x09, 0x54, 0x09, 0x87, 0x0a, 0x98, 0x0a, 0x66, 0x0a, 0x86, 0x0b,
  0x97, 0x0d, 0xa8, 0x0d, 0x97, 0x0c, 0x65, 0x0a, 0x97, 0x0c, 0x75, 0x0e,
  0x64, 0x0e, 0x54, 0x0a, 0x98, 0x0c, 0xcb, 0x0d, 0xed, 0x0f, 0x75, 0x0e,
  0x44, 0x07, 0x65, 0x09, 0x85, 0x0f, 0xa5, 0x0f, 0x96, 0x0d, 0x85, 0x0f,
  0x97, 0x0d, 0x85, 0x0f, 0x97, 0x0e, 0x64, 0x0d, 0x86, 0x0e, 0x64, 0x0d,
  0x85, 0x0f, 0x43, 0x09, 0x85, 0x0e, 0x85, 0x0c, 0x75, 0x08, 0x53, 0x05,
  0x32, 0x03, 0x22, 0x02, 0x33, 0x02, 0x45, 0x03, 0x55, 0x05, 0xa9, 0x0c,
  0xa7, 0x0e, 0x86, 0x0f, 0x86, 0x0f, 0x66, 0x0f, 0x65, 0x0f, 0x66, 0x0f,
  0x65, 0x0d, 0x65, 0x0a, 0x43, 0x04, 0x43, 0x05, 0x44, 0x08, 0x76, 0x0e,
  0x96, 0x0f, 0x86, 0x0e, 0x77, 0x0b, 0x77, 0x07, 0x56, 0x04, 0x67, 0x05,
  0xaa, 0x09, 0x88, 0x08, 0x99, 0x09, 0x77, 0x08, 0x88, 0x09, 0x77, 0x08,
  0x76, 0x07, 0x66, 0x08, 0x98, 0x0d, 0x87, 0x0c, 0x66, 0x09, 0x77, 0x0a,
  0x66, 0x0a, 0x65, 0x0b, 0x65, 0x0e, 0x55, 0x0e, 0x44, 0x0e, 0x54, 0x0e,
  0x66, 0x0c, 0xee, 0x0f, 0xcc, 0x0d, 0x66, 0x06, 0x00, 0x00, 0x00, 0x00,
  0x00, 0x00, 0x00, 0x00, 0x00, 0x00, 0x00, 0x00, 0x00, 0x00, 0x00, 0x00,
  0x00, 0x00, 0x00, 0x00, 0x00, 0x00, 0x00, 0x00, 0x00, 0x00, 0x00, 0x00,
  0x00, 0x00, 0x00, 0x00, 0x00, 0x00, 0x00, 0x00, 0x00, 0x00, 0x45, 0x03,
  0x79, 0x04, 0x7a, 0x04, 0x69, 0x03, 0x89, 0x06, 0xbb, 0x0a, 0xb8, 0x0c,
  0x64, 0x07, 0x99, 0x0b, 0x55, 0x06, 0x76, 0x09, 0x97, 0x0b, 0x75, 0x0b,
  0x54, 0x09, 0x43, 0x09, 0x43, 0x09, 0x54, 0x0a, 0x65, 0x0a, 0x87, 0x0b,
  0x76, 0x0b, 0x86, 0x0c, 0x86, 0x0c, 0x86, 0x0d, 0x85, 0x0e, 0xa8, 0x0f,
  0xc8, 0x0f, 0x85, 0x0f, 0x65, 0x0e, 0x64, 0x09, 0x75, 0x0a, 0xc8, 0x0e,
  0xc8, 0x0f, 0x75, 0x0e, 0x43, 0x08, 0x54, 0x07, 0x85, 0x0f, 0xb7, 0x0f,
  0x96, 0x0c, 0xb6, 0x0f, 0xa7, 0x0d, 0xa5, 0x0f, 0xb8, 0x0e, 0x53, 0x09,
  0x53, 0x0a, 0x54, 0x09, 0x75, 0x0c, 0x54, 0x09, 0x64, 0x0b, 0x85, 0x0c,
  0xa6, 0x0e, 0xb9, 0x0c, 0x44, 0x04, 0x33, 0x03, 0x98, 0x09, 0xa8, 0x0b,
  0x76, 0x0a, 0x86, 0x0b, 0xa7, 0x0f, 0x86, 0x0f, 0x86, 0x0f, 0x65, 0x0f,
  0x65, 0x0f, 0x65, 0x0f, 0x65, 0x0d, 0x55, 0x09, 0x33, 0x05, 0x43, 0x07,
  0x65, 0x0c, 0x85, 0x0f, 0x96, 0x0e, 0x97, 0x0c, 0x66, 0x07, 0x56, 0x04,
  0x78, 0x05, 0xab, 0x09, 0xaa, 0x09, 0x99, 0x09, 0xaa, 0x0a, 0x99, 0x0a,
  0x78, 0x08, 0x77, 0x07, 0x66, 0x07, 0x99, 0x0b, 0x98, 0x0b, 0x98, 0x0a,
  0xbb, 0x0c, 0xaa, 0x0c, 0x99, 0x0b, 0x88, 0x0b, 0x77, 0x0b, 0x55, 0x0d,
  0x54, 0x0e, 0x44, 0x0e, 0x55, 0x0e, 0x88, 0x0d, 0xfe, 0x0f, 0xa9, 0x0a,
  0x00, 0x00, 0x00, 0x00, 0x00, 0x00, 0x00, 0x00, 0x00, 0x00, 0x00, 0x00,
  0x00, 0x00, 0x00, 0x00, 0x00, 0x00, 0x00, 0x00, 0x00, 0x00, 0x00, 0x00,
  0x00, 0x00, 0x00, 0x00, 0x00, 0x00, 0x00, 0x00, 0x00, 0x00, 0x00, 0x00,
  0x00, 0x00, 0x44, 0x04, 0x78, 0x07, 0x88, 0x08, 0xaa, 0x0a, 0xca, 0x0c,
  0x86, 0x09, 0x54, 0x07, 0x54, 0x09, 0x66, 0x09, 0x98, 0x0b, 0xb9, 0x0e,
  0x97, 0x0e, 0x65, 0x0d, 0x55, 0x0d, 0x54, 0x0d, 0x64, 0x0e, 0x54, 0x0e,
  0x65, 0x0e, 0x86, 0x0e, 0x86, 0x0f, 0x75, 0x0d, 0x75, 0x0d, 0x86, 0x0d,
  0x86, 0x0e, 0x97, 0x0d, 0xc9, 0x0e, 0x97, 0x0d, 0x76, 0x0c, 0x86, 0x0a,
  0x65, 0x09, 0xa6, 0x0e, 0xb6, 0x0f, 0x85, 0x0d, 0x32, 0x05, 0x65, 0x08,
  0x96, 0x0d, 0xa8, 0x0d, 0x86, 0x0c, 0xb7, 0x0e, 0x75, 0x0b, 0xa7, 0x0e,
  0xb9, 0x0c, 0x66, 0x06, 0x76, 0x07, 0x66, 0x07, 0x76, 0x09, 0x77, 0x09,
  0x87, 0x09, 0xa8, 0x0d, 0xba, 0x0d, 0x99, 0x09, 0x66, 0x05, 0x76, 0x06,
  0xdb, 0x0d, 0xc9, 0x0d, 0x87, 0x0a, 0x88, 0x0a, 0xca, 0x0e, 0xa9, 0x0e,
  0xa9, 0x0e, 0x98, 0x0e, 0x98, 0x0e, 0x88, 0x0e, 0x88, 0x0c, 0x88, 0x09,
  0x77, 0x08, 0x77, 0x09, 0x88, 0x0c, 0x87, 0x0c, 0x98, 0x0c, 0x88, 0x09,
  0x67, 0x06, 0x78, 0x06, 0x78, 0x06, 0x88, 0x07, 0x77, 0x07, 0xaa, 0x0a,
  0x99, 0x09, 0x99, 0x0a, 0x78, 0x07, 0x88, 0x07, 0x99, 0x0a, 0x99, 0x0b,
  0x99, 0x0b, 0xa9, 0x0b, 0x88, 0x0a, 0x77, 0x09, 0x77, 0x0a, 0x77, 0x0a,
  0x87, 0x0a, 0x76, 0x0b, 0x55, 0x0d, 0x44, 0x0e, 0x55, 0x0e, 0x65, 0x0d,
  0xfe, 0x0f, 0xcc, 0x0c, 0x00, 0x00, 0x00, 0x00, 0x00, 0x00, 0x00, 0x00,
  0x00, 0x00, 0x00, 0x00, 0x00, 0x00, 0x00, 0x00, 0x00, 0x00, 0x00, 0x00,
  0x00, 0x00, 0x00, 0x00, 0x00, 0x00, 0x00, 0x00, 0x00, 0x00, 0x00, 0x00,
  0x00, 0x00, 0x00, 0x00, 0x00, 0x00, 0x54, 0x05, 0x55, 0x07, 0x33, 0x04,
  0x44, 0x05, 0xa9, 0x0b, 0x77, 0x09, 0x75, 0x0c, 0x96, 0x0d, 0x54, 0x09,
  0x76, 0x0a, 0x87, 0x0c, 0x54, 0x0d, 0x64, 0x0e, 0x54, 0x0e, 0x54, 0x0e,
  0x65, 0x0f, 0x65, 0x0e, 0x65, 0x0e, 0xca, 0x0f, 0xdb, 0x0f, 0x44, 0x05,
  0x56, 0x05, 0x88, 0x07, 0x88, 0x08, 0x89, 0x07, 0x99, 0x08, 0x89, 0x08,
  0x99, 0x08, 0x99, 0x08, 0x88, 0x08, 0x75, 0x0b, 0xa5, 0x0e, 0xa6, 0x0e,
  0x43, 0x07, 0x54, 0x09, 0x95, 0x0f, 0xb7, 0x0e, 0x95, 0x0d, 0xb8, 0x0e,
  0xa5, 0x0e, 0xb7, 0x0e, 0xcb, 0x0d, 0x89, 0x07, 0x89, 0x08, 0x99, 0x08,
  0x89, 0x08, 0x99, 0x08, 0x99, 0x09, 0x89, 0x08, 0x99, 0x08, 0x99, 0x09,
  0x99, 0x09, 0x9a, 0x09, 0x99, 0x09, 0x99, 0x09, 0x99, 0x09, 0x99, 0x09,
  0x99, 0x09, 0x99, 0x09, 0xaa, 0x09, 0x9a, 0x09, 0x99, 0x09, 0x9a, 0x09,
  0x99, 0x09, 0x99, 0x09, 0x99, 0x09, 0x98, 0x08, 0x98, 0x08, 0x88, 0x08,
  0x88, 0x08, 0x88, 0x07, 0x88, 0x08, 0x77, 0x07, 0x77, 0x07, 0x66, 0x06,
  0x55, 0x06, 0xaa, 0x0a, 0xaa, 0x0a, 0x88, 0x08, 0x89, 0x08, 0xaa, 0x0a,
  0xaa, 0x0b, 0x99, 0x0a, 0x76, 0x08, 0x77, 0x09, 0x77, 0x09, 0x77, 0x09,
  0x77, 0x0a, 0x77, 0x0a, 0x87, 0x0a, 0x88, 0x0a, 0x76, 0x0b, 0x55, 0x0e,
  0x54, 0x0f, 0x55, 0x0e, 0xed, 0x0f, 0xed, 0x0e, 0x33, 0x03, 0x00, 0x00,
  0x00, 0x00, 0x00, 0x00, 0x00, 0x00, 0x00, 0x00, 0x00, 0x00, 0x00, 0x00,
  0x00, 0x00, 0x00, 0x00, 0x00, 0x00, 0x00, 0x00, 0x00, 0x00, 0x00, 0x00,
  0x00, 0x00, 0x00, 0x00, 0x00, 0x00, 0x00, 0x00, 0x00, 0x00, 0x44, 0x04,
  0x55, 0x05, 0x33, 0x02, 0x33, 0x02, 0x33, 0x04, 0x77, 0x09, 0x98, 0x0b,
  0x55, 0x0a, 0x64, 0x0c, 0x54, 0x0b, 0x87, 0x0b, 0x65, 0x0d, 0x54, 0x0e,
  0x64, 0x0f, 0x54, 0x0e, 0x64, 0x0f, 0x64, 0x0f, 0x75, 0x0f, 0xda, 0x0f,
  0xea, 0x0f, 0x44, 0x05, 0x99, 0x09, 0x77, 0x07, 0x76, 0x06, 0x77, 0x07,
  0x77, 0x07, 0x77, 0x07, 0x77, 0x07, 0x77, 0x07, 0x76, 0x07, 0x65, 0x0b,
  0x53, 0x09, 0x53, 0x09, 0x54, 0x0a, 0x53, 0x09, 0x74, 0x0c, 0x64, 0x0a,
  0x74, 0x0d, 0x85, 0x0c, 0x85, 0x0d, 0xc9, 0x0e, 0xa8, 0x0a, 0x77, 0x07,
  0x77, 0x07, 0x77, 0x07, 0x77, 0x07, 0x76, 0x07, 0x76, 0x07, 0x77, 0x07,
  0x76, 0x07, 0x77, 0x07, 0x66, 0x07, 0x66, 0x07, 0x66, 0x07, 0x66, 0x07,
  0x66, 0x07, 0x76, 0x07, 0x77, 0x07, 0x77, 0x07, 0x76, 0x08, 0x76, 0x07,
  0x66, 0x07, 0x66, 0x07, 0x66, 0x07, 0x66, 0x07, 0x66, 0x07, 0x66, 0x07,
  0x66, 0x07, 0x66, 0x07, 0x66, 0x07, 0x66, 0x07, 0x65, 0x06, 0x55, 0x05,
  0x77, 0x07, 0x99, 0x09, 0x55, 0x05, 0xbb, 0x0c, 0xaa, 0x0b, 0x66, 0x06,
  0xa9, 0x0a, 0xaa, 0x0c, 0x88, 0x0a, 0x77, 0x09, 0x99, 0x0b, 0x98, 0x0b,
  0x77, 0x09, 0x77, 0x0a, 0x77, 0x0a, 0x77, 0x09, 0x77, 0x09, 0x77, 0x0a,
  0x87, 0x0a, 0x66, 0x0b, 0x55, 0x0e, 0x55, 0x0e, 0xcc, 0x0e, 0xdd, 0x0e,
  0x88, 0x08, 0x00, 0x00, 0x00, 0x00, 0x00, 0x00, 0x00, 0x00, 0x00, 0x00,
  0x00, 0x00, 0x00, 0x00, 0x00, 0x00, 0x00, 0x00, 0x00, 0x00, 0x00, 0x00,
  0x00, 0x00, 0x00, 0x00, 0x00, 0x00, 0x00, 0x00, 0x00, 0x00, 0x00, 0x00,
  0x00, 0x00, 0x33, 0x03, 0x55, 0x05, 0x33, 0x03, 0x44, 0x03, 0x66, 0x06,
  0x43, 0x05, 0x87, 0x09, 0x87, 0x0c, 0x85, 0x0e, 0x86, 0x0f, 0x65, 0x0b,
  0x65, 0x0c, 0x64, 0x0e, 0x64, 0x0f, 0x64, 0x0f, 0x64, 0x0f, 0x64, 0x0f,
  0x64, 0x0e, 0xda, 0x0f, 0xd9, 0x0f, 0x54, 0x05, 0x99, 0x08, 0x33, 0x02,
  0x33, 0x02, 0x33, 0x03, 0x44, 0x04, 0x44, 0x04, 0x44, 0x04, 0x44, 0x03,
  0x33, 0x03, 0x54, 0x06, 0x54, 0x07, 0x54, 0x07, 0x44, 0x07, 0x54, 0x07,
  0x54, 0x0a, 0x43, 0x09, 0x65, 0x0c, 0x53, 0x0a, 0x64, 0x0b, 0xb8, 0x0d,
  0x54, 0x06, 0x33, 0x03, 0x44, 0x03, 0x33, 0x03, 0x44, 0x04, 0x44, 0x04,
  0x44, 0x03, 0x33, 0x03, 0x33, 0x03, 0x44, 0x04, 0x44, 0x04, 0x44, 0x03,
  0x34, 0x03, 0x33, 0x03, 0x44, 0x03, 0x44, 0x03, 0x44, 0x04, 0x44, 0x04,
  0x44, 0x03, 0x33, 0x03, 0x11, 0x01, 0x11, 0x01, 0x11, 0x01, 0x11, 0x01,
  0x11, 0x01, 0x11, 0x01, 0x11, 0x01, 0x11, 0x01, 0x11, 0x01, 0x11, 0x01,
  0x11, 0x01, 0x11, 0x01, 0x33, 0x03, 0x9a, 0x09, 0x65, 0x06, 0xcc, 0x0d,
  0x77, 0x08, 0xaa, 0x0a, 0xaa, 0x0b, 0xaa, 0x0c, 0xcb, 0x0d, 0xcb, 0x0d,
  0x99, 0x0b, 0x77, 0x09, 0x77, 0x09, 0x88, 0x0a, 0x87, 0x0a, 0x76, 0x09,
  0x76, 0x09, 0x77, 0x09, 0x77, 0x0a, 0x87, 0x0a, 0x65, 0x0b, 0x55, 0x0e,
  0xba, 0x0e, 0xee, 0x0e, 0x88, 0x08, 0x00, 0x00, 0x00, 0x00, 0x00, 0x00,
  0x00, 0x00, 0x00, 0x00, 0x00, 0x00, 0x00, 0x00, 0x00, 0x00, 0x00, 0x00,
  0x00, 0x00, 0x00, 0x00, 0x00, 0x00, 0x00, 0x00, 0x00, 0x00, 0x00, 0x00,
  0x00, 0x00, 0x00, 0x00, 0x00, 0x00, 0x33, 0x03, 0x55, 0x04, 0x44, 0x04,
  0x55, 0x06, 0x65, 0x07, 0x54, 0x07, 0x43, 0x06, 0x87, 0x0a, 0x96, 0x0d,
  0x96, 0x0e, 0x85, 0x0d, 0x76, 0x0b, 0x54, 0x0d, 0x64, 0x0f, 0x64, 0x0f,
  0x64, 0x0f, 0x64, 0x0f, 0x64, 0x0f, 0xc8, 0x0f, 0xc8, 0x0f, 0x43, 0x05,
  0x99, 0x08, 0x33, 0x02, 0x77, 0x07, 0x44, 0x03, 0x33, 0x03, 0x33, 0x02,
  0x33, 0x02, 0x32, 0x02, 0x33, 0x02, 0x23, 0x02, 0x22, 0x02, 0x22, 0x02,
  0x22, 0x02, 0x32, 0x03, 0x43, 0x07, 0x33, 0x07, 0x54, 0x09, 0x53, 0x08,
  0x54, 0x09, 0x53, 0x07, 0x22, 0x02, 0x22, 0x02, 0x22, 0x02, 0x22, 0x02,
  0x22, 0x02, 0x22, 0x02, 0x22, 0x02, 0x22, 0x02, 0x22, 0x02, 0x22, 0x02,
  0x22, 0x02, 0x22, 0x02, 0x22, 0x02, 0x22, 0x01, 0x22, 0x02, 0x22, 0x02,
  0x22, 0x01, 0x22, 0x02, 0x22, 0x02, 0x44, 0x04, 0x33, 0x03, 0x77, 0x06,
  0x56, 0x05, 0x55, 0x04, 0x45, 0x04, 0x44, 0x04, 0x44, 0x04, 0x55, 0x05,
  0x55, 0x04, 0x55, 0x04, 0x55, 0x05, 0x55, 0x05, 0x33, 0x03, 0x99, 0x09,
  0x66, 0x06, 0xbb, 0x0b, 0x67, 0x06, 0xbb, 0x0b, 0xcc, 0x0d, 0xcc, 0x0d,
  0xaa, 0x0c, 0x99, 0x0b, 0x88, 0x0a, 0x88, 0x0a, 0x98, 0x0b, 0x88, 0x0a,
  0x77, 0x09, 0x77, 0x09, 0x76, 0x09, 0x66, 0x09, 0x76, 0x09, 0x77, 0x08,
  0x77, 0x09, 0x65, 0x0c, 0xba, 0x0e, 0xee, 0x0e, 0x88, 0x08, 0x00, 0x00,
  0x00, 0x00, 0x00, 0x00, 0x00, 0x00, 0x00, 0x00, 0x00, 0x00, 0x00, 0x00,
  0x00, 0x00, 0x00, 0x00, 0x00, 0x00, 0x00, 0x00, 0x00, 0x00, 0x00, 0x00,
  0x00, 0x00, 0x00, 0x00, 0x00, 0x00, 0x00, 0x00, 0x00, 0x00, 0x44, 0x04,
  0x66, 0x08, 0x98, 0x0c, 0x76, 0x09, 0x54, 0x0b, 0x54, 0x0a, 0x43, 0x06,
  0x43, 0x06, 0xa8, 0x0d, 0x96, 0x0e, 0x75, 0x0e, 0x65, 0x0b, 0x64, 0x0c,
  0x64, 0x0f, 0x64, 0x0f, 0x64, 0x0f, 0x64, 0x0f, 0x64, 0x0f, 0xb7, 0x0f,
  0xc8, 0x0f, 0x43, 0x05, 0x99, 0x08, 0x33, 0x03, 0xbb, 0x0b, 0x87, 0x08,
  0x33, 0x02, 0x33, 0x02, 0x22, 0x02, 0x22, 0x01, 0x11, 0x01, 0x11, 0x01,
  0x11, 0x01, 0x11, 0x01, 0x11, 0x01, 0x11, 0x01, 0x11, 0x01, 0x11, 0x01,
  0x21, 0x01, 0x11, 0x01, 0x11, 0x01, 0x21, 0x01, 0x12, 0x01, 0x22, 0x01,
  0x11, 0x01, 0x11, 0x01, 0x11, 0x01, 0x11, 0x01, 0x11, 0x01, 0x11, 0x01,
  0x11, 0x01, 0x11, 0x01, 0x12, 0x01, 0x11, 0x01, 0x11, 0x01, 0x11, 0x01,
  0x11, 0x01, 0x11, 0x01, 0x11, 0x01, 0x22, 0x01, 0x43, 0x03, 0xba, 0x0b,
  0x33, 0x04, 0x77, 0x06, 0x21, 0x02, 0x22, 0x02, 0x21, 0x02, 0x11, 0x01,
  0x22, 0x01, 0x33, 0x03, 0x44, 0x03, 0x55, 0x05, 0x55, 0x05, 0x55, 0x05,
  0x33, 0x03, 0x99, 0x09, 0x66, 0x06, 0x89, 0x08, 0x99, 0x09, 0xdc, 0x0e,
  0xaa, 0x0c, 0x98, 0x0a, 0x77, 0x09, 0x87, 0x09, 0x88, 0x0a, 0xaa, 0x0c,
  0x99, 0x0b, 0x76, 0x09, 0x66, 0x09, 0x77, 0x09, 0x66, 0x09, 0x76, 0x08,
  0x77, 0x08, 0x77, 0x07, 0x78, 0x08, 0x77, 0x0a, 0xbb, 0x0d, 0xee, 0x0e,
  0x77, 0x07, 0x00, 0x00, 0x00, 0x00, 0x00, 0x00, 0x00, 0x00, 0x00, 0x00,
  0x00, 0x00, 0x00, 0x00, 0x00, 0x00, 0x00, 0x00, 0x00, 0x00, 0x00, 0x00,
  0x00, 0x00, 0x00, 0x00, 0x00, 0x00, 0x00, 0x00, 0x00, 0x00, 0x00, 0x00,
  0x00, 0x00, 0x44, 0x06, 0x65, 0x0b, 0x75, 0x0d, 0x86, 0x0a, 0x87, 0x0b,
  0x75, 0x0e, 0x54, 0x0c, 0x44, 0x08, 0x54, 0x08, 0x86, 0x0c, 0x75, 0x0e,
  0x54, 0x09, 0x65, 0x0c, 0x64, 0x0e, 0x64, 0x0f, 0x64, 0x0f, 0x64, 0x0f,
  0x64, 0x0f, 0x96, 0x0f, 0xd8, 0x0f, 0x43, 0x05, 0x89, 0x08, 0x33, 0x03,
  0xcc, 0x0d, 0xcc, 0x0d, 0x65, 0x06, 0x22, 0x01, 0x22, 0x01, 0x11, 0x01,
  0x12, 0x01, 0x12, 0x01, 0x12, 0x01, 0x22, 0x01, 0x12, 0x01, 0x22, 0x01,
  0x12, 0x01, 0x22, 0x01, 0x22, 0x01, 0x22, 0x01, 0x22, 0x01, 0x22, 0x01,
  0x12, 0x01, 0x12, 0x01, 0x12, 0x01, 0x22, 0x01, 0x12, 0x01, 0x12, 0x01,
  0x12, 0x01, 0x22, 0x01, 0x12, 0x01, 0x12, 0x01, 0x12, 0x01, 0x12, 0x01,
  0x22, 0x01, 0x22, 0x01, 0x12, 0x01, 0x11, 0x01, 0x11, 0x01, 0x22, 0x01,
  0x98, 0x08, 0xba, 0x0b, 0x43, 0x04, 0x66, 0x05, 0x22, 0x01, 0x22, 0x02,
  0x22, 0x02, 0x11, 0x01, 0x22, 0x01, 0x33, 0x03, 0x33, 0x03, 0x44, 0x04,
  0x44, 0x04, 0x56, 0x05, 0x44, 0x04, 0x99, 0x09, 0x55, 0x06, 0xaa, 0x0b,
  0xba, 0x0c, 0x99, 0x0b, 0x88, 0x0a, 0x77, 0x09, 0x98, 0x0a, 0xaa, 0x0b,
  0xa9, 0x0b, 0x87, 0x09, 0x66, 0x08, 0x66, 0x08, 0x66, 0x08, 0x66, 0x09,
  0x66, 0x08, 0x77, 0x08, 0x78, 0x08, 0x77, 0x07, 0x88, 0x07, 0xaa, 0x0b,
  0xfe, 0x0f, 0xdc, 0x0d, 0x77, 0x06, 0x00, 0x00, 0x00, 0x00, 0x00, 0x00,
  0x00, 0x00, 0x00, 0x00, 0x00, 0x00, 0x00, 0x00, 0x00, 0x00, 0x00, 0x00,
  0x00, 0x00, 0x00, 0x00, 0x00, 0x00, 0x00, 0x00, 0x00, 0x00, 0x00, 0x00,
  0x00, 0x00, 0x00, 0x00, 0x00, 0x00, 0x44, 0x05, 0x65, 0x09, 0x65, 0x0a,
  0x44, 0x06, 0x53, 0x07, 0x75, 0x0e, 0x74, 0x0f, 0x76, 0x0d, 0x44, 0x09,
  0x76, 0x0b, 0x65, 0x0c, 0x54, 0x0a, 0x54, 0x0b, 0x64, 0x0e, 0x64, 0x0f,
  0x64, 0x0f, 0x64, 0x0f, 0x64, 0x0f, 0x86, 0x0d, 0xb9, 0x0d, 0x44, 0x05,
  0x99, 0x08, 0x33, 0x03, 0xdc, 0x0d, 0xdd, 0x0e, 0x44, 0x04, 0x22, 0x01,
  0x22, 0x01, 0x22, 0x01, 0x34, 0x01, 0x67, 0x03, 0x56, 0x02, 0x56, 0x02,
  0x56, 0x02, 0x56, 0x02, 0x56, 0x02, 0x56, 0x03, 0x56, 0x03, 0x56, 0x03,
  0x56, 0x03, 0x68, 0x03, 0x67, 0x03, 0x56, 0x03, 0x56, 0x03, 0x56, 0x03,
  0x56, 0x03, 0x56, 0x02, 0x56, 0x03, 0x56, 0x03, 0x56, 0x03, 0x56, 0x03,
  0x56, 0x03, 0x56, 0x03, 0x56, 0x03, 0x68, 0x04, 0x23, 0x02, 0x11, 0x01,
  0x11, 0x01, 0x11, 0x01, 0x87, 0x07, 0xa9, 0x0a, 0x33, 0x03, 0x55, 0x04,
  0x66, 0x05, 0x66, 0x05, 0x66, 0x06, 0x66, 0x05, 0x56, 0x05, 0x66, 0x06,
  0x55, 0x05, 0x55, 0x05, 0x55, 0x05, 0x56, 0x05, 0x44, 0x04, 0x99, 0x09,
  0x55, 0x06, 0xaa, 0x0c, 0x99, 0x0b, 0x99, 0x0b, 0xa9, 0x0b, 0xaa, 0x0b,
  0xba, 0x0c, 0x99, 0x0b, 0x88, 0x0a, 0x88, 0x0a, 0x66, 0x08, 0x76, 0x09,
  0x76, 0x09, 0x76, 0x09, 0x77, 0x08, 0x77, 0x08, 0x89, 0x08, 0x88, 0x07,
  0x99, 0x08, 0xbc, 0x0b, 0xff, 0x0f, 0xcc, 0x0c, 0x55, 0x05, 0x00, 0x00,
  0x00, 0x00, 0x00, 0x00, 0x00, 0x00, 0x00, 0x00, 0x00, 0x00, 0x00, 0x00,
  0x00, 0x00, 0x00, 0x00, 0x00, 0x00, 0x00, 0x00, 0x00, 0x00, 0x00, 0x00,
  0x00, 0x00, 0x00, 0x00, 0x00, 0x00, 0x00, 0x00, 0x00, 0x00, 0x33, 0x03,
  0x44, 0x05, 0x54, 0x06, 0x44, 0x06, 0x86, 0x0c, 0x75, 0x0f, 0x75, 0x0f,
  0xc9, 0x0f, 0x75, 0x0c, 0x54, 0x09, 0x76, 0x0b, 0x54, 0x0b, 0x65, 0x0b,
  0x64, 0x0e, 0x64, 0x0f, 0x64, 0x0f, 0x64, 0x0f, 0x76, 0x0d, 0x98, 0x0c,
  0x66, 0x09, 0x44, 0x05, 0x99, 0x08, 0x33, 0x03, 0xed, 0x0e, 0xee, 0x0f,
  0x32, 0x02, 0x22, 0x01, 0x22, 0x01, 0x22, 0x02, 0x45, 0x02, 0x45, 0x02,
  0x11, 0x01, 0x11, 0x01, 0x11, 0x01, 0x11, 0x01, 0x11, 0x01, 0x11, 0x01,
  0x22, 0x01, 0x22, 0x01, 0x22, 0x01, 0x46, 0x02, 0x34, 0x02, 0x11, 0x01,
  0x12, 0x01, 0x12, 0x01, 0x11, 0x01, 0x11, 0x01, 0x11, 0x01, 0x11, 0x01,
  0x22, 0x01, 0x12, 0x01, 0x12, 0x01, 0x22, 0x01, 0x12, 0x01, 0x46, 0x02,
  0x23, 0x02, 0x11, 0x01, 0x11, 0x01, 0x11, 0x01, 0x76, 0x06, 0xa8, 0x09,
  0x44, 0x03, 0x67, 0x05, 0x45, 0x03, 0x78, 0x06, 0x78, 0x06, 0x66, 0x05,
  0x88, 0x07, 0x88, 0x07, 0x66, 0x05, 0x88, 0x08, 0x77, 0x06, 0x99, 0x09,
  0x44, 0x04, 0x99, 0x09, 0x55, 0x07, 0x99, 0x0c, 0xa9, 0x0d, 0xba, 0x0c,
  0xaa, 0x0c, 0x99, 0x0b, 0x88, 0x09, 0x99, 0x0a, 0x99, 0x0b, 0x77, 0x09,
  0x76, 0x09, 0x77, 0x0a, 0x77, 0x09, 0x77, 0x09, 0x77, 0x08, 0x88, 0x08,
  0x89, 0x07, 0x8a, 0x07, 0x9a, 0x08, 0xdd, 0x0d, 0xff, 0x0f, 0xbb, 0x0b,
  0x00, 0x00, 0x00, 0x00, 0x00, 0x00, 0x00, 0x00, 0x00, 0x00, 0x00, 0x00,
  0x00, 0x00, 0x00, 0x00, 0x00, 0x00, 0x00, 0x00, 0x00, 0x00, 0x00, 0x00,
  0x00, 0x00, 0x00, 0x00, 0x00, 0x00, 0x00, 0x00, 0x00, 0x00, 0x00, 0x00,
  0x00, 0x00, 0x00, 0x00, 0x54, 0x05, 0x44, 0x06, 0x54, 0x08, 0xb8, 0x0f,
  0x75, 0x0f, 0x75, 0x0f, 0xea, 0x0f, 0xc8, 0x0f, 0x53, 0x08, 0x76, 0x09,
  0x55, 0x0a, 0x86, 0x0c, 0x64, 0x0e, 0x64, 0x0f, 0x64, 0x0f, 0x76, 0x0d,
  0x65, 0x0a, 0x64, 0x0b, 0x86, 0x0c, 0x43, 0x05, 0x89, 0x08, 0x33, 0x03,
  0xee, 0x0e, 0xee, 0x0e, 0x22, 0x01, 0x22, 0x01, 0x22, 0x01, 0x22, 0x01,
  0x45, 0x02, 0x45, 0x02, 0x11, 0x01, 0x23, 0x01, 0x34, 0x01, 0x34, 0x01,
  0x23, 0x01, 0x11, 0x01, 0x22, 0x01, 0x22, 0x01, 0x22, 0x01, 0x45, 0x02,
  0x34, 0x02, 0x22, 0x01, 0x22, 0x01, 0x35, 0x02, 0x46, 0x02, 0x35, 0x02,
  0x12, 0x01, 0x23, 0x01, 0x46, 0x02, 0x46, 0x02, 0x46, 0x02, 0x22, 0x02,
  0x11, 0x01, 0x46, 0x02, 0x23, 0x01, 0x11, 0x01, 0x11, 0x01, 0x11, 0x01,
  0x65, 0x05, 0x98, 0x08, 0x43, 0x03, 0x66, 0x04, 0x33, 0x03, 0x89, 0x06,
  0x77, 0x06, 0x66, 0x04, 0x89, 0x07, 0x77, 0x06, 0x66, 0x05, 0x89, 0x08,
  0x66, 0x05, 0x99, 0x09, 0x44, 0x04, 0x99, 0x09, 0x54, 0x07, 0x98, 0x0c,
  0x76, 0x0c, 0x65, 0x0d, 0x77, 0x0b, 0x99, 0x0b, 0xaa, 0x0c, 0xba, 0x0c,
  0x88, 0x0a, 0x77, 0x0a, 0x76, 0x09, 0x77, 0x09, 0x87, 0x09, 0x88, 0x08,
  0x88, 0x08, 0x99, 0x08, 0x89, 0x06, 0x9a, 0x08, 0xbc, 0x0b, 0xfe, 0x0f,
  0xff, 0x0f, 0xbb, 0x0b, 0x00, 0x00, 0x00, 0x00, 0x00, 0x00, 0x00, 0x00,
  0x00, 0x00, 0x00, 0x00, 0x00, 0x00, 0x00, 0x00, 0x00, 0x00, 0x00, 0x00,
  0x00, 0x00, 0x00, 0x00, 0x00, 0x00, 0x00, 0x00, 0x00, 0x00, 0x00, 0x00,
  0x00, 0x00, 0x00, 0x00, 0x00, 0x00, 0x00, 0x00, 0x55, 0x06, 0x44, 0x07,
  0x65, 0x0a, 0xa7, 0x0e, 0x75, 0x0f, 0x75, 0x0f, 0xeb, 0x0f, 0xc8, 0x0f,
  0x54, 0x09, 0x44, 0x05, 0x43, 0x07, 0xa8, 0x0e, 0x64, 0x0e, 0x64, 0x0f,
  0x64, 0x0e, 0x75, 0x0a, 0x54, 0x0b, 0x97, 0x0c, 0x65, 0x07, 0x44, 0x04,
  0x88, 0x08, 0x33, 0x03, 0xee, 0x0e, 0xed, 0x0e, 0x21, 0x01, 0x11, 0x01,
  0x11, 0x01, 0x11, 0x01, 0x35, 0x02, 0x34, 0x02, 0x11, 0x01, 0x22, 0x02,
  0x55, 0x03, 0x33, 0x02, 0x22, 0x02, 0x11, 0x01, 0x22, 0x01, 0x46, 0x03,
  0x22, 0x02, 0x22, 0x01, 0x45, 0x03, 0x78, 0x06, 0x23, 0x02, 0x23, 0x01,
  0x23, 0x01, 0x23, 0x01, 0x33, 0x03, 0x22, 0x02, 0x34, 0x02, 0x78, 0x04,
  0x45, 0x03, 0x44, 0x03, 0x33, 0x03, 0x45, 0x02, 0x23, 0x01, 0x11, 0x01,
  0x11, 0x01, 0x11, 0x01, 0x54, 0x04, 0x87, 0x08, 0x33, 0x03, 0x67, 0x05,
  0x88, 0x06, 0x89, 0x07, 0x99, 0x07, 0x89, 0x07, 0x9a, 0x08, 0x9a, 0x07,
  0x88, 0x08, 0x99, 0x08, 0x88, 0x08, 0x88, 0x08, 0x44, 0x04, 0x88, 0x08,
  0x44, 0x07, 0x76, 0x0d, 0x65, 0x0d, 0x65, 0x0d, 0x65, 0x0c, 0x66, 0x0c,
  0x88, 0x0c, 0x88, 0x0b, 0x87, 0x0a, 0x77, 0x0a, 0x77, 0x09, 0x88, 0x09,
  0x88, 0x08, 0x88, 0x08, 0x88, 0x08, 0x99, 0x09, 0x89, 0x07, 0x99, 0x0a,
  0xdd, 0x0e, 0xdd, 0x0e, 0xff, 0x0f, 0xbb, 0x0b, 0x00, 0x00, 0x00, 0x00,
  0x00, 0x00, 0x00, 0x00, 0x00, 0x00, 0x00, 0x00, 0x00, 0x00, 0x00, 0x00,
  0x00, 0x00, 0x00, 0x00, 0x00, 0x00, 0x00, 0x00, 0x00, 0x00, 0x00, 0x00,
  0x00, 0x00, 0x00, 0x00, 0x00, 0x00, 0x00, 0x00, 0x00, 0x00, 0x42, 0x04,
  0x65, 0x07, 0x43, 0x07, 0x43, 0x05, 0x54, 0x09, 0x75, 0x0f, 0x86, 0x0f,
  0xeb, 0x0f, 0xc7, 0x0f, 0x54, 0x09, 0x33, 0x05, 0x65, 0x0b, 0xb8, 0x0f,
  0x75, 0x0e, 0x64, 0x0e, 0x86, 0x0e, 0x64, 0x0a, 0x76, 0x0c, 0x44, 0x06,
  0x33, 0x03, 0x33, 0x03, 0x89, 0x08, 0x33, 0x03, 0xee, 0x0e, 0xdd, 0x0d,
  0x11, 0x01, 0x11, 0x01, 0x11, 0x01, 0x11, 0x01, 0x35, 0x02, 0x45, 0x02,
  0x21, 0x01, 0x11, 0x01, 0x33, 0x03, 0x11, 0x01, 0x11, 0x01, 0x11, 0x01,
  0x23, 0x01, 0x56, 0x03, 0x44, 0x03, 0x33, 0x02, 0x56, 0x04, 0x9b, 0x07,
  0x22, 0x01, 0x12, 0x01, 0x12, 0x01, 0x11, 0x01, 0x33, 0x04, 0x33, 0x03,
  0x45, 0x03, 0xab, 0x08, 0x56, 0x04, 0x44, 0x03, 0x33, 0x03, 0x45, 0x02,
  0x23, 0x02, 0x11, 0x01, 0x11, 0x01, 0x11, 0x01, 0x44, 0x04, 0x87, 0x07,
  0x33, 0x03, 0xbb, 0x09, 0xde, 0x0c, 0xee, 0x0c, 0xde, 0x0c, 0xde, 0x0c,
  0xde, 0x0c, 0xdd, 0x0c, 0xbb, 0x0a, 0xaa, 0x0a, 0xaa, 0x0a, 0x88, 0x08,
  0x44, 0x04, 0x88, 0x08, 0x54, 0x08, 0x86, 0x0f, 0x65, 0x0e, 0x54, 0x0d,
  0x55, 0x0d, 0x65, 0x0d, 0x55, 0x0c, 0x66, 0x0b, 0x87, 0x0b, 0x88, 0x0a,
  0x88, 0x09, 0x88, 0x08, 0x88, 0x08, 0x89, 0x07, 0x9a, 0x08, 0x9a, 0x08,
  0x88, 0x07, 0xdc, 0x0e, 0xaa, 0x0c, 0xdd, 0x0e, 0xee, 0x0e, 0x97, 0x09,
  0x00, 0x00, 0x00, 0x00, 0x00, 0x00, 0x00, 0x00, 0x00, 0x00, 0x00, 0x00,
  0x00, 0x00, 0x00, 0x00, 0x00, 0x00, 0x00, 0x00, 0x00, 0x00, 0x00, 0x00,
  0x00, 0x00, 0x00, 0x00, 0x00, 0x00, 0x00, 0x00, 0x00, 0x00, 0x00, 0x00,
  0x00, 0x00, 0x55, 0x05, 0x65, 0x08, 0x43, 0x07, 0x43, 0x04, 0x43, 0x08,
  0x75, 0x0f, 0x96, 0x0f, 0xea, 0x0f, 0xc6, 0x0f, 0x54, 0x09, 0x33, 0x05,
  0x64, 0x0d, 0xa8, 0x0f, 0x85, 0x0e, 0x64, 0x0e, 0x97, 0x0d, 0x64, 0x0b,
  0x76, 0x0a, 0x33, 0x02, 0x33, 0x03, 0x34, 0x03, 0x89, 0x08, 0x33, 0x03,
  0xee, 0x0e, 0xdd, 0x0d, 0x11, 0x01, 0x11, 0x01, 0x11, 0x01, 0x12, 0x01,
  0x35, 0x02, 0x45, 0x02, 0x11, 0x01, 0x34, 0x02, 0x22, 0x01, 0x12, 0x01,
  0x34, 0x01, 0x11, 0x01, 0x23, 0x01, 0x45, 0x03, 0x44, 0x03, 0x33, 0x02,
  0x56, 0x02, 0x57, 0x03, 0x68, 0x03, 0x56, 0x02, 0x46, 0x02, 0x33, 0x02,
  0x11, 0x01, 0x22, 0x01, 0x45, 0x02, 0x66, 0x05, 0x44, 0x03, 0x22, 0x01,
  0x11, 0x02, 0x46, 0x02, 0x23, 0x02, 0x11, 0x01, 0x11, 0x01, 0x11, 0x01,
  0x44, 0x03, 0x77, 0x07, 0x33, 0x03, 0xbc, 0x0a, 0xef, 0x0d, 0xee, 0x0d,
  0xef, 0x0d, 0xee, 0x0d, 0xee, 0x0d, 0xdd, 0x0c, 0x78, 0x06, 0x77, 0x07,
  0x55, 0x05, 0x88, 0x08, 0x45, 0x04, 0x88, 0x08, 0x55, 0x08, 0x86, 0x0f,
  0x76, 0x0f, 0x65, 0x0f, 0x54, 0x0c, 0x54, 0x0d, 0x54, 0x0c, 0x54, 0x0d,
  0x65, 0x0b, 0x77, 0x0a, 0x88, 0x08, 0x88, 0x08, 0x89, 0x07, 0x9a, 0x07,
  0xac, 0x08, 0x78, 0x06, 0x99, 0x09, 0x99, 0x0b, 0xaa, 0x0c, 0xfe, 0x0f,
  0xdd, 0x0d, 0x77, 0x07, 0x00, 0x00, 0x00, 0x00, 0x00, 0x00, 0x00, 0x00,
  0x00, 0x00, 0x00, 0x00, 0x00, 0x00, 0x00, 0x00, 0x00, 0x00, 0x00, 0x00,
  0x00, 0x00, 0x00, 0x00, 0x00, 0x00, 0x00, 0x00, 0x00, 0x00, 0x00, 0x00,
  0x00, 0x00, 0x00, 0x00, 0x00, 0x00, 0x55, 0x07, 0x65, 0x0a, 0x43, 0x07,
  0x33, 0x04, 0x64, 0x0a, 0x75, 0x0f, 0x96, 0x0f, 0xea, 0x0f, 0xc7, 0x0f,
  0x54, 0x09, 0x33, 0x05, 0x54, 0x0b, 0x97, 0x0e, 0x96, 0x0f, 0x65, 0x0e,
  0x75, 0x0c, 0x64, 0x0b, 0x65, 0x09, 0x33, 0x02, 0x33, 0x02, 0x34, 0x03,
  0x89, 0x08, 0x33, 0x03, 0xee, 0x0e, 0xcc, 0x0c, 0x11, 0x01, 0x11, 0x01,
  0x11, 0x01, 0x12, 0x01, 0x45, 0x02, 0x45, 0x02, 0x12, 0x01, 0x57, 0x03,
  0x23, 0x01, 0x12, 0x01, 0x68, 0x03, 0x11, 0x01, 0x22, 0x01, 0x11, 0x01,
  0x44, 0x03, 0x22, 0x01, 0x22, 0x01, 0x23, 0x01, 0x68, 0x04, 0x23, 0x01,
  0x23, 0x01, 0x22, 0x01, 0x11, 0x01, 0x34, 0x02, 0x45, 0x02, 0x11, 0x01,
  0x34, 0x02, 0x45, 0x02, 0x11, 0x01, 0x56, 0x02, 0x23, 0x02, 0x11, 0x01,
  0x11, 0x01, 0x11, 0x01, 0x43, 0x03, 0x76, 0x06, 0x33, 0x03, 0x77, 0x06,
  0x99, 0x08, 0x99, 0x08, 0x99, 0x09, 0x99, 0x09, 0x99, 0x09, 0x99, 0x09,
  0x99, 0x09, 0x99, 0x09, 0x99, 0x09, 0x77, 0x07, 0x44, 0x04, 0x88, 0x08,
  0x55, 0x08, 0x97, 0x0f, 0x86, 0x0f, 0x76, 0x0f, 0x55, 0x0f, 0x54, 0x0d,
  0x44, 0x0c, 0x54, 0x0d, 0x65, 0x0c, 0x55, 0x0b, 0x88, 0x09, 0x89, 0x07,
  0x9a, 0x07, 0xab, 0x08, 0x67, 0x05, 0x88, 0x08, 0x98, 0x0a, 0x99, 0x0b,
  0xcb, 0x0d, 0xfe, 0x0f, 0xba, 0x0a, 0x00, 0x00, 0x00, 0x00, 0x00, 0x00,
  0x00, 0x00, 0x00, 0x00, 0x00, 0x00, 0x00, 0x00, 0x00, 0x00, 0x00, 0x00,
  0x00, 0x00, 0x00, 0x00, 0x00, 0x00, 0x00, 0x00, 0x00, 0x00, 0x00, 0x00,
  0x00, 0x00, 0x00, 0x00, 0x00, 0x00, 0x00, 0x00, 0x00, 0x00, 0x54, 0x06,
  0x76, 0x0c, 0x54, 0x06, 0x33, 0x05, 0x74, 0x0c, 0x85, 0x0f, 0xa7, 0x0f,
  0xd9, 0x0f, 0xc6, 0x0f, 0x54, 0x09, 0x33, 0x05, 0x43, 0x08, 0x86, 0x0e,
  0xa7, 0x0f, 0x75, 0x0c, 0x65, 0x0a, 0x54, 0x0c, 0x75, 0x0a, 0x33, 0x03,
  0x33, 0x02, 0x33, 0x03, 0x89, 0x08, 0x33, 0x03, 0xee, 0x0e, 0xcc, 0x0c,
  0x11, 0x01, 0x11, 0x01, 0x11, 0x01, 0x11, 0x01, 0x45, 0x02, 0x45, 0x02,
  0x22, 0x01, 0x57, 0x03, 0x67, 0x05, 0x55, 0x05, 0x68, 0x03, 0x22, 0x01,
  0x22, 0x01, 0x22, 0x02, 0x44, 0x04, 0x22, 0x02, 0x11, 0x01, 0x22, 0x01,
  0x78, 0x04, 0x22, 0x01, 0x22, 0x01, 0x12, 0x01, 0x12, 0x01, 0x34, 0x01,
  0x45, 0x03, 0x11, 0x01, 0x34, 0x02, 0x45, 0x02, 0x11, 0x01, 0x56, 0x02,
  0x23, 0x02, 0x11, 0x01, 0x11, 0x01, 0x11, 0x01, 0x43, 0x03, 0x77, 0x06,
  0x33, 0x03, 0x9a, 0x07, 0xcd, 0x0a, 0xcd, 0x0b, 0xcd, 0x0b, 0xcc, 0x0b,
  0xbc, 0x0a, 0xbb, 0x0a, 0xbb, 0x0a, 0xab, 0x0a, 0xaa, 0x0a, 0x77, 0x07,
  0x55, 0x04, 0x77, 0x07, 0x44, 0x08, 0x65, 0x0f, 0x65, 0x0f, 0x55, 0x0f,
  0x55, 0x0f, 0x54, 0x0f, 0x44, 0x0e, 0x43, 0x0c, 0x55, 0x0c, 0x76, 0x0b,
  0x65, 0x0a, 0x89, 0x08, 0x9b, 0x07, 0x67, 0x06, 0x56, 0x05, 0x77, 0x08,
  0x88, 0x0a, 0x88, 0x0b, 0xed, 0x0e, 0xee, 0x0f, 0x44, 0x04, 0x00, 0x00,
  0x00, 0x00, 0x00, 0x00, 0x00, 0x00, 0x00, 0x00, 0x00, 0x00, 0x00, 0x00,
  0x00, 0x00, 0x00, 0x00, 0x00, 0x00, 0x00, 0x00, 0x00, 0x00, 0x00, 0x00,
  0x00, 0x00, 0x00, 0x00, 0x00, 0x00, 0x00, 0x00, 0x00, 0x00, 0x00, 0x00,
  0x00, 0x00, 0x65, 0x08, 0x76, 0x0c, 0x54, 0x06, 0x44, 0x06, 0x85, 0x0d,
  0x85, 0x0f, 0xa8, 0x0f, 0xd9, 0x0f, 0xc6, 0x0f, 0x53, 0x08, 0x33, 0x04,
  0x33, 0x06, 0x75, 0x0d, 0xa8, 0x0c, 0x87, 0x0a, 0x64, 0x0a, 0x64, 0x0d,
  0x65, 0x0b, 0x43, 0x05, 0x33, 0x03, 0x33, 0x03, 0x99, 0x08, 0x33, 0x03,
  0xee, 0x0e, 0xbc, 0x0b, 0x11, 0x01, 0x11, 0x01, 0x11, 0x01, 0x11, 0x01,
  0x45, 0x02, 0x45, 0x02, 0x11, 0x01, 0x45, 0x03, 0x22, 0x01, 0x22, 0x01,
  0x79, 0x04, 0x67, 0x04, 0x67, 0x04, 0x56, 0x05, 0x55, 0x05, 0x55, 0x05,
  0x22, 0x02, 0x11, 0x01, 0x34, 0x02, 0x11, 0x01, 0x11, 0x01, 0x45, 0x03,
  0x67, 0x03, 0x68, 0x04, 0x45, 0x02, 0x11, 0x01, 0x33, 0x02, 0x34, 0x02,
  0x11, 0x01, 0x56, 0x03, 0x33, 0x02, 0x11, 0x01, 0x11, 0x01, 0x11, 0x01,
  0x33, 0x03, 0x66, 0x06, 0x33, 0x03, 0xac, 0x08, 0xef, 0x0d, 0xff, 0x0d,
  0xef, 0x0d, 0xee, 0x0c, 0xde, 0x0c, 0xdd, 0x0b, 0xdd, 0x0b, 0xdd, 0x0c,
  0xcd, 0x0c, 0x99, 0x09, 0x45, 0x04, 0x77, 0x07, 0x44, 0x09, 0x55, 0x0f,
  0x54, 0x0f, 0x54, 0x0f, 0x44, 0x0f, 0x54, 0x0f, 0x44, 0x0f, 0x44, 0x0e,
  0x44, 0x0d, 0x65, 0x0c, 0x76, 0x0a, 0x77, 0x09, 0x67, 0x06, 0x55, 0x05,
  0x77, 0x08, 0x88, 0x0a, 0x87, 0x0a, 0xa9, 0x0c, 0xee, 0x0f, 0xee, 0x0f,
  0x00, 0x00, 0x00, 0x00, 0x00, 0x00, 0x00, 0x00, 0x00, 0x00, 0x00, 0x00,
  0x00, 0x00, 0x00, 0x00, 0x00, 0x00, 0x00, 0x00, 0x00, 0x00, 0x00, 0x00,
  0x00, 0x00, 0x00, 0x00, 0x00, 0x00, 0x00, 0x00, 0x00, 0x00, 0x00, 0x00,
  0x00, 0x00, 0x00, 0x00, 0x33, 0x03, 0x66, 0x09, 0x76, 0x0c, 0x54, 0x06,
  0x55, 0x07, 0x85, 0x0e, 0x85, 0x0f, 0xb8, 0x0f, 0xd9, 0x0f, 0xc6, 0x0f,
  0x53, 0x07, 0x33, 0x05, 0x44, 0x06, 0x76, 0x09, 0x65, 0x07, 0x43, 0x07,
  0x64, 0x0a, 0x75, 0x0c, 0x75, 0x0c, 0x96, 0x0c, 0x54, 0x06, 0x33, 0x03,
  0x99, 0x08, 0x33, 0x03, 0xee, 0x0e, 0xab, 0x0a, 0x11, 0x01, 0x11, 0x01,
  0x11, 0x01, 0x11, 0x01, 0x35, 0x02, 0x44, 0x02, 0x21, 0x01, 0x22, 0x01,
  0x11, 0x01, 0x22, 0x01, 0x68, 0x03, 0x22, 0x01, 0x55, 0x05, 0x77, 0x07,
  0x55, 0x04, 0x55, 0x04, 0x33, 0x02, 0x11, 0x01, 0x11, 0x01, 0x11, 0x01,
  0x11, 0x01, 0x33, 0x02, 0x11, 0x01, 0x34, 0x02, 0x45, 0x02, 0x11, 0x01,
  0x22, 0x01, 0x22, 0x01, 0x11, 0x01, 0x56, 0x02, 0x23, 0x02, 0x11, 0x01,
  0x11, 0x01, 0x11, 0x01, 0x33, 0x03, 0x66, 0x05, 0x33, 0x03, 0xbc, 0x09,
  0xef, 0x0d, 0xff, 0x0d, 0xee, 0x0c, 0xde, 0x0c, 0xcd, 0x0b, 0xcd, 0x0b,
  0xdd, 0x0c, 0xdd, 0x0c, 0xdd, 0x0c, 0x99, 0x09, 0x44, 0x04, 0x77, 0x07,
  0x44, 0x08, 0x54, 0x0f, 0x54, 0x0f, 0x44, 0x0f, 0x44, 0x0f, 0x44, 0x0e,
  0x44, 0x0e, 0x44, 0x0e, 0x54, 0x0d, 0x43, 0x0b, 0x76, 0x0b, 0x55, 0x05,
  0x44, 0x05, 0x77, 0x07, 0x88, 0x0a, 0x88, 0x0b, 0x88, 0x0b, 0xcc, 0x0e,
  0xff, 0x0f, 0xee, 0x0e, 0x00, 0x00, 0x00, 0x00, 0x00, 0x00, 0x00, 0x00,
  0x00, 0x00, 0x00, 0x00, 0x00, 0x00, 0x00, 0x00, 0x00, 0x00, 0x00, 0x00,
  0x00, 0x00, 0x00, 0x00, 0x00, 0x00, 0x00, 0x00, 0x00, 0x00, 0x00, 0x00,
  0x00, 0x00, 0x00, 0x00, 0x00, 0x00, 0x00, 0x00, 0x43, 0x04, 0x76, 0x0a,
  0x75, 0x0b, 0x44, 0x06, 0x66, 0x08, 0x96, 0x0f, 0x85, 0x0f, 0xb8, 0x0f,
  0xd9, 0x0f, 0xc6, 0x0f, 0x53, 0x07, 0x33, 0x04, 0x33, 0x04, 0x32, 0x04,
  0x86, 0x0b, 0x75, 0x0e, 0x54, 0x0d, 0x64, 0x0a, 0x76, 0x0b, 0x86, 0x0b,
  0x76, 0x09, 0x44, 0x04, 0x99, 0x08, 0x33, 0x03, 0xee, 0x0e, 0xbb, 0x0a,
  0x11, 0x01, 0x11, 0x01, 0x11, 0x01, 0x11, 0x01, 0x35, 0x01, 0x46, 0x02,
  0x33, 0x01, 0x23, 0x01, 0x11, 0x01, 0x12, 0x01, 0x67, 0x03, 0x22, 0x01,
  0x22, 0x02, 0x34, 0x03, 0x88, 0x07, 0x55, 0x05, 0x23, 0x01, 0x23, 0x01,
  0x23, 0x01, 0x11, 0x01, 0x11, 0x01, 0x66, 0x06, 0x22, 0x02, 0x34, 0x02,
  0x44, 0x02, 0x11, 0x01, 0x11, 0x01, 0x23, 0x01, 0x23, 0x01, 0x57, 0x03,
  0x23, 0x01, 0x11, 0x01, 0x11, 0x01, 0x11, 0x01, 0x33, 0x03, 0x55, 0x05,
  0x33, 0x03, 0xbc, 0x09, 0xff, 0x0d, 0xff, 0x0d, 0xef, 0x0c, 0xdd, 0x0b,
  0xcd, 0x0b, 0xcd, 0x0b, 0xdd, 0x0c, 0xde, 0x0d, 0xee, 0x0d, 0xaa, 0x09,
  0x44, 0x04, 0x66, 0x07, 0x43, 0x08, 0x54, 0x0e, 0x44, 0x0f, 0x44, 0x0e,
  0x44, 0x0e, 0x44, 0x0e, 0x44, 0x0f, 0x44, 0x0e, 0x54, 0x0c, 0x54, 0x09,
  0x44, 0x05, 0x44, 0x04, 0x66, 0x06, 0x77, 0x08, 0x77, 0x09, 0x88, 0x0b,
  0xaa, 0x0c, 0xdd, 0x0e, 0xff, 0x0f, 0xdd, 0x0d, 0x00, 0x00, 0x00, 0x00,
  0x00, 0x00, 0x00, 0x00, 0x00, 0x00, 0x00, 0x00, 0x00, 0x00, 0x00, 0x00,
  0x00, 0x00, 0x00, 0x00, 0x00, 0x00, 0x00, 0x00, 0x00, 0x00, 0x00, 0x00,
  0x00, 0x00, 0x00, 0x00, 0x00, 0x00, 0x00, 0x00, 0x00, 0x00, 0x00, 0x00,
  0x55, 0x06, 0x76, 0x0c, 0x65, 0x09, 0x43, 0x06, 0x54, 0x08, 0x96, 0x0f,
  0x85, 0x0f, 0xb8, 0x0f, 0xd9, 0x0f, 0xb6, 0x0f, 0x53, 0x07, 0x33, 0x04,
  0x33, 0x04, 0x32, 0x04, 0xa7, 0x0d, 0x85, 0x0f, 0x64, 0x0f, 0x64, 0x0c,
  0x64, 0x09, 0x76, 0x0b, 0x87, 0x0a, 0x44, 0x04, 0x99, 0x08, 0x33, 0x03,
  0xdd, 0x0e, 0xaa, 0x0a, 0x11, 0x01, 0x11, 0x01, 0x11, 0x01, 0x11, 0x01,
  0x22, 0x01, 0x45, 0x02, 0x45, 0x02, 0x34, 0x02, 0x11, 0x01, 0x11, 0x01,
  0x34, 0x02, 0x88, 0x08, 0x34, 0x02, 0x56, 0x03, 0x66, 0x06, 0x45, 0x02,
  0x68, 0x04, 0x67, 0x04, 0x7a, 0x04, 0x11, 0x01, 0x11, 0x01, 0x11, 0x01,
  0x11, 0x01, 0x22, 0x01, 0x22, 0x01, 0x11, 0x01, 0x11, 0x01, 0x45, 0x02,
  0x45, 0x02, 0x45, 0x03, 0x22, 0x01, 0x11, 0x01, 0x11, 0x01, 0x11, 0x01,
  0x33, 0x02, 0x56, 0x05, 0x33, 0x03, 0xbc, 0x09, 0xff, 0x0d, 0xff, 0x0d,
  0xef, 0x0c, 0xce, 0x0a, 0xcd, 0x0b, 0xcd, 0x0b, 0xde, 0x0c, 0xee, 0x0d,
  0xee, 0x0e, 0xaa, 0x0a, 0x44, 0x04, 0x66, 0x06, 0x43, 0x08, 0x44, 0x0e,
  0x44, 0x0e, 0x44, 0x0e, 0x44, 0x0e, 0x44, 0x0e, 0x44, 0x0e, 0x43, 0x0b,
  0x54, 0x0a, 0x44, 0x05, 0x44, 0x04, 0x56, 0x05, 0x77, 0x07, 0x77, 0x09,
  0x88, 0x0a, 0x98, 0x0b, 0xaa, 0x0c, 0xdd, 0x0e, 0xdd, 0x0e, 0x77, 0x07,
  0x00, 0x00, 0x00, 0x00, 0x00, 0x00, 0x00, 0x00, 0x00, 0x00, 0x00, 0x00,
  0x00, 0x00, 0x00, 0x00, 0x00, 0x00, 0x00, 0x00, 0x00, 0x00, 0x00, 0x00,
  0x00, 0x00, 0x00, 0x00, 0x00, 0x00, 0x00, 0x00, 0x00, 0x00, 0x00, 0x00,
  0x00, 0x00, 0x00, 0x00, 0x65, 0x08, 0x86, 0x0d, 0x44, 0x07, 0x86, 0x0b,
  0x97, 0x0c, 0x95, 0x0f, 0x85, 0x0f, 0xc9, 0x0f, 0xd8, 0x0f, 0xb6, 0x0f,
  0x53, 0x07, 0x44, 0x06, 0x44, 0x05, 0x32, 0x04, 0x96, 0x0c, 0x96, 0x0f,
  0x75, 0x0e, 0x75, 0x0e, 0x65, 0x0c, 0x54, 0x07, 0x66, 0x08, 0x33, 0x04,
  0x99, 0x08, 0x33, 0x03, 0xcc, 0x0d, 0xaa, 0x09, 0x12, 0x01, 0x11, 0x01,
  0x11, 0x01, 0x11, 0x01, 0x11, 0x01, 0x11, 0x01, 0x11, 0x01, 0x11, 0x01,
  0x11, 0x01, 0x11, 0x01, 0x11, 0x01, 0x22, 0x02, 0x33, 0x01, 0x56, 0x03,
  0x67, 0x06, 0x45, 0x02, 0x67, 0x05, 0x88, 0x08, 0x79, 0x04, 0x22, 0x01,
  0x11, 0x01, 0x11, 0x01, 0x11, 0x01, 0x11, 0x01, 0x11, 0x01, 0x11, 0x01,
  0x11, 0x01, 0x11, 0x01, 0x11, 0x01, 0x11, 0x01, 0x11, 0x01, 0x11, 0x01,
  0x11, 0x01, 0x11, 0x01, 0x33, 0x02, 0x56, 0x05, 0x33, 0x03, 0xbc, 0x09,
  0xff, 0x0d, 0xff, 0x0d, 0xef, 0x0d, 0xde, 0x0b, 0xdd, 0x0c, 0xcd, 0x0b,
  0xde, 0x0d, 0xee, 0x0d, 0xee, 0x0d, 0xaa, 0x0a, 0x45, 0x04, 0x66, 0x06,
  0x44, 0x08, 0x44, 0x0e, 0x44, 0x0e, 0x44, 0x0e, 0x44, 0x0e, 0x44, 0x0d,
  0x44, 0x0a, 0x44, 0x09, 0x44, 0x05, 0x44, 0x03, 0x66, 0x05, 0x77, 0x08,
  0x88, 0x0a, 0x88, 0x0a, 0x88, 0x0b, 0x99, 0x0c, 0xaa, 0x0c, 0xee, 0x0f,
  0xbb, 0x0b, 0x00, 0x00, 0x00, 0x00, 0x00, 0x00, 0x00, 0x00, 0x00, 0x00,
  0x00, 0x00, 0x00, 0x00, 0x00, 0x00, 0x00, 0x00, 0x00, 0x00, 0x00, 0x00,
  0x00, 0x00, 0x00, 0x00, 0x00, 0x00, 0x00, 0x00, 0x00, 0x00, 0x00, 0x00,
  0x00, 0x00, 0x00, 0x00, 0x00, 0x00, 0x00, 0x00, 0x32, 0x04, 0x65, 0x09,
  0x43, 0x06, 0x75, 0x0a, 0xb8, 0x0f, 0x85, 0x0f, 0x95, 0x0f, 0xda, 0x0f,
  0xd9, 0x0f, 0xb9, 0x0d, 0x43, 0x05, 0x54, 0x06, 0x43, 0x06, 0x33, 0x05,
  0x65, 0x09, 0xa7, 0x0d, 0x97, 0x0c, 0xa8, 0x0d, 0x98, 0x0e, 0x87, 0x0e,
  0x65, 0x0b, 0x33, 0x04, 0x89, 0x07, 0x33, 0x03, 0xcc, 0x0c, 0x99, 0x09,
  0x12, 0x01, 0x11, 0x01, 0x12, 0x01, 0x22, 0x01, 0x22, 0x01, 0x22, 0x01,
  0x12, 0x01, 0x12, 0x01, 0x12, 0x01, 0x22, 0x01, 0x22, 0x01, 0x12, 0x01,
  0x23, 0x01, 0x56, 0x03, 0x66, 0x05, 0x45, 0x03, 0x34, 0x03, 0x33, 0x03,
  0x79, 0x04, 0x11, 0x01, 0x11, 0x01, 0x11, 0x01, 0x11, 0x01, 0x12, 0x01,
  0x22, 0x01, 0x12, 0x01, 0x11, 0x01, 0x12, 0x01, 0x12, 0x01, 0x12, 0x01,
  0x11, 0x01, 0x11, 0x01, 0x11, 0x01, 0x11, 0x01, 0x33, 0x02, 0x56, 0x05,
  0x44, 0x03, 0xbc, 0x09, 0xef, 0x0c, 0xff, 0x0e, 0xff, 0x0d, 0xef, 0x0c,
  0xdd, 0x0b, 0xcd, 0x0b, 0xdd, 0x0c, 0xdd, 0x0d, 0xde, 0x0d, 0x9a, 0x09,
  0x44, 0x04, 0x66, 0x06, 0x43, 0x08, 0x44, 0x0d, 0x44, 0x0d, 0x44, 0x0d,
  0x43, 0x0b, 0x43, 0x09, 0x44, 0x08, 0x44, 0x04, 0x44, 0x03, 0x56, 0x05,
  0x77, 0x08, 0x88, 0x0a, 0x88, 0x0a, 0x77, 0x09, 0x88, 0x0a, 0xa9, 0x0c,
  0xa9, 0x0c, 0xed, 0x0e, 0x88, 0x08, 0x00, 0x00, 0x00, 0x00, 0x00, 0x00,
  0x00, 0x00, 0x00, 0x00, 0x00, 0x00, 0x00, 0x00, 0x00, 0x00, 0x00, 0x00,
  0x00, 0x00, 0x00, 0x00, 0x00, 0x00, 0x00, 0x00, 0x00, 0x00, 0x00, 0x00,
  0x00, 0x00, 0x00, 0x00, 0x00, 0x00, 0x00, 0x00, 0x00, 0x00, 0x44, 0x03,
  0x44, 0x04, 0x44, 0x07, 0x44, 0x09, 0x54, 0x0a, 0x85, 0x0c, 0x75, 0x0b,
  0x75, 0x0c, 0x97, 0x0c, 0x75, 0x0a, 0x65, 0x07, 0x44, 0x04, 0x43, 0x06,
  0x55, 0x08, 0x44, 0x07, 0x33, 0x05, 0xa8, 0x0d, 0xb7, 0x0f, 0x75, 0x0e,
  0x75, 0x0f, 0x75, 0x0e, 0x65, 0x0c, 0x33, 0x04, 0x99, 0x08, 0x33, 0x03,
  0xcb, 0x0c, 0x99, 0x08, 0x11, 0x01, 0x11, 0x01, 0x11, 0x01, 0x12, 0x01,
  0x34, 0x01, 0x56, 0x02, 0x45, 0x02, 0x35, 0x02, 0x79, 0x05, 0x78, 0x06,
  0x57, 0x03, 0x11, 0x01, 0x12, 0x01, 0x23, 0x01, 0x66, 0x05, 0x22, 0x01,
  0x22, 0x02, 0x44, 0x04, 0x22, 0x01, 0x22, 0x02, 0x33, 0x02, 0x11, 0x01,
  0x12, 0x01, 0x33, 0x02, 0x45, 0x02, 0x12, 0x01, 0x21, 0x01, 0x34, 0x02,
  0x35, 0x02, 0x68, 0x03, 0x23, 0x01, 0x11, 0x01, 0x11, 0x01, 0x11, 0x01,
  0x22, 0x02, 0x55, 0x04, 0x33, 0x03, 0xbc, 0x08, 0xef, 0x0b, 0xff, 0x0e,
  0xff, 0x0d, 0xde, 0x0c, 0xdd, 0x0b, 0xcd, 0x0b, 0xcd, 0x0c, 0xdd, 0x0d,
  0xdd, 0x0d, 0x99, 0x09, 0x44, 0x04, 0x66, 0x06, 0x43, 0x08, 0x44, 0x0d,
  0x43, 0x0a, 0x43, 0x0a, 0x44, 0x09, 0x44, 0x06, 0x33, 0x04, 0x44, 0x03,
  0x55, 0x05, 0x66, 0x07, 0x77, 0x09, 0x77, 0x09, 0x76, 0x09, 0x77, 0x09,
  0xaa, 0x0b, 0xaa, 0x0c, 0xba, 0x0c, 0x98, 0x09, 0x00, 0x00, 0x00, 0x00,
  0x00, 0x00, 0x00, 0x00, 0x00, 0x00, 0x00, 0x00, 0x00, 0x00, 0x00, 0x00,
  0x00, 0x00, 0x00, 0x00, 0x00, 0x00, 0x00, 0x00, 0x00, 0x00, 0x00, 0x00,
  0x00, 0x00, 0x00, 0x00, 0x00, 0x00, 0x00, 0x00, 0x00, 0x00, 0x00, 0x00,
  0x00, 0x00, 0x56, 0x05, 0x44, 0x04, 0x87, 0x0a, 0x64, 0x0d, 0x54, 0x0c,
  0x54, 0x0a, 0x54, 0x09, 0x65, 0x0a, 0x64, 0x0a, 0xc9, 0x0e, 0xea, 0x0f,
  0xca, 0x0c, 0x76, 0x08, 0x65, 0x08, 0x44, 0x07, 0x32, 0x04, 0x76, 0x09,
  0x75, 0x0a, 0x54, 0x0b, 0x54, 0x0a, 0x65, 0x09, 0x65, 0x08, 0x44, 0x04,
  0x99, 0x08, 0x33, 0x03, 0xbb, 0x0b, 0x88, 0x08, 0x11, 0x01, 0x11, 0x01,
  0x11, 0x01, 0x12, 0x01, 0x34, 0x01, 0x34, 0x02, 0x22, 0x01, 0x23, 0x01,
  0x8a, 0x06, 0x79, 0x05, 0x68, 0x03, 0x11, 0x01, 0x11, 0x01, 0x11, 0x01,
  0x44, 0x04, 0x44, 0x04, 0x55, 0x04, 0x33, 0x03, 0x12, 0x01, 0x33, 0x03,
  0x66, 0x06, 0x11, 0x01, 0x11, 0x01, 0x34, 0x02, 0x46, 0x03, 0x12, 0x01,
  0x11, 0x01, 0x11, 0x01, 0x11, 0x01, 0x57, 0x03, 0x23, 0x01, 0x11, 0x01,
  0x11, 0x01, 0x11, 0x01, 0x32, 0x02, 0x55, 0x04, 0x33, 0x02, 0xbc, 0x08,
  0xef, 0x0c, 0xff, 0x0e, 0xff, 0x0e, 0xef, 0x0c, 0xde, 0x0c, 0xcd, 0x0b,
  0xcc, 0x0c, 0xdd, 0x0c, 0xdd, 0x0d, 0x99, 0x09, 0x44, 0x04, 0x55, 0x06,
  0x43, 0x07, 0x43, 0x0a, 0x43, 0x0b, 0x44, 0x0a, 0x44, 0x06, 0x33, 0x03,
  0x44, 0x03, 0x66, 0x05, 0x66, 0x07, 0x77, 0x09, 0x77, 0x09, 0x66, 0x08,
  0x77, 0x09, 0x88, 0x0a, 0xcc, 0x0d, 0xaa, 0x0c, 0xcb, 0x0d, 0x86, 0x08,
  0xa8, 0x0b, 0xb9, 0x0c, 0x65, 0x06, 0x00, 0x00, 0x00, 0x00, 0x00, 0x00,
  0x00, 0x00, 0x00, 0x00, 0x00, 0x00, 0x00, 0x00, 0x00, 0x00, 0x00, 0x00,
  0x00, 0x00, 0x00, 0x00, 0x00, 0x00, 0x00, 0x00, 0x00, 0x00, 0x00, 0x00,
  0x00, 0x00, 0x00, 0x00, 0x44, 0x04, 0x66, 0x05, 0x43, 0x03, 0xa8, 0x0c,
  0x75, 0x0f, 0x64, 0x0e, 0x75, 0x0a, 0xdb, 0x0f, 0xda, 0x0f, 0x97, 0x0d,
  0x64, 0x0a, 0xb8, 0x0e, 0xd9, 0x0e, 0xeb, 0x0f, 0x99, 0x0a, 0x54, 0x06,
  0x55, 0x06, 0x87, 0x09, 0xc9, 0x0e, 0xa8, 0x0e, 0x97, 0x0e, 0x86, 0x0e,
  0x75, 0x0c, 0x43, 0x04, 0x89, 0x08, 0x34, 0x03, 0xaa, 0x0a, 0x78, 0x07,
  0x11, 0x01, 0x11, 0x01, 0x11, 0x01, 0x12, 0x01, 0x34, 0x01, 0x34, 0x02,
  0x11, 0x01, 0x34, 0x02, 0x67, 0x03, 0x57, 0x03, 0x79, 0x04, 0x11, 0x01,
  0x12, 0x01, 0x22, 0x01, 0x11, 0x01, 0x34, 0x02, 0x57, 0x03, 0x67, 0x03,
  0x57, 0x03, 0x12, 0x01, 0x22, 0x01, 0x45, 0x02, 0x57, 0x03, 0x68, 0x03,
  0x79, 0x04, 0x57, 0x03, 0x45, 0x03, 0x12, 0x01, 0x22, 0x02, 0x57, 0x03,
  0x23, 0x01, 0x12, 0x01, 0x11, 0x01, 0x11, 0x01, 0x33, 0x02, 0x55, 0x04,
  0x33, 0x03, 0xbd, 0x09, 0xef, 0x0c, 0xff, 0x0e, 0xff, 0x0f, 0xff, 0x0d,
  0xee, 0x0c, 0xde, 0x0c, 0xdd, 0x0c, 0xdd, 0x0c, 0xee, 0x0d, 0xaa, 0x0a,
  0x55, 0x04, 0x55, 0x06, 0x44, 0x08, 0x54, 0x0c, 0x54, 0x09, 0x33, 0x04,
  0x33, 0x03, 0x44, 0x04, 0x56, 0x05, 0x66, 0x07, 0x77, 0x08, 0x77, 0x08,
  0x77, 0x08, 0x76, 0x08, 0x88, 0x0a, 0xcb, 0x0d, 0xdc, 0x0e, 0xba, 0x0d,
  0x99, 0x0a, 0x55, 0x05, 0x44, 0x06, 0x97, 0x09, 0x65, 0x06, 0x00, 0x00,
  0x00, 0x00, 0x00, 0x00, 0x00, 0x00, 0x00, 0x00, 0x00, 0x00, 0x00, 0x00,
  0x00, 0x00, 0x00, 0x00, 0x00, 0x00, 0x00, 0x00, 0x00, 0x00, 0x00, 0x00,
  0x00, 0x00, 0x00, 0x00, 0x00, 0x00, 0x00, 0x00, 0x66, 0x06, 0x66, 0x06,
  0x76, 0x08, 0xa8, 0x0c, 0x65, 0x0d, 0x64, 0x0c, 0xa8, 0x0e, 0xeb, 0x0f,
  0xd9, 0x0f, 0xc7, 0x0f, 0xb6, 0x0f, 0x85, 0x0c, 0x86, 0x0c, 0xd9, 0x0f,
  0xeb, 0x0f, 0xdb, 0x0d, 0x65, 0x07, 0x76, 0x0a, 0xb8, 0x0f, 0x85, 0x0e,
  0x75, 0x0e, 0x76, 0x0d, 0x65, 0x0a, 0x33, 0x04, 0x89, 0x07, 0x33, 0x03,
  0x88, 0x08, 0x66, 0x05, 0x11, 0x01, 0x11, 0x01, 0x11, 0x01, 0x12, 0x01,
  0x34, 0x01, 0x56, 0x03, 0x66, 0x06, 0x12, 0x01, 0x22, 0x01, 0x12, 0x01,
  0x22, 0x01, 0x11, 0x01, 0x23, 0x01, 0x56, 0x03, 0x11, 0x01, 0x45, 0x04,
  0x55, 0x05, 0x23, 0x01, 0x79, 0x04, 0x11, 0x01, 0x11, 0x01, 0x44, 0x03,
  0x44, 0x03, 0x22, 0x02, 0x23, 0x02, 0x23, 0x01, 0x22, 0x01, 0x55, 0x04,
  0x33, 0x02, 0x57, 0x03, 0x33, 0x02, 0x22, 0x01, 0x11, 0x01, 0x11, 0x01,
  0x33, 0x02, 0x55, 0x04, 0x33, 0x03, 0xcd, 0x0a, 0xff, 0x0d, 0xff, 0x0e,
  0xff, 0x0f, 0xff, 0x0e, 0xff, 0x0d, 0xee, 0x0c, 0xdd, 0x0d, 0xdd, 0x0d,
  0xee, 0x0d, 0xaa, 0x09, 0x55, 0x05, 0x55, 0x06, 0x44, 0x06, 0x55, 0x06,
  0x33, 0x03, 0x33, 0x03, 0x44, 0x04, 0x55, 0x05, 0x66, 0x05, 0x66, 0x06,
  0x66, 0x06, 0x66, 0x07, 0x77, 0x09, 0x87, 0x0a, 0xcb, 0x0d, 0xee, 0x0f,
  0xed, 0x0e, 0xcc, 0x0d, 0x55, 0x06, 0x55, 0x05, 0x44, 0x04, 0x33, 0x03,
  0x00, 0x00, 0x00, 0x00, 0x00, 0x00, 0x00, 0x00, 0x00, 0x00, 0x00, 0x00,
  0x00, 0x00, 0x00, 0x00, 0x00, 0x00, 0x00, 0x00, 0x00, 0x00, 0x00, 0x00,
  0x00, 0x00, 0x00, 0x00, 0x00, 0x00, 0x00, 0x00, 0x00, 0x00, 0x00, 0x00,
  0x55, 0x04, 0x54, 0x04, 0x75, 0x07, 0xb8, 0x0d, 0x86, 0x0b, 0x76, 0x0c,
  0x85, 0x0e, 0x86, 0x0e, 0xb8, 0x0f, 0xd9, 0x0f, 0xc7, 0x0f, 0xc6, 0x0f,
  0xa6, 0x0e, 0x86, 0x0c, 0xb7, 0x0d, 0xda, 0x0e, 0xda, 0x0e, 0x87, 0x09,
  0x97, 0x0b, 0x75, 0x0c, 0x86, 0x0d, 0x76, 0x0d, 0x86, 0x0c, 0x43, 0x04,
  0x89, 0x08, 0x33, 0x03, 0x66, 0x06, 0x44, 0x04, 0x22, 0x01, 0x11, 0x01,
  0x12, 0x01, 0x21, 0x01, 0x35, 0x01, 0x46, 0x02, 0x44, 0x03, 0x23, 0x01,
  0x22, 0x01, 0x22, 0x01, 0x22, 0x01, 0x22, 0x01, 0x24, 0x01, 0x57, 0x03,
  0x22, 0x01, 0x33, 0x02, 0x44, 0x03, 0x23, 0x01, 0x79, 0x04, 0x22, 0x01,
  0x22, 0x01, 0x33, 0x03, 0x34, 0x03, 0x23, 0x01, 0x23, 0x02, 0x22, 0x01,
  0x22, 0x01, 0x33, 0x02, 0x23, 0x01, 0x57, 0x03, 0x33, 0x02, 0x11, 0x01,
  0x11, 0x01, 0x11, 0x01, 0x33, 0x02, 0x55, 0x04, 0x33, 0x02, 0xbd, 0x09,
  0xef, 0x0c, 0xff, 0x0f, 0xff, 0x0f, 0xff, 0x0e, 0xff, 0x0f, 0xff, 0x0f,
  0xff, 0x0e, 0xee, 0x0e, 0xee, 0x0d, 0x99, 0x09, 0x45, 0x04, 0x55, 0x05,
  0x43, 0x04, 0x33, 0x03, 0x33, 0x03, 0x44, 0x03, 0x55, 0x04, 0x55, 0x05,
  0x56, 0x06, 0x66, 0x07, 0x66, 0x07, 0x77, 0x09, 0x88, 0x0a, 0xaa, 0x0c,
  0xdd, 0x0e, 0xdc, 0x0e, 0xee, 0x0f, 0xcb, 0x0c, 0x43, 0x04, 0x44, 0x04,
  0x97, 0x09, 0xa8, 0x0a, 0x00, 0x00, 0x00, 0x00, 0x00, 0x00, 0x00, 0x00,
  0x00, 0x00, 0x00, 0x00, 0x00, 0x00, 0x00, 0x00, 0x00, 0x00, 0x00, 0x00,
  0x00, 0x00, 0x00, 0x00, 0x00, 0x00, 0x00, 0x00, 0x00, 0x00, 0x00, 0x00,
  0x00, 0x00, 0x00, 0x00, 0x45, 0x04, 0x67, 0x06, 0x75, 0x07, 0x97, 0x0b,
  0x54, 0x08, 0x75, 0x0b, 0x64, 0x0c, 0x75, 0x0e, 0x65, 0x0e, 0x86, 0x0e,
  0xc8, 0x0e, 0xc8, 0x0f, 0xc6, 0x0f, 0x96, 0x0d, 0x75, 0x0b, 0x96, 0x0d,
  0xc8, 0x0e, 0xeb, 0x0f, 0xca, 0x0e, 0x86, 0x0e, 0x75, 0x0e, 0x75, 0x0e,
  0x75, 0x0d, 0x43, 0x04, 0x89, 0x08, 0x33, 0x03, 0x65, 0x05, 0x44, 0x03,
  0x21, 0x01, 0x12, 0x01, 0x12, 0x01, 0x11, 0x01, 0x23, 0x01, 0x67, 0x03,
  0x68, 0x04, 0x68, 0x04, 0x67, 0x04, 0x67, 0x04, 0x67, 0x04, 0x67, 0x04,
  0x67, 0x03, 0x68, 0x03, 0x68, 0x04, 0x78, 0x04, 0x78, 0x04, 0x68, 0x04,
  0x78, 0x04, 0x67, 0x04, 0x78, 0x04, 0x67, 0x04, 0x68, 0x04, 0x79, 0x05,
  0x79, 0x04, 0x78, 0x04, 0x79, 0x04, 0x78, 0x04, 0x67, 0x03, 0x68, 0x04,
  0x23, 0x01, 0x12, 0x01, 0x12, 0x01, 0x12, 0x01, 0x33, 0x02, 0x44, 0x03,
  0x33, 0x02, 0xbd, 0x09, 0xef, 0x0c, 0xff, 0x0f, 0xff, 0x0e, 0xff, 0x0e,
  0xff, 0x0f, 0xff, 0x0f, 0xff, 0x0f, 0xff, 0x0f, 0xee, 0x0d, 0x99, 0x09,
  0x44, 0x04, 0x55, 0x06, 0x33, 0x03, 0x33, 0x03, 0x34, 0x03, 0x44, 0x04,
  0x55, 0x04, 0x66, 0x05, 0x66, 0x07, 0x66, 0x07, 0x77, 0x0a, 0x88, 0x0b,
  0xa9, 0x0c, 0xbb, 0x0d, 0xdd, 0x0e, 0xcc, 0x0d, 0xcc, 0x0d, 0x66, 0x07,
  0x54, 0x05, 0x44, 0x04, 0x65, 0x06, 0xa8, 0x0a, 0xb8, 0x0b, 0xa9, 0x0c,
  0x77, 0x07, 0x00, 0x00, 0x00, 0x00, 0x00, 0x00, 0x00, 0x00, 0x00, 0x00,
  0x00, 0x00, 0x00, 0x00, 0x00, 0x00, 0x00, 0x00, 0x00, 0x00, 0x00, 0x00,
  0x00, 0x00, 0x00, 0x00, 0x00, 0x00, 0x00, 0x00, 0x33, 0x03, 0x66, 0x04,
  0x33, 0x03, 0x87, 0x08, 0x75, 0x0a, 0x75, 0x0c, 0x55, 0x0b, 0x44, 0x08,
  0x64, 0x0b, 0x74, 0x0f, 0x65, 0x0e, 0x96, 0x0d, 0xb8, 0x0d, 0x64, 0x08,
  0xc6, 0x0f, 0x95, 0x0e, 0x75, 0x0a, 0xc8, 0x0e, 0xa7, 0x0a, 0xa9, 0x0d,
  0x54, 0x0a, 0x64, 0x0a, 0x75, 0x0b, 0x43, 0x04, 0x99, 0x09, 0x33, 0x03,
  0x66, 0x06, 0x55, 0x05, 0x22, 0x02, 0x11, 0x01, 0x21, 0x01, 0x22, 0x02,
  0x22, 0x01, 0x22, 0x01, 0x64, 0x07, 0x96, 0x0c, 0x64, 0x09, 0x75, 0x09,
  0x96, 0x0b, 0x86, 0x0a, 0x44, 0x05, 0x54, 0x06, 0x75, 0x08, 0x75, 0x09,
  0x65, 0x07, 0x53, 0x06, 0x64, 0x06, 0x65, 0x07, 0x64, 0x06, 0x21, 0x02,
  0x77, 0x07, 0xaa, 0x0a, 0xbb, 0x0b, 0xbb, 0x0b, 0xbb, 0x0a, 0xbb, 0x0a,
  0x55, 0x05, 0x22, 0x01, 0x22, 0x02, 0x22, 0x02, 0x22, 0x02, 0x22, 0x01,
  0x33, 0x02, 0x44, 0x03, 0x43, 0x03, 0xcd, 0x0a, 0xff, 0x0d, 0xff, 0x0e,
  0xff, 0x0d, 0xff, 0x0d, 0xff, 0x0f, 0xff, 0x0f, 0xff, 0x0f, 0xff, 0x0f,
  0xee, 0x0e, 0xaa, 0x09, 0x55, 0x05, 0x55, 0x05, 0x33, 0x03, 0x34, 0x03,
  0x55, 0x04, 0x67, 0x06, 0x66, 0x05, 0x55, 0x05, 0x66, 0x08, 0x87, 0x0a,
  0x99, 0x0b, 0x99, 0x0b, 0x99, 0x0c, 0xcc, 0x0e, 0xdc, 0x0d, 0xed, 0x0e,
  0x99, 0x0a, 0x44, 0x05, 0x54, 0x05, 0x66, 0x05, 0x65, 0x05, 0x44, 0x04,
  0x44, 0x05, 0xa7, 0x0b, 0xa8, 0x0a, 0x00, 0x00, 0x00, 0x00, 0x00, 0x00,
  0x00, 0x00, 0x00, 0x00, 0x00, 0x00, 0x00, 0x00, 0x00, 0x00, 0x00, 0x00,
  0x00, 0x00, 0x00, 0x00, 0x00, 0x00, 0x00, 0x00, 0x00, 0x00, 0x00, 0x00,
  0x00, 0x00, 0x55, 0x04, 0x55, 0x04, 0x42, 0x04, 0x65, 0x05, 0x76, 0x0b,
  0x74, 0x0e, 0x64, 0x0e, 0x54, 0x0b, 0x53, 0x0a, 0x64, 0x0b, 0x75, 0x0e,
  0x54, 0x09, 0x85, 0x0c, 0xc9, 0x0f, 0xb7, 0x0d, 0x54, 0x08, 0x86, 0x0c,
  0x76, 0x09, 0xaa, 0x0b, 0x65, 0x0b, 0x75, 0x0f, 0x75, 0x0e, 0x43, 0x05,
  0xaa, 0x0a, 0xba, 0x0c, 0xdb, 0x0e, 0xdb, 0x0e, 0xba, 0x0c, 0x33, 0x03,
  0x11, 0x01, 0x12, 0x01, 0x11, 0x01, 0x11, 0x01, 0x32, 0x04, 0x42, 0x06,
  0x43, 0x05, 0x43, 0x06, 0x42, 0x05, 0x43, 0x04, 0x22, 0x02, 0x22, 0x03,
  0x22, 0x02, 0x32, 0x03, 0x22, 0x03, 0x22, 0x02, 0x22, 0x02, 0x22, 0x02,
  0x22, 0x03, 0x22, 0x02, 0x33, 0x03, 0x66, 0x06, 0x66, 0x06, 0x66, 0x06,
  0x66, 0x07, 0x66, 0x07, 0x33, 0x03, 0x22, 0x02, 0x22, 0x02, 0x22, 0x01,
  0x22, 0x01, 0x22, 0x01, 0x33, 0x03, 0x44, 0x03, 0x43, 0x03, 0xcd, 0x0a,
  0xff, 0x0e, 0xff, 0x0d, 0xef, 0x0d, 0xef, 0x0d, 0xff, 0x0e, 0xff, 0x0f,
  0xff, 0x0f, 0xff, 0x0f, 0xef, 0x0e, 0xaa, 0x09, 0x55, 0x05, 0x55, 0x05,
  0x44, 0x04, 0x56, 0x05, 0x67, 0x06, 0x67, 0x06, 0x44, 0x04, 0x65, 0x07,
  0x76, 0x09, 0x99, 0x0b, 0x99, 0x0b, 0x77, 0x09, 0x99, 0x0b, 0xcb, 0x0d,
  0xcc, 0x0d, 0xcc, 0x0d, 0x77, 0x08, 0x43, 0x05, 0x54, 0x06, 0x64, 0x06,
  0x65, 0x05, 0x54, 0x04, 0x44, 0x05, 0x43, 0x04, 0x76, 0x08, 0x33, 0x03,
  0x00, 0x00, 0x00, 0x00, 0x00, 0x00, 0x00, 0x00, 0x00, 0x00, 0x00, 0x00,
  0x00, 0x00, 0x00, 0x00, 0x00, 0x00, 0x00, 0x00, 0x00, 0x00, 0x00, 0x00,
  0x00, 0x00, 0x00, 0x00, 0x00, 0x00, 0x00, 0x00, 0x55, 0x04, 0x55, 0x04,
  0x55, 0x04, 0x76, 0x09, 0x85, 0x0f, 0x74, 0x0f, 0x64, 0x0f, 0x64, 0x0d,
  0x54, 0x0c, 0x54, 0x0a, 0x54, 0x09, 0x65, 0x0e, 0x75, 0x0d, 0x54, 0x08,
  0xa8, 0x0d, 0xd9, 0x0f, 0x97, 0x0b, 0x54, 0x08, 0x53, 0x07, 0x86, 0x0c,
  0x96, 0x0c, 0x98, 0x0c, 0xb9, 0x0f, 0xc8, 0x0f, 0xc8, 0x0e, 0xb8, 0x0d,
  0xda, 0x0d, 0xcb, 0x0c, 0x22, 0x02, 0x21, 0x01, 0x11, 0x01, 0x11, 0x01,
  0x11, 0x01, 0x22, 0x01, 0x11, 0x01, 0x11, 0x01, 0x11, 0x01, 0x11, 0x01,
  0x11, 0x01, 0x22, 0x01, 0x22, 0x01, 0x22, 0x01, 0x22, 0x01, 0x12, 0x01,
  0x12, 0x01, 0x22, 0x01, 0x22, 0x01, 0x22, 0x02, 0x22, 0x01, 0x22, 0x02,
  0x22, 0x02, 0x22, 0x02, 0x22, 0x02, 0x22, 0x02, 0x22, 0x02, 0x22, 0x02,
  0x22, 0x02, 0x22, 0x01, 0x22, 0x01, 0x44, 0x03, 0x34, 0x03, 0x44, 0x03,
  0x44, 0x03, 0xbd, 0x09, 0xef, 0x0c, 0xef, 0x0b, 0xef, 0x0c, 0xef, 0x0d,
  0xff, 0x0e, 0xff, 0x0f, 0xff, 0x0f, 0xff, 0x0f, 0xee, 0x0f, 0xaa, 0x0a,
  0x55, 0x04, 0x55, 0x05, 0x55, 0x05, 0x77, 0x06, 0x66, 0x05, 0x44, 0x04,
  0x44, 0x05, 0x76, 0x08, 0x87, 0x0a, 0x87, 0x09, 0x65, 0x07, 0x98, 0x0b,
  0x99, 0x0b, 0xbb, 0x0d, 0xdd, 0x0e, 0xbb, 0x0c, 0xaa, 0x0b, 0x44, 0x04,
  0x54, 0x06, 0x96, 0x08, 0x75, 0x06, 0x54, 0x04, 0x65, 0x06, 0x55, 0x05,
  0x33, 0x03, 0x00, 0x00, 0x00, 0x00, 0x00, 0x00, 0x00, 0x00, 0x00, 0x00,
  0x00, 0x00, 0x00, 0x00, 0x00, 0x00, 0x00, 0x00, 0x00, 0x00, 0x00, 0x00,
  0x00, 0x00, 0x00, 0x00, 0x00, 0x00, 0x00, 0x00, 0x00, 0x00, 0x00, 0x00,
  0x00, 0x00, 0x00, 0x00, 0x33, 0x03, 0x54, 0x06, 0xb9, 0x0d, 0xa7, 0x0f,
  0x85, 0x0f, 0x74, 0x0f, 0x54, 0x0b, 0x54, 0x0a, 0x44, 0x09, 0x43, 0x09,
  0x75, 0x0c, 0x54, 0x0b, 0x75, 0x0d, 0xa7, 0x0e, 0x54, 0x08, 0x54, 0x08,
  0x75, 0x09, 0xdb, 0x0f, 0xeb, 0x0f, 0xdb, 0x0f, 0xb8, 0x0e, 0x86, 0x0d,
  0x75, 0x0c, 0x75, 0x0b, 0x65, 0x08, 0x76, 0x07, 0x55, 0x04, 0x44, 0x04,
  0x44, 0x03, 0x44, 0x03, 0x44, 0x03, 0x44, 0x03, 0x44, 0x03, 0x34, 0x03,
  0x44, 0x03, 0x45, 0x03, 0x45, 0x03, 0x45, 0x03, 0x45, 0x03, 0x45, 0x03,
  0x45, 0x03, 0x45, 0x03, 0x45, 0x03, 0x45, 0x03, 0x45, 0x03, 0x45, 0x03,
  0x45, 0x03, 0x55, 0x03, 0x55, 0x04, 0x56, 0x04, 0x56, 0x04, 0x67, 0x05,
  0x67, 0x05, 0x78, 0x06, 0x78, 0x07, 0x88, 0x07, 0x89, 0x07, 0xbb, 0x0a,
  0x9a, 0x09, 0x55, 0x04, 0x33, 0x02, 0xac, 0x08, 0xcd, 0x09, 0xcd, 0x09,
  0xcd, 0x0b, 0xde, 0x0c, 0xff, 0x0f, 0xff, 0x0f, 0xdd, 0x0e, 0xdd, 0x0e,
  0xff, 0x0f, 0xbb, 0x0b, 0x55, 0x05, 0x55, 0x05, 0x55, 0x06, 0x66, 0x06,
  0x44, 0x03, 0x33, 0x03, 0x66, 0x07, 0x76, 0x08, 0x66, 0x06, 0x44, 0x05,
  0x77, 0x09, 0xa9, 0x0c, 0xa9, 0x0c, 0xbb, 0x0c, 0xed, 0x0e, 0xba, 0x0b,
  0x66, 0x07, 0x44, 0x05, 0x54, 0x05, 0x85, 0x07, 0x76, 0x07, 0x65, 0x05,
  0x76, 0x06, 0x97, 0x09, 0x75, 0x06, 0x00, 0x00, 0x00, 0x00, 0x00, 0x00,
  0x00, 0x00, 0x00, 0x00, 0x00, 0x00, 0x00, 0x00, 0x00, 0x00, 0x00, 0x00,
  0x00, 0x00, 0x00, 0x00, 0x00, 0x00, 0x00, 0x00, 0x00, 0x00, 0x00, 0x00,
  0x00, 0x00, 0x00, 0x00, 0x00, 0x00, 0x00, 0x00, 0x00, 0x00, 0x00, 0x00,
  0x66, 0x06, 0x86, 0x08, 0xca, 0x0d, 0x98, 0x0f, 0x54, 0x0c, 0x75, 0x0d,
  0x75, 0x0c, 0x55, 0x0c, 0x54, 0x09, 0x54, 0x0a, 0x75, 0x0e, 0x54, 0x0a,
  0x44, 0x08, 0x32, 0x07, 0x54, 0x0b, 0x75, 0x0b, 0xd9, 0x0f, 0xeb, 0x0f,
  0xea, 0x0f, 0xd9, 0x0f, 0xc9, 0x0d, 0x87, 0x09, 0x76, 0x07, 0x77, 0x06,
  0x77, 0x07, 0x78, 0x07, 0x88, 0x07, 0x88, 0x08, 0x99, 0x08, 0xab, 0x0a,
  0xcc, 0x0b, 0xdd, 0x0d, 0xee, 0x0e, 0xff, 0x0e, 0xff, 0x0f, 0xff, 0x0f,
  0xff, 0x0f, 0xff, 0x0f, 0xff, 0x0f, 0xff, 0x0f, 0xff, 0x0f, 0xff, 0x0f,
  0xff, 0x0f, 0xff, 0x0f, 0xff, 0x0f, 0xff, 0x0f, 0xff, 0x0f, 0xff, 0x0f,
  0xff, 0x0f, 0xff, 0x0f, 0xff, 0x0f, 0xee, 0x0e, 0xdd, 0x0d, 0xcc, 0x0c,
  0xbb, 0x0a, 0xaa, 0x09, 0xaa, 0x0a, 0xcc, 0x0b, 0x44, 0x03, 0x78, 0x06,
  0x9b, 0x08, 0xab, 0x08, 0xbb, 0x0a, 0xcc, 0x0b, 0xcc, 0x0c, 0xcc, 0x0c,
  0xcc, 0x0c, 0xcb, 0x0c, 0xcc, 0x0c, 0x77, 0x07, 0x66, 0x05, 0x55, 0x05,
  0x44, 0x04, 0x44, 0x04, 0x44, 0x03, 0x44, 0x04, 0x44, 0x05, 0x33, 0x04,
  0x45, 0x05, 0x66, 0x07, 0x88, 0x0a, 0xaa, 0x0c, 0x99, 0x0c, 0xaa, 0x0c,
  0xcc, 0x0d, 0xdd, 0x0d, 0x55, 0x06, 0x44, 0x05, 0x54, 0x05, 0x96, 0x09,
  0x75, 0x07, 0x76, 0x06, 0x54, 0x04, 0x87, 0x09, 0x87, 0x09, 0x00, 0x00,
  0x00, 0x00, 0x00, 0x00, 0x00, 0x00, 0x00, 0x00, 0x00, 0x00, 0x00, 0x00,
  0x00, 0x00, 0x00, 0x00, 0x00, 0x00, 0x00, 0x00, 0x00, 0x00, 0x00, 0x00,
  0x00, 0x00, 0x00, 0x00, 0x00, 0x00, 0x00, 0x00, 0x00, 0x00, 0x00, 0x00,
  0x00, 0x00, 0x00, 0x00, 0x00, 0x00, 0x00, 0x00, 0x65, 0x06, 0x87, 0x09,
  0x87, 0x09, 0x76, 0x0b, 0x75, 0x0c, 0x86, 0x0c, 0x65, 0x09, 0x43, 0x09,
  0x44, 0x09, 0x43, 0x08, 0x43, 0x07, 0x43, 0x09, 0x54, 0x0d, 0x64, 0x0d,
  0x64, 0x0c, 0x98, 0x0d, 0xea, 0x0f, 0xd9, 0x0f, 0xd8, 0x0f, 0xb9, 0x0c,
  0x55, 0x05, 0x33, 0x02, 0x33, 0x02, 0x33, 0x02, 0x33, 0x02, 0x23, 0x02,
  0x33, 0x02, 0x33, 0x02, 0x33, 0x02, 0x34, 0x03, 0x44, 0x03, 0x44, 0x03,
  0x44, 0x03, 0x45, 0x04, 0x55, 0x04, 0x55, 0x04, 0x55, 0x04, 0x55, 0x04,
  0x56, 0x05, 0x56, 0x05, 0x66, 0x05, 0x55, 0x04, 0x56, 0x05, 0x55, 0x05,
  0x56, 0x05, 0x66, 0x05, 0x66, 0x05, 0x55, 0x05, 0x55, 0x04, 0x45, 0x04,
  0x44, 0x04, 0x44, 0x03, 0x44, 0x03, 0x44, 0x03, 0x44, 0x03, 0x44, 0x03,
  0x33, 0x03, 0x33, 0x02, 0x34, 0x02, 0x34, 0x02, 0x34, 0x02, 0x55, 0x04,
  0x44, 0x03, 0x33, 0x03, 0x33, 0x03, 0x34, 0x03, 0x33, 0x03, 0x33, 0x03,
  0x77, 0x07, 0x55, 0x05, 0x44, 0x04, 0x55, 0x05, 0x44, 0x03, 0x44, 0x04,
  0x44, 0x04, 0x55, 0x06, 0x77, 0x08, 0x99, 0x0a, 0xaa, 0x0a, 0x99, 0x0a,
  0x99, 0x0b, 0x99, 0x0b, 0x99, 0x0b, 0xaa, 0x0b, 0x44, 0x05, 0x44, 0x05,
  0x65, 0x05, 0x86, 0x08, 0x86, 0x07, 0x65, 0x06, 0x54, 0x04, 0x54, 0x05,
  0x87, 0x0a, 0x55, 0x06, 0x00, 0x00, 0x00, 0x00, 0x00, 0x00, 0x00, 0x00,
  0x00, 0x00, 0x00, 0x00, 0x00, 0x00, 0x00, 0x00, 0x00, 0x00, 0x00, 0x00,
  0x00, 0x00, 0x00, 0x00, 0x00, 0x00, 0x00, 0x00, 0x00, 0x00, 0x00, 0x00,
  0x00, 0x00, 0x00, 0x00, 0x00, 0x00, 0x00, 0x00, 0x00, 0x00, 0x00, 0x00,
  0x00, 0x00, 0x44, 0x04, 0x55, 0x06, 0x43, 0x07, 0x54, 0x0a, 0x97, 0x0c,
  0x87, 0x0b, 0x64, 0x0c, 0x54, 0x0c, 0x44, 0x07, 0x32, 0x06, 0x43, 0x0b,
  0x54, 0x0d, 0x74, 0x0f, 0x75, 0x0f, 0x64, 0x0d, 0x65, 0x0c, 0xb7, 0x0e,
  0xca, 0x0e, 0xc9, 0x0d, 0xda, 0x0f, 0xcb, 0x0c, 0xcc, 0x0b, 0xbb, 0x0a,
  0xcc, 0x0b, 0xba, 0x0b, 0x99, 0x08, 0x9a, 0x08, 0x9a, 0x08, 0x9a, 0x07,
  0x9a, 0x07, 0x9a, 0x07, 0x9a, 0x07, 0x9a, 0x07, 0x89, 0x07, 0x89, 0x07,
  0x9a, 0x07, 0x89, 0x06, 0x33, 0x02, 0x45, 0x03, 0x67, 0x04, 0x67, 0x04,
  0x67, 0x05, 0x67, 0x05, 0x66, 0x04, 0x34, 0x02, 0x23, 0x01, 0x78, 0x06,
  0x99, 0x07, 0x99, 0x07, 0x99, 0x08, 0x99, 0x09, 0x99, 0x09, 0x99, 0x09,
  0x99, 0x09, 0x99, 0x08, 0x99, 0x09, 0x99, 0x09, 0x99, 0x08, 0x89, 0x08,
  0x99, 0x08, 0x99, 0x08, 0x89, 0x08, 0x99, 0x09, 0x99, 0x08, 0x99, 0x08,
  0x88, 0x08, 0x98, 0x09, 0x88, 0x08, 0x44, 0x04, 0x33, 0x04, 0x45, 0x04,
  0x55, 0x04, 0x55, 0x05, 0x66, 0x06, 0x78, 0x07, 0x88, 0x08, 0x99, 0x09,
  0x98, 0x09, 0x77, 0x08, 0x77, 0x08, 0x66, 0x06, 0x44, 0x04, 0x44, 0x04,
  0x44, 0x05, 0x44, 0x05, 0x54, 0x05, 0x96, 0x08, 0x86, 0x07, 0x75, 0x06,
  0x65, 0x05, 0x65, 0x06, 0x86, 0x09, 0x87, 0x08, 0x00, 0x00, 0x00, 0x00,
  0x00, 0x00, 0x00, 0x00, 0x00, 0x00, 0x00, 0x00, 0x00, 0x00, 0x00, 0x00,
  0x00, 0x00, 0x00, 0x00, 0x00, 0x00, 0x00, 0x00, 0x00, 0x00, 0x00, 0x00,
  0x00, 0x00, 0x00, 0x00, 0x00, 0x00, 0x00, 0x00, 0x00, 0x00, 0x00, 0x00,
  0x00, 0x00, 0x00, 0x00, 0x00, 0x00, 0x44, 0x04, 0x55, 0x06, 0x33, 0x06,
  0x43, 0x07, 0x43, 0x07, 0x87, 0x0b, 0x87, 0x0c, 0x76, 0x0d, 0x54, 0x07,
  0x32, 0x05, 0x44, 0x0c, 0x54, 0x0d, 0x54, 0x0d, 0x65, 0x0f, 0x64, 0x0c,
  0x65, 0x0e, 0x54, 0x0a, 0x87, 0x0b, 0xc9, 0x0e, 0xd9, 0x0f, 0xd9, 0x0f,
  0xeb, 0x0f, 0xeb, 0x0f, 0x96, 0x0b, 0x86, 0x0a, 0x22, 0x02, 0x33, 0x02,
  0x33, 0x02, 0x33, 0x02, 0x33, 0x02, 0x34, 0x02, 0x34, 0x02, 0x34, 0x02,
  0x34, 0x02, 0x33, 0x02, 0x34, 0x02, 0x33, 0x02, 0x22, 0x02, 0x22, 0x02,
  0x23, 0x02, 0x33, 0x02, 0x33, 0x02, 0x33, 0x02, 0x33, 0x02, 0x23, 0x02,
  0x22, 0x02, 0x33, 0x02, 0x23, 0x02, 0x33, 0x02, 0x33, 0x02, 0x33, 0x02,
  0x33, 0x02, 0x34, 0x03, 0x34, 0x02, 0x34, 0x02, 0x34, 0x02, 0x34, 0x02,
  0x33, 0x02, 0x33, 0x02, 0x33, 0x02, 0x23, 0x02, 0x33, 0x02, 0x33, 0x02,
  0x34, 0x02, 0x33, 0x02, 0x33, 0x03, 0x33, 0x03, 0x33, 0x03, 0x33, 0x03,
  0x33, 0x03, 0x44, 0x03, 0x44, 0x04, 0x44, 0x04, 0x55, 0x04, 0x55, 0x05,
  0x55, 0x06, 0x54, 0x06, 0x87, 0x09, 0x88, 0x0a, 0xa9, 0x0b, 0x55, 0x06,
  0x44, 0x04, 0x44, 0x04, 0x44, 0x05, 0x55, 0x06, 0x65, 0x06, 0x85, 0x07,
  0x64, 0x06, 0x54, 0x04, 0x54, 0x05, 0x55, 0x06, 0x75, 0x07, 0x76, 0x07,
  0x00, 0x00, 0x00, 0x00, 0x00, 0x00, 0x00, 0x00, 0x00, 0x00, 0x00, 0x00,
  0x00, 0x00, 0x00, 0x00, 0x00, 0x00, 0x00, 0x00, 0x00, 0x00, 0x00, 0x00,
  0x00, 0x00, 0x00, 0x00, 0x00, 0x00, 0x00, 0x00, 0x00, 0x00, 0x00, 0x00,
  0x00, 0x00, 0x00, 0x00, 0x00, 0x00, 0x00, 0x00, 0x00, 0x00, 0x55, 0x05,
  0x88, 0x0a, 0x33, 0x05, 0x43, 0x09, 0x54, 0x0c, 0x54, 0x0c, 0x54, 0x0c,
  0x64, 0x0c, 0x43, 0x08, 0x54, 0x08, 0x44, 0x0c, 0x44, 0x0c, 0x54, 0x0d,
  0x54, 0x0e, 0x54, 0x0c, 0x65, 0x0e, 0x87, 0x0c, 0x43, 0x09, 0x43, 0x09,
  0x65, 0x0c, 0x86, 0x0c, 0x96, 0x0c, 0x86, 0x0c, 0x75, 0x09, 0x54, 0x06,
  0x66, 0x05, 0x66, 0x06, 0x67, 0x06, 0x77, 0x07, 0x78, 0x07, 0x78, 0x07,
  0x77, 0x07, 0x77, 0x07, 0x67, 0x06, 0x67, 0x06, 0x66, 0x06, 0x66, 0x06,
  0x34, 0x02, 0x44, 0x03, 0x45, 0x03, 0x45, 0x03, 0x45, 0x03, 0x45, 0x03,
  0x45, 0x03, 0x33, 0x02, 0x23, 0x01, 0x44, 0x03, 0x45, 0x04, 0x45, 0x04,
  0x45, 0x04, 0x55, 0x05, 0x76, 0x07, 0x66, 0x06, 0x77, 0x07, 0x66, 0x06,
  0x66, 0x06, 0x55, 0x05, 0x56, 0x05, 0x55, 0x05, 0x66, 0x06, 0x66, 0x06,
  0x66, 0x06, 0x66, 0x06, 0x66, 0x06, 0x66, 0x06, 0x65, 0x05, 0x65, 0x06,
  0x66, 0x06, 0x44, 0x04, 0x55, 0x05, 0x55, 0x05, 0x67, 0x06, 0x77, 0x07,
  0x97, 0x09, 0xb8, 0x0b, 0x96, 0x09, 0x97, 0x09, 0x96, 0x09, 0x88, 0x0a,
  0xaa, 0x0c, 0x55, 0x06, 0x55, 0x05, 0x55, 0x06, 0x65, 0x06, 0x65, 0x07,
  0x64, 0x06, 0x85, 0x08, 0x64, 0x05, 0x65, 0x05, 0x64, 0x05, 0x75, 0x07,
  0x77, 0x07, 0x00, 0x00, 0x00, 0x00, 0x00, 0x00, 0x00, 0x00, 0x00, 0x00,
  0x00, 0x00, 0x00, 0x00, 0x00, 0x00, 0x00, 0x00, 0x00, 0x00, 0x00, 0x00,
  0x00, 0x00, 0x00, 0x00, 0x00, 0x00, 0x00, 0x00, 0x00, 0x00, 0x00, 0x00,
  0x00, 0x00, 0x00, 0x00, 0x00, 0x00, 0x00, 0x00, 0x00, 0x00, 0x00, 0x00,
  0x00, 0x00, 0x33, 0x03, 0x66, 0x08, 0x43, 0x07, 0x44, 0x09, 0x54, 0x0a,
  0x54, 0x0a, 0x64, 0x0b, 0x65, 0x0c, 0x65, 0x0d, 0x55, 0x0c, 0x54, 0x0b,
  0x54, 0x0c, 0x44, 0x0d, 0x54, 0x0b, 0x54, 0x0b, 0x55, 0x0c, 0x64, 0x09,
  0x32, 0x06, 0x43, 0x09, 0x65, 0x0c, 0x75, 0x0d, 0x85, 0x0d, 0x75, 0x0a,
  0x76, 0x08, 0x88, 0x07, 0x88, 0x07, 0x88, 0x06, 0x88, 0x07, 0x88, 0x07,
  0x89, 0x07, 0x88, 0x07, 0x88, 0x06, 0x78, 0x06, 0x77, 0x06, 0x78, 0x06,
  0x78, 0x06, 0x66, 0x05, 0x33, 0x02, 0x45, 0x03, 0x56, 0x03, 0x56, 0x03,
  0x45, 0x03, 0x45, 0x03, 0x45, 0x03, 0x45, 0x03, 0x33, 0x02, 0x77, 0x05,
  0x89, 0x07, 0x89, 0x07, 0x89, 0x07, 0x89, 0x07, 0x89, 0x07, 0x89, 0x08,
  0x99, 0x07, 0x89, 0x07, 0x89, 0x07, 0x99, 0x07, 0x99, 0x07, 0x99, 0x07,
  0x88, 0x08, 0x23, 0x02, 0x22, 0x01, 0x22, 0x01, 0x22, 0x02, 0x22, 0x01,
  0x22, 0x01, 0x33, 0x03, 0x44, 0x04, 0x55, 0x05, 0x66, 0x06, 0x66, 0x06,
  0x77, 0x06, 0x97, 0x0a, 0x96, 0x08, 0x54, 0x05, 0x54, 0x05, 0x64, 0x06,
  0x85, 0x07, 0x86, 0x08, 0x87, 0x08, 0x55, 0x06, 0x55, 0x05, 0x55, 0x05,
  0x54, 0x05, 0x64, 0x06, 0x75, 0x07, 0x85, 0x08, 0x65, 0x06, 0x65, 0x05,
  0x64, 0x07, 0x65, 0x07, 0x00, 0x00, 0x00, 0x00, 0x00, 0x00, 0x00, 0x00,
  0x00, 0x00, 0x00, 0x00, 0x00, 0x00, 0x00, 0x00, 0x00, 0x00, 0x00, 0x00,
  0x00, 0x00, 0x00, 0x00, 0x00, 0x00, 0x00, 0x00, 0x00, 0x00, 0x00, 0x00,
  0x00, 0x00, 0x00, 0x00, 0x00, 0x00, 0x00, 0x00, 0x00, 0x00, 0x00, 0x00,
  0x00, 0x00, 0x00, 0x00, 0x00, 0x00, 0x44, 0x04, 0x98, 0x0b, 0x43, 0x09,
  0x54, 0x0c, 0x54, 0x0b, 0x53, 0x0c, 0x85, 0x0e, 0x86, 0x0c, 0x65, 0x0a,
  0x65, 0x0c, 0x54, 0x0b, 0x65, 0x0b, 0x54, 0x0b, 0x44, 0x0b, 0x44, 0x0c,
  0x65, 0x0a, 0x54, 0x09, 0x43, 0x09, 0x43, 0x09, 0x43, 0x08, 0x54, 0x09,
  0x74, 0x0a, 0x97, 0x0b, 0xba, 0x0b, 0xee, 0x0e, 0xee, 0x0e, 0xee, 0x0e,
  0xee, 0x0e, 0xee, 0x0e, 0xee, 0x0f, 0xbc, 0x0b, 0x67, 0x05, 0x66, 0x05,
  0x56, 0x05, 0x56, 0x05, 0x66, 0x05, 0x55, 0x05, 0x33, 0x02, 0x33, 0x02,
  0x33, 0x02, 0x33, 0x02, 0x22, 0x01, 0x22, 0x01, 0x22, 0x01, 0x22, 0x01,
  0x23, 0x02, 0x55, 0x04, 0x66, 0x05, 0x78, 0x06, 0x78, 0x06, 0x78, 0x07,
  0x88, 0x07, 0x78, 0x07, 0x88, 0x07, 0x89, 0x06, 0x89, 0x07, 0x89, 0x07,
  0x89, 0x07, 0xef, 0x0e, 0xff, 0x0f, 0x88, 0x08, 0x22, 0x02, 0x22, 0x02,
  0x33, 0x02, 0x22, 0x02, 0x22, 0x02, 0x44, 0x04, 0x45, 0x04, 0x55, 0x05,
  0x56, 0x06, 0x67, 0x06, 0x76, 0x06, 0xa8, 0x0a, 0x54, 0x05, 0x43, 0x03,
  0x44, 0x05, 0x65, 0x06, 0x54, 0x05, 0x86, 0x07, 0x54, 0x05, 0x55, 0x05,
  0x44, 0x05, 0x55, 0x06, 0x53, 0x05, 0x75, 0x06, 0x75, 0x07, 0x75, 0x06,
  0x75, 0x06, 0x65, 0x05, 0x66, 0x08, 0x75, 0x09, 0x00, 0x00, 0x00, 0x00,
  0x00, 0x00, 0x00, 0x00, 0x00, 0x00, 0x00, 0x00, 0x00, 0x00, 0x00, 0x00,
  0x00, 0x00, 0x00, 0x00, 0x00, 0x00, 0x00, 0x00, 0x00, 0x00, 0x00, 0x00,
  0x00, 0x00, 0x00, 0x00, 0x00, 0x00, 0x00, 0x00, 0x00, 0x00, 0x00, 0x00,
  0x00, 0x00, 0x00, 0x00, 0x00, 0x00, 0x00, 0x00, 0x00, 0x00, 0x76, 0x07,
  0x98, 0x0c, 0x43, 0x09, 0x44, 0x0c, 0x43, 0x0c, 0x54, 0x0c, 0x64, 0x0f,
  0x75, 0x0f, 0x85, 0x0f, 0x97, 0x0e, 0x64, 0x09, 0x55, 0x0b, 0x65, 0x0a,
  0x43, 0x08, 0x44, 0x0a, 0x65, 0x08, 0x43, 0x07, 0x43, 0x09, 0x54, 0x0b,
  0x75, 0x0c, 0x85, 0x0d, 0x86, 0x0d, 0x65, 0x08, 0xdd, 0x0e, 0x99, 0x08,
  0xaa, 0x0a, 0xaa, 0x0a, 0xaa, 0x09, 0xee, 0x0e, 0xff, 0x0f, 0x9a, 0x08,
  0x78, 0x05, 0x78, 0x05, 0x77, 0x05, 0x67, 0x05, 0x77, 0x06, 0x78, 0x06,
  0x22, 0x02, 0x33, 0x03, 0x32, 0x03, 0x33, 0x03, 0x33, 0x03, 0x33, 0x03,
  0x32, 0x03, 0x22, 0x03, 0x23, 0x02, 0x66, 0x05, 0x89, 0x07, 0x78, 0x06,
  0x44, 0x03, 0x45, 0x03, 0x44, 0x05, 0x44, 0x04, 0x45, 0x03, 0x44, 0x03,
  0x33, 0x02, 0x33, 0x02, 0x55, 0x04, 0xaa, 0x0a, 0xff, 0x0f, 0xdd, 0x0d,
  0x55, 0x04, 0x55, 0x05, 0x55, 0x05, 0x55, 0x05, 0x45, 0x05, 0x55, 0x05,
  0x55, 0x05, 0x56, 0x06, 0x55, 0x05, 0x77, 0x07, 0x65, 0x06, 0x86, 0x08,
  0x54, 0x05, 0x65, 0x05, 0x55, 0x05, 0x55, 0x06, 0x65, 0x06, 0x54, 0x05,
  0x97, 0x08, 0x44, 0x04, 0x44, 0x05, 0x55, 0x07, 0x54, 0x05, 0x86, 0x07,
  0x75, 0x07, 0x65, 0x05, 0x75, 0x06, 0x66, 0x06, 0x75, 0x08, 0x75, 0x08,
  0x00, 0x00, 0x00, 0x00, 0x00, 0x00, 0x00, 0x00, 0x00, 0x00, 0x00, 0x00,
  0x00, 0x00, 0x00, 0x00, 0x00, 0x00, 0x00, 0x00, 0x00, 0x00, 0x00, 0x00,
  0x00, 0x00, 0x00, 0x00, 0x00, 0x00, 0x00, 0x00, 0x00, 0x00, 0x00, 0x00,
  0x00, 0x00, 0x00, 0x00, 0x00, 0x00, 0x00, 0x00, 0x00, 0x00, 0x00, 0x00,
  0x00, 0x00, 0x88, 0x09, 0x98, 0x0b, 0x43, 0x08, 0x44, 0x0c, 0x44, 0x0c,
  0x54, 0x0c, 0x64, 0x0e, 0x74, 0x0f, 0x85, 0x0f, 0x85, 0x0f, 0x97, 0x0f,
  0x86, 0x0c, 0x64, 0x0a, 0x54, 0x09, 0x55, 0x07, 0x54, 0x09, 0x54, 0x0c,
  0x43, 0x0b, 0x54, 0x0a, 0x64, 0x0c, 0x85, 0x0d, 0x97, 0x0c, 0x99, 0x0a,
  0xff, 0x0f, 0xff, 0x0f, 0xff, 0x0f, 0xff, 0x0e, 0xff, 0x0e, 0xff, 0x0f,
  0xff, 0x0e, 0xaa, 0x08, 0x9a, 0x07, 0x9a, 0x08, 0x88, 0x07, 0x99, 0x07,
  0xaa, 0x09, 0x88, 0x07, 0x32, 0x03, 0x65, 0x0b, 0x75, 0x0c, 0x64, 0x0b,
  0x64, 0x0b, 0x75, 0x0c, 0x54, 0x0a, 0x33, 0x05, 0x33, 0x02, 0x67, 0x05,
  0x9a, 0x09, 0x9a, 0x08, 0x77, 0x06, 0x89, 0x08, 0x44, 0x08, 0x44, 0x08,
  0x99, 0x09, 0x89, 0x08, 0x44, 0x03, 0x33, 0x02, 0x44, 0x03, 0x67, 0x06,
  0xef, 0x0f, 0xff, 0x0f, 0x77, 0x07, 0x55, 0x05, 0x55, 0x05, 0x55, 0x05,
  0x55, 0x05, 0x44, 0x04, 0x55, 0x05, 0x66, 0x06, 0x66, 0x06, 0x77, 0x07,
  0x86, 0x07, 0x86, 0x08, 0x75, 0x06, 0x77, 0x06, 0x77, 0x06, 0x55, 0x05,
  0x65, 0x06, 0x65, 0x06, 0x43, 0x04, 0x53, 0x04, 0x55, 0x06, 0x54, 0x06,
  0x76, 0x07, 0x75, 0x07, 0x64, 0x05, 0x64, 0x05, 0x65, 0x05, 0x65, 0x06,
  0xb8, 0x0c, 0x86, 0x09, 0x00, 0x00, 0x00, 0x00, 0x00, 0x00, 0x00, 0x00,
  0x00, 0x00, 0x00, 0x00, 0x00, 0x00, 0x00, 0x00, 0x00, 0x00, 0x00, 0x00,
  0x00, 0x00, 0x00, 0x00, 0x00, 0x00, 0x00, 0x00, 0x00, 0x00, 0x00, 0x00,
  0x00, 0x00, 0x00, 0x00, 0x00, 0x00, 0x00, 0x00, 0x00, 0x00, 0x00, 0x00,
  0x00, 0x00, 0x00, 0x00, 0x00, 0x00, 0x98, 0x09, 0x87, 0x0b, 0x43, 0x08,
  0x44, 0x0c, 0x43, 0x0b, 0x44, 0x0d, 0x64, 0x0e, 0x74, 0x0f, 0x85, 0x0f,
  0x85, 0x0f, 0xa7, 0x0f, 0x87, 0x0e, 0x75, 0x0a, 0x54, 0x07, 0x33, 0x04,
  0x32, 0x05, 0x44, 0x08, 0x44, 0x09, 0x44, 0x0a, 0x54, 0x0a, 0x54, 0x09,
  0x65, 0x09, 0xee, 0x0e, 0xff, 0x0f, 0xff, 0x0f, 0xff, 0x0f, 0xff, 0x0f,
  0xff, 0x0f, 0xff, 0x0f, 0xff, 0x0f, 0xcc, 0x0b, 0xaa, 0x08, 0xaa, 0x09,
  0xaa, 0x09, 0xaa, 0x09, 0xab, 0x0a, 0x9a, 0x08, 0x88, 0x07, 0x99, 0x0a,
  0xa9, 0x0c, 0xa9, 0x0b, 0xa9, 0x0b, 0xb9, 0x0c, 0x98, 0x09, 0x78, 0x07,
  0x78, 0x06, 0x99, 0x08, 0xaa, 0x09, 0x9a, 0x08, 0x88, 0x07, 0x78, 0x07,
  0x88, 0x08, 0x88, 0x08, 0x88, 0x07, 0x88, 0x07, 0x88, 0x07, 0x88, 0x07,
  0x89, 0x07, 0xab, 0x09, 0xee, 0x0e, 0xff, 0x0f, 0xdd, 0x0d, 0x55, 0x05,
  0x55, 0x05, 0x55, 0x05, 0x55, 0x05, 0x55, 0x04, 0x55, 0x05, 0x66, 0x06,
  0x66, 0x06, 0x66, 0x06, 0x66, 0x06, 0x96, 0x08, 0x75, 0x07, 0x76, 0x06,
  0x76, 0x06, 0x44, 0x04, 0x55, 0x05, 0x54, 0x06, 0x54, 0x05, 0x43, 0x04,
  0x54, 0x05, 0x64, 0x05, 0x75, 0x06, 0x65, 0x06, 0x87, 0x08, 0x76, 0x06,
  0x54, 0x04, 0x87, 0x09, 0x97, 0x0a, 0x55, 0x05, 0x00, 0x00, 0x00, 0x00,
  0x00, 0x00, 0x00, 0x00, 0x00, 0x00, 0x00, 0x00, 0x00, 0x00, 0x00, 0x00,
  0x00, 0x00, 0x00, 0x00, 0x00, 0x00, 0x00, 0x00, 0x00, 0x00, 0x00, 0x00,
  0x00, 0x00, 0x00, 0x00, 0x00, 0x00, 0x00, 0x00, 0x00, 0x00, 0x00, 0x00,
  0x00, 0x00, 0x00, 0x00, 0x00, 0x00, 0x00, 0x00, 0x00, 0x00, 0xa8, 0x0a,
  0x86, 0x0a, 0x43, 0x08, 0x43, 0x0c, 0x43, 0x0b, 0x44, 0x0d, 0x54, 0x0e,
  0x74, 0x0f, 0x85, 0x0f, 0x85, 0x0f, 0xa7, 0x0f, 0x86, 0x0e, 0x97, 0x0d,
  0x43, 0x05, 0x33, 0x03, 0x33, 0x04, 0x44, 0x03, 0x45, 0x04, 0x33, 0x04,
  0x65, 0x09, 0x65, 0x0a, 0xaa, 0x0c, 0xff, 0x0f, 0xff, 0x0f, 0xff, 0x0f,
  0xff, 0x0f, 0xff, 0x0f, 0xff, 0x0f, 0xff, 0x0f, 0xff, 0x0f, 0xff, 0x0f,
  0xff, 0x0f, 0xff, 0x0f, 0xff, 0x0f, 0xff, 0x0f, 0xff, 0x0f, 0xff, 0x0f,
  0xff, 0x0f, 0xff, 0x0f, 0xff, 0x0f, 0xff, 0x0f, 0xff, 0x0f, 0xff, 0x0f,
  0xff, 0x0f, 0xff, 0x0f, 0xff, 0x0f, 0xff, 0x0f, 0xff, 0x0f, 0xff, 0x0f,
  0xff, 0x0f, 0xff, 0x0f, 0xff, 0x0f, 0xff, 0x0f, 0xff, 0x0f, 0xff, 0x0f,
  0xff, 0x0f, 0xff, 0x0f, 0xff, 0x0f, 0xff, 0x0f, 0xff, 0x0f, 0xff, 0x0f,
  0xff, 0x0f, 0x66, 0x06, 0x55, 0x05, 0x55, 0x05, 0x66, 0x06, 0x45, 0x04,
  0x66, 0x05, 0x66, 0x05, 0x66, 0x06, 0x66, 0x06, 0x65, 0x06, 0x87, 0x08,
  0x75, 0x07, 0x64, 0x06, 0x64, 0x06, 0x44, 0x04, 0x54, 0x05, 0x65, 0x06,
  0x65, 0x05, 0x44, 0x04, 0x65, 0x05, 0x65, 0x05, 0x65, 0x05, 0x65, 0x06,
  0x65, 0x06, 0x65, 0x06, 0x44, 0x04, 0x00, 0x00, 0x00, 0x00, 0x00, 0x00,
  0x00, 0x00, 0x00, 0x00, 0x00, 0x00, 0x00, 0x00, 0x00, 0x00, 0x00, 0x00,
  0x00, 0x00, 0x00, 0x00, 0x00, 0x00, 0x00, 0x00, 0x00, 0x00, 0x00, 0x00,
  0x00, 0x00, 0x00, 0x00, 0x00, 0x00, 0x00, 0x00, 0x00, 0x00, 0x00, 0x00,
  0x00, 0x00, 0x00, 0x00, 0x00, 0x00, 0x00, 0x00, 0x00, 0x00, 0x00, 0x00,
  0x00, 0x00, 0xa8, 0x0a, 0x76, 0x0a, 0x43, 0x09, 0x44, 0x0c, 0x43, 0x0b,
  0x44, 0x0d, 0x54, 0x0d, 0x74, 0x0f, 0x85, 0x0f, 0x85, 0x0f, 0xa7, 0x0f,
  0x87, 0x0d, 0x97, 0x0d, 0x43, 0x05, 0x32, 0x04, 0x32, 0x04, 0x23, 0x02,
  0x33, 0x03, 0x44, 0x04, 0x76, 0x09, 0x86, 0x0b, 0xdd, 0x0d, 0xee, 0x0e,
  0xef, 0x0e, 0xee, 0x0e, 0xee, 0x0e, 0xee, 0x0e, 0xee, 0x0e, 0xee, 0x0e,
  0xee, 0x0e, 0xee, 0x0e, 0xef, 0x0e, 0xff, 0x0e, 0xef, 0x0e, 0xff, 0x0e,
  0xff, 0x0e, 0xff, 0x0e, 0xef, 0x0e, 0xff, 0x0e, 0xff, 0x0e, 0xff, 0x0e,
  0xee, 0x0e, 0xee, 0x0e, 0xee, 0x0e, 0xee, 0x0e, 0xee, 0x0e, 0xee, 0x0e,
  0xee, 0x0e, 0xee, 0x0e, 0xee, 0x0d, 0xee, 0x0e, 0xee, 0x0e, 0xee, 0x0d,
  0xee, 0x0d, 0xee, 0x0d, 0xde, 0x0c, 0xde, 0x0c, 0xdd, 0x0c, 0xde, 0x0c,
  0xee, 0x0d, 0xee, 0x0d, 0xee, 0x0e, 0xab, 0x0a, 0x55, 0x05, 0x55, 0x05,
  0x66, 0x06, 0x33, 0x03, 0x45, 0x04, 0x66, 0x06, 0x66, 0x06, 0x66, 0x06,
  0x56, 0x06, 0x44, 0x04, 0x75, 0x06, 0x75, 0x06, 0x65, 0x06, 0x44, 0x04,
  0x44, 0x04, 0x76, 0x07, 0x43, 0x03, 0x43, 0x03, 0x76, 0x06, 0x75, 0x06,
  0x65, 0x05, 0x54, 0x05, 0x86, 0x09, 0x66, 0x06, 0x00, 0x00, 0x00, 0x00,
  0x00, 0x00, 0x00, 0x00, 0x00, 0x00, 0x00, 0x00, 0x00, 0x00, 0x00, 0x00,
  0x00, 0x00, 0x00, 0x00, 0x00, 0x00, 0x00, 0x00, 0x00, 0x00, 0x00, 0x00,
  0x00, 0x00, 0x00, 0x00, 0x00, 0x00, 0x00, 0x00, 0x00, 0x00, 0x00, 0x00,
  0x00, 0x00, 0x00, 0x00, 0x00, 0x00, 0x00, 0x00, 0x00, 0x00, 0x00, 0x00,
  0x00, 0x00, 0x00, 0x00, 0x00, 0x00, 0xa9, 0x0a, 0x76, 0x09, 0x43, 0x09,
  0x44, 0x0c, 0x43, 0x0b, 0x43, 0x0c, 0x54, 0x0d, 0x75, 0x0e, 0x85, 0x0f,
  0x96, 0x0f, 0x97, 0x0e, 0x87, 0x0c, 0x76, 0x0b, 0x33, 0x04, 0x33, 0x04,
  0x33, 0x04, 0x33, 0x02, 0x33, 0x03, 0x33, 0x04, 0x65, 0x07, 0xaa, 0x0b,
  0xff, 0x0f, 0xff, 0x0e, 0xff, 0x0e, 0xff, 0x0e, 0xff, 0x0e, 0xee, 0x0e,
  0xff, 0x0e, 0xaa, 0x0a, 0x66, 0x05, 0x66, 0x05, 0x66, 0x05, 0x56, 0x05,
  0x56, 0x05, 0x66, 0x05, 0x56, 0x05, 0x56, 0x05, 0x56, 0x04, 0x56, 0x05,
  0x56, 0x05, 0x67, 0x05, 0x66, 0x05, 0x66, 0x05, 0x66, 0x05, 0x66, 0x06,
  0x77, 0x06, 0x77, 0x06, 0x78, 0x06, 0x78, 0x07, 0x78, 0x07, 0x88, 0x07,
  0x89, 0x07, 0x89, 0x07, 0x88, 0x07, 0x89, 0x07, 0x8a, 0x07, 0x8a, 0x07,
  0x8a, 0x07, 0x9a, 0x07, 0x89, 0x07, 0x89, 0x08, 0xef, 0x0e, 0xff, 0x0e,
  0x88, 0x08, 0x66, 0x06, 0x77, 0x07, 0x34, 0x03, 0x55, 0x04, 0x67, 0x06,
  0x67, 0x05, 0x67, 0x06, 0x55, 0x06, 0x55, 0x05, 0x54, 0x04, 0x54, 0x05,
  0x54, 0x04, 0x44, 0x04, 0x33, 0x03, 0x53, 0x04, 0x54, 0x04, 0x44, 0x04,
  0x65, 0x06, 0x76, 0x06, 0x54, 0x05, 0x87, 0x09, 0xa7, 0x0b, 0x77, 0x07,
  0x00, 0x00, 0x00, 0x00, 0x00, 0x00, 0x00, 0x00, 0x00, 0x00, 0x00, 0x00,
  0x00, 0x00, 0x00, 0x00, 0x00, 0x00, 0x00, 0x00, 0x00, 0x00, 0x00, 0x00,
  0x00, 0x00, 0x00, 0x00, 0x00, 0x00, 0x00, 0x00, 0x00, 0x00, 0x00, 0x00,
  0x00, 0x00, 0x00, 0x00, 0x00, 0x00, 0x00, 0x00, 0x00, 0x00, 0x00, 0x00,
  0x00, 0x00, 0x00, 0x00, 0x00, 0x00, 0x00, 0x00, 0x00, 0x00, 0xa9, 0x0a,
  0x76, 0x09, 0x43, 0x09, 0x54, 0x0c, 0x44, 0x0c, 0x44, 0x0c, 0x54, 0x0d,
  0x74, 0x0f, 0x85, 0x0f, 0x96, 0x0e, 0x97, 0x0d, 0x75, 0x0c, 0x78, 0x08,
  0x66, 0x06, 0x44, 0x08, 0x44, 0x08, 0x55, 0x04, 0x56, 0x04, 0x33, 0x02,
  0x44, 0x04, 0xee, 0x0e, 0xff, 0x0f, 0xff, 0x0f, 0xff, 0x0f, 0xff, 0x0f,
  0xff, 0x0f, 0xff, 0x0f, 0xff, 0x0e, 0x78, 0x06, 0x45, 0x02, 0x56, 0x04,
  0x56, 0x04, 0x45, 0x03, 0x66, 0x05, 0x67, 0x05, 0x55, 0x03, 0x66, 0x04,
  0x56, 0x04, 0x45, 0x03, 0x56, 0x04, 0x56, 0x04, 0x55, 0x04, 0x56, 0x04,
  0x56, 0x04, 0x56, 0x04, 0x67, 0x05, 0x56, 0x04, 0x45, 0x03, 0x56, 0x04,
  0x56, 0x04, 0x55, 0x03, 0x56, 0x04, 0x57, 0x04, 0x55, 0x04, 0x56, 0x04,
  0x56, 0x04, 0x45, 0x03, 0x56, 0x04, 0x56, 0x04, 0x45, 0x03, 0x45, 0x03,
  0xcc, 0x0c, 0xff, 0x0f, 0xdd, 0x0d, 0x77, 0x09, 0x9b, 0x06, 0x67, 0x04,
  0x8a, 0x06, 0x9b, 0x06, 0x8a, 0x06, 0x89, 0x07, 0x77, 0x06, 0x66, 0x06,
  0x55, 0x05, 0x55, 0x04, 0x55, 0x04, 0x44, 0x04, 0x54, 0x04, 0x54, 0x05,
  0x55, 0x05, 0x65, 0x05, 0x97, 0x08, 0x44, 0x04, 0x00, 0x00, 0x54, 0x05,
  0x00, 0x00, 0x00, 0x00, 0x00, 0x00, 0x00, 0x00, 0x00, 0x00, 0x00, 0x00,
  0x00, 0x00, 0x00, 0x00, 0x00, 0x00, 0x00, 0x00, 0x00, 0x00, 0x00, 0x00,
  0x00, 0x00, 0x00, 0x00, 0x00, 0x00, 0x00, 0x00, 0x00, 0x00, 0x00, 0x00,
  0x00, 0x00, 0x00, 0x00, 0x00, 0x00, 0x00, 0x00, 0x00, 0x00, 0x00, 0x00,
  0x00, 0x00, 0x00, 0x00, 0x00, 0x00, 0x00, 0x00, 0x00, 0x00, 0x00, 0x00,
  0x00, 0x00, 0x98, 0x09, 0x76, 0x09, 0x43, 0x0a, 0x54, 0x0d, 0x54, 0x0c,
  0x44, 0x0c, 0x54, 0x0d, 0x74, 0x0e, 0x85, 0x0e, 0x86, 0x0c, 0xc9, 0x0e,
  0x88, 0x0a, 0x8a, 0x06, 0x67, 0x05, 0x68, 0x05, 0x55, 0x04, 0x45, 0x04,
  0x44, 0x03, 0x33, 0x03, 0xcc, 0x0c, 0xff, 0x0f, 0xff, 0x0f, 0xff, 0x0f,
  0xff, 0x0f, 0xff, 0x0f, 0xff, 0x0f, 0xff, 0x0f, 0xcc, 0x0c, 0x56, 0x04,
  0x44, 0x02, 0x45, 0x02, 0x45, 0x03, 0x45, 0x03, 0x45, 0x03, 0x46, 0x03,
  0x45, 0x03, 0x45, 0x04, 0x44, 0x03, 0x45, 0x02, 0x56, 0x03, 0x46, 0x03,
  0x45, 0x03, 0x45, 0x03, 0x45, 0x03, 0x45, 0x03, 0x46, 0x03, 0x45, 0x03,
  0x45, 0x03, 0x45, 0x03, 0x45, 0x03, 0x44, 0x03, 0x44, 0x03, 0x45, 0x03,
  0x45, 0x02, 0x45, 0x02, 0x44, 0x02, 0x34, 0x02, 0x34, 0x02, 0x34, 0x03,
  0x34, 0x03, 0x44, 0x03, 0x66, 0x05, 0xff, 0x0e, 0xff, 0x0f, 0xab, 0x0b,
  0x55, 0x04, 0x45, 0x04, 0x66, 0x04, 0x67, 0x04, 0x8a, 0x05, 0x9b, 0x07,
  0x8a, 0x07, 0x55, 0x05, 0x66, 0x07, 0x44, 0x04, 0x45, 0x04, 0x55, 0x04,
  0x55, 0x05, 0x65, 0x06, 0x44, 0x04, 0x44, 0x04, 0x22, 0x02, 0x00, 0x00,
  0x00, 0x00, 0x00, 0x00, 0x00, 0x00, 0x00, 0x00, 0x00, 0x00, 0x00, 0x00,
  0x00, 0x00, 0x00, 0x00, 0x00, 0x00, 0x00, 0x00, 0x00, 0x00, 0x00, 0x00,
  0x00, 0x00, 0x00, 0x00, 0x00, 0x00, 0x00, 0x00, 0x00, 0x00, 0x00, 0x00,
  0x00, 0x00, 0x00, 0x00, 0x00, 0x00, 0x00, 0x00, 0x00, 0x00, 0x00, 0x00,
  0x00, 0x00, 0x00, 0x00, 0x00, 0x00, 0x00, 0x00, 0x00, 0x00, 0x00, 0x00,
  0x00, 0x00, 0x00, 0x00, 0x00, 0x00, 0x87, 0x09, 0x77, 0x0a, 0x43, 0x09,
  0x44, 0x0c, 0x44, 0x0b, 0x54, 0x0b, 0x54, 0x0d, 0x75, 0x0e, 0x75, 0x0c,
  0xa8, 0x0e, 0xa9, 0x0d, 0x89, 0x06, 0x79, 0x05, 0x8a, 0x05, 0x68, 0x04,
  0x33, 0x02, 0x33, 0x02, 0x33, 0x02, 0x66, 0x06, 0xff, 0x0f, 0xff, 0x0f,
  0xff, 0x0f, 0xff, 0x0f, 0xff, 0x0f, 0xff, 0x0f, 0xff, 0x0f, 0xff, 0x0f,
  0x9a, 0x08, 0x44, 0x03, 0x67, 0x05, 0x67, 0x05, 0x78, 0x07, 0x55, 0x04,
  0x89, 0x07, 0x89, 0x07, 0x56, 0x04, 0x88, 0x07, 0x88, 0x06, 0x66, 0x05,
  0x78, 0x05, 0x67, 0x05, 0x56, 0x04, 0x78, 0x06, 0x67, 0x05, 0x67, 0x05,
  0x78, 0x05, 0x67, 0x05, 0x78, 0x07, 0x67, 0x05, 0x67, 0x05, 0x77, 0x06,
  0x56, 0x05, 0x67, 0x05, 0x56, 0x04, 0x45, 0x03, 0x67, 0x05, 0x56, 0x04,
  0x44, 0x04, 0x33, 0x04, 0x33, 0x04, 0x44, 0x04, 0x34, 0x03, 0xcc, 0x0c,
  0xff, 0x0f, 0xee, 0x0e, 0x44, 0x04, 0x43, 0x03, 0x33, 0x02, 0x34, 0x03,
  0x79, 0x06, 0x8a, 0x06, 0x9b, 0x07, 0x67, 0x05, 0x55, 0x05, 0x55, 0x05,
  0x55, 0x05, 0x77, 0x07, 0x55, 0x06, 0x44, 0x04, 0x44, 0x04, 0x44, 0x04,
  0x22, 0x02, 0x00, 0x00, 0x00, 0x00, 0x00, 0x00, 0x00, 0x00, 0x00, 0x00,
  0x00, 0x00, 0x00, 0x00, 0x00, 0x00, 0x00, 0x00, 0x00, 0x00, 0x00, 0x00,
  0x00, 0x00, 0x00, 0x00, 0x00, 0x00, 0x00, 0x00, 0x00, 0x00, 0x00, 0x00,
  0x00, 0x00, 0x00, 0x00, 0x00, 0x00, 0x00, 0x00, 0x00, 0x00, 0x00, 0x00,
  0x00, 0x00, 0x00, 0x00, 0x00, 0x00, 0x00, 0x00, 0x00, 0x00, 0x00, 0x00,
  0x00, 0x00, 0x00, 0x00, 0x00, 0x00, 0x00, 0x00, 0x00, 0x00, 0x88, 0x09,
  0x98, 0x0b, 0x43, 0x08, 0x44, 0x0c, 0x43, 0x0c, 0x44, 0x0b, 0x54, 0x0d,
  0x65, 0x0e, 0x75, 0x0b, 0xa8, 0x0e, 0x77, 0x07, 0x67, 0x04, 0x57, 0x03,
  0x57, 0x04, 0x67, 0x04, 0x45, 0x03, 0x33, 0x02, 0x34, 0x03, 0xdd, 0x0d,
  0xff, 0x0f, 0xff, 0x0f, 0xff, 0x0f, 0xff, 0x0f, 0xff, 0x0f, 0xff, 0x0f,
  0xff, 0x0f, 0xff, 0x0e, 0x77, 0x06, 0x33, 0x02, 0x34, 0x02, 0x34, 0x02,
  0x34, 0x02, 0x34, 0x02, 0x44, 0x03, 0x44, 0x03, 0x34, 0x02, 0x45, 0x02,
  0x45, 0x03, 0x45, 0x02, 0x45, 0x02, 0x45, 0x02, 0x34, 0x02, 0x45, 0x02,
  0x45, 0x02, 0x45, 0x02, 0x45, 0x03, 0x45, 0x02, 0x45, 0x03, 0x44, 0x02,
  0x44, 0x02, 0x44, 0x02, 0x34, 0x02, 0x34, 0x02, 0x44, 0x03, 0x34, 0x02,
  0x34, 0x02, 0x44, 0x02, 0x34, 0x02, 0x34, 0x02, 0x34, 0x02, 0x34, 0x03,
  0x33, 0x02, 0x66, 0x06, 0xff, 0x0f, 0xff, 0x0f, 0xdd, 0x0c, 0x55, 0x04,
  0x56, 0x04, 0x66, 0x04, 0x66, 0x04, 0x67, 0x05, 0x78, 0x05, 0x89, 0x06,
  0x45, 0x04, 0x55, 0x05, 0x55, 0x05, 0x66, 0x06, 0x66, 0x06, 0x44, 0x04,
  0x44, 0x04, 0x44, 0x04, 0x55, 0x05, 0x00, 0x00, 0x00, 0x00, 0x00, 0x00,
  0x00, 0x00, 0x00, 0x00, 0x00, 0x00, 0x00, 0x00, 0x00, 0x00, 0x00, 0x00,
  0x00, 0x00, 0x00, 0x00, 0x00, 0x00, 0x00, 0x00, 0x00, 0x00, 0x00, 0x00,
  0x00, 0x00, 0x00, 0x00, 0x00, 0x00, 0x00, 0x00, 0x00, 0x00, 0x00, 0x00,
  0x00, 0x00, 0x00, 0x00, 0x00, 0x00, 0x00, 0x00, 0x00, 0x00, 0x00, 0x00,
  0x00, 0x00, 0x00, 0x00, 0x00, 0x00, 0x00, 0x00, 0x00, 0x00, 0x00, 0x00,
  0x00, 0x00, 0x76, 0x08, 0x98, 0x0c, 0x43, 0x08, 0x54, 0x0c, 0x54, 0x0b,
  0x54, 0x0a, 0x64, 0x0d, 0x75, 0x0d, 0x85, 0x0b, 0x77, 0x09, 0x56, 0x04,
  0x56, 0x03, 0x45, 0x03, 0x56, 0x03, 0x45, 0x03, 0x33, 0x02, 0x33, 0x02,
  0x99, 0x08, 0xff, 0x0f, 0xff, 0x0f, 0xff, 0x0f, 0xff, 0x0f, 0xff, 0x0f,
  0xff, 0x0f, 0xff, 0x0e, 0xff, 0x0e, 0xcc, 0x0b, 0x55, 0x03, 0x34, 0x02,
  0x44, 0x02, 0x45, 0x03, 0x44, 0x02, 0x45, 0x03, 0x45, 0x03, 0x45, 0x03,
  0x45, 0x03, 0x45, 0x03, 0x56, 0x03, 0x46, 0x03, 0x56, 0x03, 0x56, 0x03,
  0x45, 0x03, 0x56, 0x03, 0x56, 0x03, 0x55, 0x03, 0x55, 0x04, 0x45, 0x03,
  0x55, 0x03, 0x44, 0x02, 0x45, 0x03, 0x45, 0x03, 0x45, 0x03, 0x45, 0x03,
  0x56, 0x03, 0x45, 0x03, 0x44, 0x03, 0x45, 0x03, 0x45, 0x03, 0x34, 0x02,
  0x45, 0x03, 0x45, 0x03, 0x34, 0x03, 0x44, 0x03, 0xbc, 0x0b, 0xff, 0x0f,
  0xff, 0x0f, 0x77, 0x07, 0x66, 0x04, 0x67, 0x04, 0x56, 0x04, 0x56, 0x04,
  0x67, 0x05, 0x89, 0x06, 0x67, 0x05, 0x55, 0x05, 0x66, 0x07, 0x66, 0x07,
  0x88, 0x08, 0x55, 0x05, 0x66, 0x06, 0x55, 0x05, 0x77, 0x07, 0x00, 0x00,
  0x00, 0x00, 0x00, 0x00, 0x00, 0x00, 0x00, 0x00, 0x00, 0x00, 0x00, 0x00,
  0x00, 0x00, 0x00, 0x00, 0x00, 0x00, 0x00, 0x00, 0x00, 0x00, 0x00, 0x00,
  0x00, 0x00, 0x00, 0x00, 0x00, 0x00, 0x00, 0x00, 0x00, 0x00, 0x00, 0x00,
  0x00, 0x00, 0x00, 0x00, 0x00, 0x00, 0x00, 0x00, 0x00, 0x00, 0x00, 0x00,
  0x00, 0x00, 0x00, 0x00, 0x00, 0x00, 0x00, 0x00, 0x00, 0x00, 0x00, 0x00,
  0x00, 0x00, 0x00, 0x00, 0x00, 0x00, 0x43, 0x03, 0x76, 0x08, 0x43, 0x07,
  0x43, 0x08, 0x43, 0x08, 0x43, 0x08, 0x54, 0x09, 0x64, 0x09, 0x64, 0x07,
  0x54, 0x04, 0x55, 0x03, 0x55, 0x03, 0x44, 0x03, 0x44, 0x03, 0x33, 0x02,
  0x33, 0x02, 0x34, 0x03, 0xee, 0x0d, 0xff, 0x0e, 0xff, 0x0e, 0xff, 0x0e,
  0xff, 0x0e, 0xff, 0x0e, 0xff, 0x0e, 0xff, 0x0e, 0xff, 0x0e, 0x89, 0x07,
  0x44, 0x03, 0x44, 0x03, 0x55, 0x04, 0x65, 0x05, 0x44, 0x03, 0x55, 0x05,
  0x55, 0x04, 0x55, 0x04, 0x55, 0x04, 0x55, 0x04, 0x56, 0x05, 0x44, 0x03,
  0x56, 0x05, 0x55, 0x04, 0x44, 0x03, 0x66, 0x05, 0x66, 0x05, 0x56, 0x05,
  0x55, 0x04, 0x67, 0x05, 0x66, 0x05, 0x44, 0x03, 0x56, 0x05, 0x55, 0x05,
  0x44, 0x04, 0x55, 0x05, 0x66, 0x06, 0x55, 0x05, 0x44, 0x04, 0x55, 0x05,
  0x55, 0x04, 0x22, 0x02, 0x55, 0x04, 0x55, 0x04, 0x44, 0x03, 0x33, 0x02,
  0x77, 0x06, 0xff, 0x0f, 0xfe, 0x0e, 0xdd, 0x0d, 0x66, 0x05, 0x56, 0x05,
  0x56, 0x05, 0x56, 0x04, 0x56, 0x04, 0x56, 0x04, 0x66, 0x05, 0x55, 0x05,
  0x66, 0x06, 0x55, 0x05, 0x55, 0x05, 0x55, 0x05, 0x66, 0x06, 0x55, 0x05,
  0x77, 0x07, 0x00, 0x00, 0x00, 0x00, 0x00, 0x00, 0x00, 0x00, 0x00, 0x00,
  0x00, 0x00, 0x00, 0x00, 0x00, 0x00, 0x00, 0x00, 0x00, 0x00, 0x00, 0x00,
  0x00, 0x00, 0x00, 0x00, 0x00, 0x00, 0x00, 0x00, 0x00, 0x00, 0x00, 0x00,
  0x00, 0x00, 0x00, 0x00, 0x00, 0x00, 0x00, 0x00, 0x00, 0x00, 0x00, 0x00,
  0x00, 0x00, 0x00, 0x00, 0x00, 0x00, 0x00, 0x00, 0x00, 0x00, 0x00, 0x00,
  0x00, 0x00, 0x00, 0x00, 0x00, 0x00, 0x00, 0x00, 0x00, 0x00, 0x00, 0x00,
  0x33, 0x03, 0x33, 0x03, 0x33, 0x03, 0x33, 0x03, 0x33, 0x03, 0x32, 0x03,
  0x33, 0x03, 0x22, 0x02, 0x22, 0x02, 0x32, 0x02, 0x22, 0x02, 0x22, 0x02,
  0x22, 0x02, 0x22, 0x02, 0x33, 0x02, 0xab, 0x09, 0xff, 0x0d, 0xff, 0x0d,
  0xff, 0x0d, 0xff, 0x0d, 0xff, 0x0d, 0xff, 0x0d, 0xff, 0x0d, 0xef, 0x0d,
  0xde, 0x0c, 0x78, 0x06, 0x33, 0x02, 0x22, 0x01, 0x33, 0x02, 0x89, 0x07,
  0x78, 0x06, 0x77, 0x06, 0x45, 0x03, 0x77, 0x06, 0x78, 0x06, 0x55, 0x04,
  0x89, 0x07, 0x78, 0x06, 0x66, 0x05, 0x67, 0x04, 0x78, 0x05, 0x88, 0x06,
  0x44, 0x03, 0x88, 0x06, 0x78, 0x05, 0x67, 0x04, 0x66, 0x04, 0x67, 0x05,
  0x78, 0x06, 0x34, 0x02, 0x78, 0x06, 0x77, 0x05, 0x66, 0x05, 0x55, 0x04,
  0x67, 0x05, 0x78, 0x06, 0x33, 0x03, 0x78, 0x06, 0x77, 0x06, 0x44, 0x03,
  0x11, 0x01, 0x44, 0x03, 0x44, 0x03, 0xcc, 0x0c, 0xff, 0x0f, 0xff, 0x0f,
  0x99, 0x09, 0x22, 0x02, 0x32, 0x02, 0x32, 0x02, 0x32, 0x02, 0x32, 0x02,
  0x32, 0x02, 0x33, 0x02, 0x00, 0x00, 0x00, 0x00, 0x00, 0x00, 0x00, 0x00,
  0x00, 0x00, 0x00, 0x00, 0x00, 0x00, 0x00, 0x00, 0x00, 0x00, 0x00, 0x00,
  0x00, 0x00, 0x00, 0x00, 0x00, 0x00, 0x00, 0x00, 0x00, 0x00, 0x00, 0x00,
  0x00, 0x00, 0x00, 0x00, 0x00, 0x00, 0x00, 0x00, 0x00, 0x00, 0x00, 0x00,
  0x00, 0x00, 0x00, 0x00, 0x00, 0x00, 0x00, 0x00, 0x00, 0x00, 0x00, 0x00,
  0x00, 0x00, 0x00, 0x00, 0x00, 0x00, 0x00, 0x00, 0x00, 0x00, 0x00, 0x00,
  0x00, 0x00, 0x00, 0x00, 0x00, 0x00, 0x00, 0x00, 0x00, 0x00, 0x00, 0x00,
  0x00, 0x00, 0x00, 0x00, 0x00, 0x00, 0x00, 0x00, 0x00, 0x00, 0x00, 0x00,
  0x00, 0x00, 0x00, 0x00, 0x00, 0x00, 0x33, 0x02, 0x22, 0x02, 0x23, 0x02,
  0x23, 0x02, 0x22, 0x02, 0x22, 0x01, 0x22, 0x02, 0x55, 0x04, 0xef, 0x0c,
  0xef, 0x0d, 0xff, 0x0d, 0xef, 0x0d, 0xef, 0x0d, 0xef, 0x0d, 0xef, 0x0d,
  0xff, 0x0d, 0xef, 0x0d, 0xbc, 0x0a, 0x55, 0x03, 0x22, 0x01, 0x21, 0x01,
  0x22, 0x01, 0x22, 0x02, 0x23, 0x02, 0x33, 0x02, 0x33, 0x02, 0x33, 0x02,
  0x33, 0x02, 0x33, 0x02, 0x33, 0x02, 0x34, 0x02, 0x34, 0x02, 0x34, 0x03,
  0x34, 0x03, 0x44, 0x03, 0x34, 0x02, 0x44, 0x03, 0x44, 0x03, 0x34, 0x03,
  0x34, 0x03, 0x34, 0x03, 0x44, 0x03, 0x23, 0x02, 0x44, 0x03, 0x34, 0x03,
  0x34, 0x03, 0x33, 0x02, 0x34, 0x03, 0x34, 0x03, 0x23, 0x02, 0x34, 0x03,
  0x34, 0x02, 0x33, 0x02, 0x22, 0x01, 0x22, 0x01, 0x34, 0x03, 0x67, 0x06,
  0xff, 0x0f, 0xff, 0x0f, 0xee, 0x0e, 0x33, 0x03, 0x33, 0x02, 0x33, 0x02,
  0x22, 0x02, 0x33, 0x02, 0x33, 0x02, 0x33, 0x02, 0x00, 0x00, 0x00, 0x00,
  0x00, 0x00, 0x00, 0x00, 0x00, 0x00, 0x00, 0x00, 0x00, 0x00, 0x00, 0x00,
  0x00, 0x00, 0x00, 0x00, 0x00, 0x00, 0x00, 0x00, 0x00, 0x00, 0x00, 0x00,
  0x00, 0x00, 0x00, 0x00, 0x00, 0x00, 0x00, 0x00, 0x00, 0x00, 0x00, 0x00,
  0x00, 0x00, 0x00, 0x00, 0x00, 0x00, 0x00, 0x00, 0x00, 0x00, 0x00, 0x00,
  0x00, 0x00, 0x00, 0x00, 0x00, 0x00, 0x00, 0x00, 0x00, 0x00, 0x00, 0x00,
  0x00, 0x00, 0x00, 0x00, 0x00, 0x00, 0x00, 0x00, 0x00, 0x00, 0x00, 0x00,
  0x00, 0x00, 0x00, 0x00, 0x00, 0x00, 0x00, 0x00, 0x00, 0x00, 0x00, 0x00,
  0x00, 0x00, 0x00, 0x00, 0x00, 0x00, 0x00, 0x00, 0x00, 0x00, 0x33, 0x03,
  0x22, 0x02, 0x22, 0x02, 0x22, 0x02, 0x22, 0x01, 0x22, 0x01, 0x33, 0x02,
  0xcc, 0x0a, 0xef, 0x0d, 0xef, 0x0d, 0xef, 0x0c, 0xef, 0x0d, 0xef, 0x0d,
  0xef, 0x0d, 0xef, 0x0d, 0xef, 0x0d, 0xef, 0x0c, 0x89, 0x07, 0x33, 0x02,
  0x11, 0x01, 0x11, 0x01, 0x22, 0x01, 0x22, 0x01, 0x89, 0x07, 0x78, 0x06,
  0xaa, 0x09, 0x34, 0x03, 0x99, 0x07, 0x77, 0x06, 0x78, 0x06, 0x66, 0x05,
  0x99, 0x07, 0xab, 0x09, 0x55, 0x04, 0x89, 0x07, 0x78, 0x06, 0x89, 0x07,
  0x55, 0x04, 0x89, 0x06, 0x89, 0x06, 0x67, 0x05, 0x67, 0x05, 0x89, 0x07,
  0x99, 0x07, 0x56, 0x04, 0x78, 0x06, 0x67, 0x05, 0x77, 0x06, 0x45, 0x04,
  0x78, 0x06, 0x77, 0x06, 0x44, 0x03, 0x66, 0x05, 0x56, 0x05, 0x66, 0x06,
  0x33, 0x03, 0x44, 0x04, 0xdd, 0x0c, 0xff, 0x0f, 0xff, 0x0f, 0xbb, 0x0b,
  0x33, 0x03, 0x33, 0x02, 0x22, 0x02, 0x33, 0x02, 0x33, 0x02, 0x22, 0x02,
  0x00, 0x00, 0x00, 0x00, 0x00, 0x00, 0x00, 0x00, 0x00, 0x00, 0x00, 0x00,
  0x00, 0x00, 0x00, 0x00, 0x00, 0x00, 0x00, 0x00, 0x00, 0x00, 0x00, 0x00,
  0x00, 0x00, 0x00, 0x00, 0x00, 0x00, 0x00, 0x00, 0x00, 0x00, 0x00, 0x00,
  0x00, 0x00, 0x00, 0x00, 0x00, 0x00, 0x00, 0x00, 0x00, 0x00, 0x00, 0x00,
  0x00, 0x00, 0x00, 0x00, 0x00, 0x00, 0x00, 0x00, 0x00, 0x00, 0x00, 0x00,
  0x00, 0x00, 0x00, 0x00, 0x00, 0x00, 0x00, 0x00, 0x00, 0x00, 0x00, 0x00,
  0x00, 0x00, 0x00, 0x00, 0x00, 0x00, 0x00, 0x00, 0x00, 0x00, 0x00, 0x00,
  0x00, 0x00, 0x00, 0x00, 0x00, 0x00, 0x00, 0x00, 0x00, 0x00, 0x00, 0x00,
  0x00, 0x00, 0x00, 0x00, 0x33, 0x02, 0x33, 0x02, 0x23, 0x02, 0x22, 0x02,
  0x22, 0x02, 0x77, 0x06, 0xef, 0x0d, 0xef, 0x0d, 0xef, 0x0d, 0xef, 0x0d,
  0xef, 0x0d, 0xef, 0x0d, 0xef, 0x0d, 0xef, 0x0d, 0xff, 0x0d, 0xcd, 0x0b,
  0x77, 0x06, 0x33, 0x02, 0x22, 0x01, 0x12, 0x01, 0x22, 0x01, 0x11, 0x01,
  0x12, 0x01, 0x22, 0x01, 0x22, 0x02, 0x22, 0x02, 0x22, 0x01, 0x22, 0x01,
  0x22, 0x01, 0x22, 0x02, 0x22, 0x02, 0x23, 0x02, 0x23, 0x01, 0x23, 0x01,
  0x23, 0x01, 0x22, 0x01, 0x22, 0x01, 0x22, 0x01, 0x22, 0x01, 0x22, 0x01,
  0x22, 0x01, 0x22, 0x02, 0x22, 0x01, 0x21, 0x02, 0x22, 0x02, 0x11, 0x01,
  0x22, 0x01, 0x22, 0x01, 0x22, 0x01, 0x22, 0x01, 0x22, 0x01, 0x22, 0x01,
  0x22, 0x01, 0x22, 0x01, 0x22, 0x02, 0x33, 0x03, 0x66, 0x06, 0xff, 0x0f,
  0xff, 0x0f, 0xff, 0x0f, 0x55, 0x05, 0x33, 0x02, 0x23, 0x02, 0x22, 0x02,
  0x22, 0x02, 0x22, 0x02, 0x00, 0x00, 0x00, 0x00, 0x00, 0x00, 0x00, 0x00,
  0x00, 0x00, 0x00, 0x00, 0x00, 0x00, 0x00, 0x00, 0x00, 0x00, 0x00, 0x00,
  0x00, 0x00, 0x00, 0x00, 0x00, 0x00, 0x00, 0x00, 0x00, 0x00, 0x00, 0x00,
  0x00, 0x00, 0x00, 0x00, 0x00, 0x00, 0x00, 0x00, 0x00, 0x00, 0x00, 0x00,
  0x00, 0x00, 0x00, 0x00, 0x00, 0x00, 0x00, 0x00, 0x00, 0x00, 0x00, 0x00,
  0x00, 0x00, 0x00, 0x00, 0x00, 0x00, 0x00, 0x00, 0x00, 0x00, 0x00, 0x00,
  0x00, 0x00, 0x00, 0x00, 0x00, 0x00, 0x00, 0x00, 0x00, 0x00, 0x00, 0x00,
  0x00, 0x00, 0x00, 0x00, 0x00, 0x00, 0x00, 0x00, 0x00, 0x00, 0x00, 0x00,
  0x00, 0x00, 0x00, 0x00, 0x00, 0x00, 0x00, 0x00, 0x32, 0x02, 0x33, 0x02,
  0x22, 0x02, 0x22, 0x01, 0x33, 0x02, 0xcd, 0x0b, 0xef, 0x0d, 0xef, 0x0d,
  0xef, 0x0d, 0xef, 0x0d, 0xef, 0x0d, 0xef, 0x0d, 0xef, 0x0d, 0xef, 0x0d,
  0xef, 0x0d, 0xbb, 0x09, 0x55, 0x04, 0x56, 0x04, 0x55, 0x04, 0x55, 0x04,
  0x55, 0x03, 0x55, 0x04, 0x55, 0x04, 0x55, 0x04, 0x55, 0x04, 0x56, 0x04,
  0x56, 0x04, 0x66, 0x05, 0x55, 0x04, 0x66, 0x05, 0x77, 0x06, 0xbb, 0x0a,
  0xbb, 0x0b, 0xbc, 0x0b, 0xbb, 0x0b, 0x99, 0x09, 0x9a, 0x09, 0xaa, 0x09,
  0xcc, 0x0c, 0xcc, 0x0c, 0xcc, 0x0c, 0x99, 0x09, 0x88, 0x08, 0x78, 0x07,
  0x67, 0x07, 0x77, 0x07, 0x77, 0x07, 0x66, 0x07, 0x66, 0x07, 0x66, 0x07,
  0x77, 0x07, 0x77, 0x07, 0x77, 0x07, 0x77, 0x07, 0x66, 0x07, 0x56, 0x05,
  0x45, 0x04, 0xcc, 0x0c, 0xff, 0x0f, 0xff, 0x0f, 0xdd, 0x0d, 0x44, 0x03,
  0x22, 0x02, 0x33, 0x02, 0x22, 0x02, 0x00, 0x00, 0x00, 0x00, 0x00, 0x00,
  0x00, 0x00, 0x00, 0x00, 0x00, 0x00, 0x00, 0x00, 0x00, 0x00, 0x00, 0x00,
  0x00, 0x00, 0x00, 0x00, 0x00, 0x00, 0x00, 0x00, 0x00, 0x00, 0x00, 0x00,
  0x00, 0x00, 0x00, 0x00, 0x00, 0x00, 0x00, 0x00, 0x00, 0x00, 0x00, 0x00,
  0x00, 0x00, 0x00, 0x00, 0x00, 0x00, 0x00, 0x00, 0x00, 0x00, 0x00, 0x00,
  0x00, 0x00, 0x00, 0x00, 0x00, 0x00, 0x00, 0x00, 0x00, 0x00, 0x00, 0x00,
  0x00, 0x00, 0x00, 0x00, 0x00, 0x00, 0x00, 0x00, 0x00, 0x00, 0x00, 0x00,
  0x00, 0x00, 0x00, 0x00, 0x00, 0x00, 0x00, 0x00, 0x00, 0x00, 0x00, 0x00,
  0x00, 0x00, 0x00, 0x00, 0x00, 0x00, 0x00, 0x00, 0x00, 0x00, 0x00, 0x00,
  0x00, 0x00, 0x33, 0x03, 0x33, 0x03, 0x33, 0x03, 0xbb, 0x0a, 0xef, 0x0d,
  0xef, 0x0d, 0xef, 0x0d, 0xef, 0x0d, 0xee, 0x0c, 0xee, 0x0c, 0xef, 0x0c,
  0xee, 0x0c, 0xef, 0x0d, 0xef, 0x0d, 0xde, 0x0c, 0xab, 0x09, 0x9a, 0x08,
  0x9a, 0x08, 0x9a, 0x08, 0x9a, 0x08, 0x9a, 0x08, 0x9a, 0x08, 0x9a, 0x08,
  0x9a, 0x08, 0x9a, 0x08, 0x9a, 0x08, 0x9a, 0x08, 0x9a, 0x08, 0x9a, 0x08,
  0x9a, 0x08, 0xaa, 0x09, 0xaa, 0x09, 0x9a, 0x09, 0xaa, 0x09, 0xaa, 0x09,
  0x9a, 0x09, 0xaa, 0x09, 0xaa, 0x09, 0x9a, 0x09, 0xaa, 0x09, 0x99, 0x09,
  0x9a, 0x09, 0x9a, 0x09, 0x99, 0x09, 0x99, 0x09, 0x99, 0x09, 0x99, 0x09,
  0x99, 0x09, 0x99, 0x09, 0x99, 0x09, 0x99, 0x08, 0x99, 0x08, 0x89, 0x08,
  0x99, 0x08, 0x99, 0x09, 0x99, 0x09, 0xdd, 0x0d, 0xff, 0x0f, 0xff, 0x0f,
  0xff, 0x0f, 0xdd, 0x0c, 0x00, 0x00, 0x00, 0x00, 0x00, 0x00, 0x00, 0x00,
  0x00, 0x00, 0x00, 0x00, 0x00, 0x00, 0x00, 0x00, 0x00, 0x00, 0x00, 0x00,
  0x00, 0x00, 0x00, 0x00, 0x00, 0x00, 0x00, 0x00, 0x00, 0x00, 0x00, 0x00,
  0x00, 0x00, 0x00, 0x00, 0x00, 0x00, 0x00, 0x00, 0x00, 0x00, 0x00, 0x00,
  0x00, 0x00, 0x00, 0x00, 0x00, 0x00, 0x00, 0x00, 0x00, 0x00, 0x00, 0x00,
  0x00, 0x00, 0x00, 0x00, 0x00, 0x00, 0x00, 0x00, 0x00, 0x00, 0x00, 0x00,
  0x00, 0x00, 0x00, 0x00, 0x00, 0x00, 0x00, 0x00, 0x00, 0x00, 0x00, 0x00,
  0x00, 0x00, 0x00, 0x00, 0x00, 0x00, 0x00, 0x00, 0x00, 0x00, 0x00, 0x00,
  0x00, 0x00, 0x00, 0x00, 0x00, 0x00, 0x00, 0x00, 0x00, 0x00, 0x00, 0x00,
  0x00, 0x00, 0x00, 0x00, 0x00, 0x00, 0x00, 0x00, 0x00, 0x00, 0x99, 0x06,
  0xde, 0x0c, 0xef, 0x0d, 0xef, 0x0d, 0xef, 0x0d, 0xef, 0x0d, 0xef, 0x0d,
  0xee, 0x0d, 0xee, 0x0d, 0xee, 0x0d, 0xef, 0x0e, 0xff, 0x0e, 0xff, 0x0e,
  0xff, 0x0f, 0xff, 0x0e, 0xff, 0x0e, 0xff, 0x0e, 0xff, 0x0e, 0xff, 0x0e,
  0xff, 0x0e, 0xee, 0x0e, 0xff, 0x0f, 0xff, 0x0f, 0xff, 0x0f, 0xff, 0x0f,
  0xff, 0x0f, 0xff, 0x0f, 0xff, 0x0f, 0xff, 0x0f, 0xff, 0x0f, 0xff, 0x0f,
  0xff, 0x0f, 0xff, 0x0f, 0xff, 0x0f, 0xff, 0x0f, 0xff, 0x0f, 0xff, 0x0f,
  0xff, 0x0f, 0xff, 0x0f, 0xff, 0x0f, 0xff, 0x0f, 0xff, 0x0f, 0xff, 0x0f,
  0xff, 0x0f, 0xff, 0x0f, 0xff, 0x0f, 0xff, 0x0f, 0xff, 0x0f, 0xff, 0x0f,
  0xff, 0x0f, 0xff, 0x0f, 0xff, 0x0f, 0xff, 0x0f, 0xff, 0x0f, 0xff, 0x0f,
  0xff, 0x0f, 0xff, 0x0f, 0xff, 0x0f, 0xee, 0x0e, 0x00, 0x00, 0x00, 0x00,
  0x00, 0x00, 0x00, 0x00, 0x00, 0x00, 0x00, 0x00, 0x00, 0x00, 0x00, 0x00,
  0x00, 0x00, 0x00, 0x00, 0x00, 0x00, 0x00, 0x00, 0x00, 0x00, 0x00, 0x00,
  0x00, 0x00, 0x00, 0x00, 0x00, 0x00, 0x00, 0x00, 0x00, 0x00, 0x00, 0x00,
  0x00, 0x00, 0x00, 0x00, 0x00, 0x00, 0x00, 0x00, 0x00, 0x00, 0x00, 0x00,
  0x00, 0x00, 0x00, 0x00, 0x00, 0x00, 0x00, 0x00, 0x00, 0x00, 0x00, 0x00,
  0x00, 0x00, 0x00, 0x00, 0x00, 0x00, 0x00, 0x00, 0x00, 0x00, 0x00, 0x00,
  0x00, 0x00, 0x00, 0x00, 0x00, 0x00, 0x00, 0x00, 0x00, 0x00, 0x00, 0x00,
  0x00, 0x00, 0x00, 0x00, 0x00, 0x00, 0x00, 0x00, 0x00, 0x00, 0x00, 0x00,
  0x00, 0x00, 0x00, 0x00, 0x00, 0x00, 0x00, 0x00, 0x00, 0x00, 0x00, 0x00,
  0x00, 0x00, 0x55, 0x05, 0xbb, 0x0c, 0xba, 0x0b, 0xaa, 0x0a, 0xaa, 0x0a,
  0xaa, 0x0a, 0xbb, 0x0b, 0xba, 0x0b, 0xbb, 0x0b, 0xbb, 0x0b, 0xbb, 0x0b,
  0xcb, 0x0c, 0xcb, 0x0c, 0xcc, 0x0d, 0xcc, 0x0c, 0xcb, 0x0c, 0xcb, 0x0c,
  0xcb, 0x0c, 0xcb, 0x0d, 0xcb, 0x0c, 0xca, 0x0b, 0xba, 0x0b, 0xb9, 0x0a,
  0xa9, 0x0a, 0xa9, 0x0a, 0xa9, 0x0a, 0xa9, 0x0a, 0xa9, 0x09, 0xa9, 0x0a,
  0xa9, 0x0a, 0xa9, 0x0a, 0xa9, 0x0a, 0xa9, 0x0a, 0xa9, 0x0a, 0xa9, 0x0a,
  0xba, 0x0b, 0xba, 0x0b, 0xcb, 0x0c, 0xcb, 0x0c, 0xdc, 0x0d, 0xdc, 0x0d,
  0xdc, 0x0d, 0xdc, 0x0d, 0xdc, 0x0d, 0xdd, 0x0e, 0xdd, 0x0e, 0xed, 0x0e,
  0xee, 0x0f, 0xee, 0x0f, 0xfe, 0x0f, 0xfe, 0x0f, 0xee, 0x0f, 0xfe, 0x0f,
  0xfe, 0x0f, 0xee, 0x0f, 0xfe, 0x0f, 0xfe, 0x0f, 0xee, 0x0f, 0xcb, 0x0c,
  0x44, 0x04, 0x00, 0x00, 0x00, 0x00, 0x00, 0x00, 0x00, 0x00, 0x00, 0x00,
  0x00, 0x00, 0x00, 0x00, 0x00, 0x00, 0x00, 0x00, 0x00, 0x00, 0x00, 0x00,
  0x00, 0x00, 0x00, 0x00, 0x00, 0x00, 0x00, 0x00, 0x00, 0x00, 0x00, 0x00,
  0x00, 0x00, 0x00, 0x00, 0x00, 0x00, 0x00, 0x00, 0x00, 0x00, 0x00, 0x00,
  0x00, 0x00, 0x00, 0x00, 0x00, 0x00, 0x00, 0x00, 0x00, 0x00, 0x00, 0x00,
  0x00, 0x00, 0x00, 0x00, 0x00, 0x00, 0x00, 0x00, 0x00, 0x00, 0x00, 0x00,
  0x00, 0x00, 0x00, 0x00, 0x00, 0x00, 0x00, 0x00, 0x00, 0x00, 0x00, 0x00,
  0x00, 0x00, 0x00, 0x00, 0x00, 0x00, 0x00, 0x00, 0x00, 0x00, 0x00, 0x00,
  0x00, 0x00, 0x00, 0x00, 0x00, 0x00, 0x00, 0x00, 0x00, 0x00, 0x00, 0x00,
  0x00, 0x00, 0x00, 0x00, 0x00, 0x00, 0x67, 0x06, 0xba, 0x0b, 0x88, 0x09,
  0x77, 0x08, 0x88, 0x09, 0x98, 0x09, 0x98, 0x0a, 0x99, 0x0a, 0x99, 0x0a,
  0xa9, 0x0a, 0xa9, 0x0a, 0xaa, 0x0a, 0xaa, 0x0a, 0xba, 0x0a, 0xaa, 0x0a,
  0xa9, 0x0a, 0xaa, 0x0a, 0xba, 0x0b, 0xaa, 0x0a, 0xa9, 0x0a, 0x98, 0x09,
  0x87, 0x08, 0x76, 0x07, 0x76, 0x06, 0x76, 0x06, 0x76, 0x06, 0x87, 0x07,
  0x87, 0x07, 0x88, 0x08, 0x88, 0x08, 0x87, 0x07, 0x87, 0x07, 0x87, 0x07,
  0x87, 0x08, 0x87, 0x08, 0x88, 0x08, 0x98, 0x09, 0xa9, 0x0a, 0xba, 0x0b,
  0xba, 0x0b, 0xba, 0x0b, 0xba, 0x0b, 0xcb, 0x0c, 0xcb, 0x0d, 0xcc, 0x0d,
  0xdc, 0x0d, 0xdc, 0x0e, 0xed, 0x0f, 0xed, 0x0f, 0xee, 0x0f, 0xee, 0x0f,
  0xfe, 0x0f, 0xed, 0x0f, 0xed, 0x0f, 0xed, 0x0f, 0xed, 0x0f, 0xdd, 0x0e,
  0xdd, 0x0e, 0xba, 0x0b, 0x77, 0x07, 0x00, 0x00, 0x00, 0x00, 0x00, 0x00,
  0x00, 0x00, 0x00, 0x00, 0x00, 0x00, 0x00, 0x00, 0x00, 0x00, 0x00, 0x00,
  0x00, 0x00, 0x00, 0x00, 0x00, 0x00, 0x00, 0x00, 0x00, 0x00, 0x00, 0x00,
  0x00, 0x00, 0x00, 0x00, 0x00, 0x00, 0x00, 0x00, 0x00, 0x00, 0x00, 0x00,
  0x00, 0x00, 0x00, 0x00, 0x00, 0x00, 0x00, 0x00, 0x00, 0x00, 0x00, 0x00,
  0x00, 0x00, 0x00, 0x00, 0x00, 0x00, 0x00, 0x00, 0x00, 0x00, 0x00, 0x00,
  0x00, 0x00, 0x00, 0x00, 0x00, 0x00, 0x00, 0x00, 0x00, 0x00, 0x00, 0x00,
  0x00, 0x00, 0x00, 0x00, 0x00, 0x00, 0x00, 0x00, 0x00, 0x00, 0x00, 0x00,
  0x00, 0x00, 0x00, 0x00, 0x00, 0x00, 0x00, 0x00, 0x00, 0x00, 0x00, 0x00,
  0x00, 0x00, 0x00, 0x00, 0x00, 0x00, 0x00, 0x00, 0x00, 0x00, 0x22, 0x02,
  0x32, 0x02, 0x22, 0x02, 0x22, 0x02, 0x22, 0x02, 0x32, 0x02, 0x22, 0x02,
  0x32, 0x02, 0x22, 0x02, 0x22, 0x02, 0x22, 0x02, 0x22, 0x02, 0x32, 0x02,
  0x32, 0x02, 0x22, 0x02, 0x22, 0x02, 0x22, 0x02, 0x22, 0x02, 0x22, 0x02,
  0x22, 0x02, 0x22, 0x02, 0x22, 0x02, 0x22, 0x02, 0x22, 0x02, 0x22, 0x02,
  0x22, 0x02, 0x22, 0x02, 0x22, 0x02, 0x22, 0x02, 0x22, 0x02, 0x22, 0x01,
  0x22, 0x01, 0x22, 0x01, 0x22, 0x01, 0x22, 0x02, 0x22, 0x02, 0x22, 0x02,
  0x22, 0x02, 0x22, 0x02, 0x22, 0x02, 0x22, 0x02, 0x22, 0x02, 0x22, 0x02,
  0x22, 0x02, 0x22, 0x02, 0x22, 0x03, 0x22, 0x03, 0x22, 0x03, 0x22, 0x03,
  0x22, 0x03, 0x22, 0x03, 0x22, 0x03, 0x22, 0x03, 0x22, 0x03, 0x22, 0x03,
  0x22, 0x03, 0x22, 0x03, 0x22, 0x03, 0x22, 0x02, 0x33, 0x03, 0x00, 0x00,
  0x00, 0x00, 0x00, 0x00, 0x00, 0x00, 0x00, 0x00, 0x00, 0x00, 0x00, 0x00,
  0x00, 0x00, 0x00, 0x00, 0x00, 0x00, 0x00, 0x00, 0x00, 0x00, 0x00, 0x00,
  0x00, 0x00, 0x00, 0x00, 0x00, 0x00, 0x00, 0x00, 0x00, 0x00, 0x00, 0x00,
  0x00, 0x00, 0x00, 0x00, 0x00, 0x00, 0x00, 0x00, 0x00, 0x00, 0x00, 0x00,
  0x00, 0x00, 0x00, 0x00, 0x00, 0x00, 0x00, 0x00, 0x00, 0x00, 0x00, 0x00,
  0x00, 0x00, 0x00, 0x00, 0x00, 0x00, 0x00, 0x00
};
const unsigned int DefaultSS160_444_len = 32252;
