const unsigned char DefaultSS160_555[] = {
 0x74, 0x00, 0x8b, 0x00, 0x00, 0x00, 0x00, 0x00, 0x00, 0x00, 0x00, 0x00,
  0x00, 0x00, 0x00, 0x00, 0x00, 0x00, 0x00, 0x00, 0x00, 0x00, 0x00, 0x00,
  0x00, 0x00, 0x00, 0x00, 0x00, 0x00, 0x00, 0x00, 0x00, 0x00, 0x00, 0x00,
  0x00, 0x00, 0x00, 0x00, 0x00, 0x00, 0x00, 0x00, 0x00, 0x00, 0x00, 0x00,
  0x00, 0x00, 0x00, 0x00, 0x00, 0x00, 0x00, 0x00, 0x00, 0x00, 0x00, 0x00,
  0x00, 0x00, 0x00, 0x00, 0x00, 0x00, 0x00, 0x00, 0x00, 0x00, 0x00, 0x00,
  0x00, 0x00, 0x00, 0x00, 0x00, 0x00, 0x00, 0x00, 0x00, 0x00, 0x00, 0x00,
  0x00, 0x00, 0x00, 0x00, 0x00, 0x00, 0x00, 0x00, 0x00, 0x00, 0x00, 0x00,
  0x00, 0x00, 0x00, 0x00, 0x00, 0x00, 0x00, 0x00, 0x00, 0x00, 0x00, 0x00,
  0x00, 0x00, 0x00, 0x00, 0x00, 0x00, 0x00, 0x00, 0x00, 0x00, 0xa4, 0x10,
  0x4a, 0x29, 0x00, 0x00, 0x00, 0x00, 0x00, 0x00, 0x00, 0x00, 0x00, 0x00,
  0x00, 0x00, 0x00, 0x00, 0x00, 0x00, 0x00, 0x00, 0x00, 0x00, 0x00, 0x00,
  0x00, 0x00, 0x00, 0x00, 0x00, 0x00, 0x00, 0x00, 0x00, 0x00, 0x00, 0x00,
  0x00, 0x00, 0x00, 0x00, 0x00, 0x00, 0x00, 0x00, 0x00, 0x00, 0x00, 0x00,
  0x00, 0x00, 0x00, 0x00, 0x00, 0x00, 0x00, 0x00, 0x00, 0x00, 0x00, 0x00,
  0x00, 0x00, 0x00, 0x00, 0x00, 0x00, 0x00, 0x00, 0x00, 0x00, 0x00, 0x00,
  0x00, 0x00, 0x00, 0x00, 0x00, 0x00, 0x00, 0x00, 0x00, 0x00, 0x00, 0x00,
  0x00, 0x00, 0x00, 0x00, 0x00, 0x00, 0x00, 0x00, 0x00, 0x00, 0x00, 0x00,
  0x00, 0x00, 0x00, 0x00, 0x00, 0x00, 0x00, 0x00, 0x00, 0x00, 0x00, 0x00,
  0x00, 0x00, 0x00, 0x00, 0x00, 0x00, 0x00, 0x00, 0x00, 0x00, 0x00, 0x00,
  0x00, 0x00, 0x00, 0x00, 0x00, 0x00, 0x00, 0x00, 0x00, 0x00, 0x00, 0x00,
  0x00, 0x00, 0x00, 0x00, 0x00, 0x00, 0x00, 0x00, 0x00, 0x00, 0x00, 0x00,
  0x00, 0x00, 0x00, 0x00, 0x00, 0x00, 0x00, 0x00, 0x00, 0x00, 0x00, 0x00,
  0x00, 0x00, 0x00, 0x00, 0x00, 0x00, 0x00, 0x00, 0x00, 0x00, 0x00, 0x00,
  0x00, 0x00, 0x00, 0x00, 0x00, 0x00, 0x00, 0x00, 0x00, 0x00, 0x00, 0x00,
  0x00, 0x00, 0x00, 0x00, 0x00, 0x00, 0x00, 0x00, 0x00, 0x00, 0x00, 0x00,
  0x00, 0x00, 0x00, 0x00, 0x00, 0x00, 0x00, 0x00, 0x00, 0x00, 0x00, 0x00,
  0x00, 0x00, 0x00, 0x00, 0x00, 0x00, 0x00, 0x00, 0x00, 0x00, 0x00, 0x00,
  0x00, 0x00, 0x00, 0x00, 0x00, 0x00, 0x00, 0x00, 0x00, 0x00, 0x00, 0x00,
  0x8a, 0x2d, 0x71, 0x4a, 0x8a, 0x2d, 0x00, 0x00, 0x00, 0x00, 0x00, 0x00,
  0x00, 0x00, 0x00, 0x00, 0x00, 0x00, 0x00, 0x00, 0x00, 0x00, 0x00, 0x00,
  0x00, 0x00, 0x00, 0x00, 0x00, 0x00, 0x00, 0x00, 0x00, 0x00, 0x00, 0x00,
  0x00, 0x00, 0x00, 0x00, 0x00, 0x00, 0x00, 0x00, 0x00, 0x00, 0x00, 0x00,
  0x00, 0x00, 0x00, 0x00, 0x00, 0x00, 0x00, 0x00, 0x00, 0x00, 0x00, 0x00,
  0x00, 0x00, 0x00, 0x00, 0x00, 0x00, 0x00, 0x00, 0x00, 0x00, 0x00, 0x00,
  0x00, 0x00, 0x00, 0x00, 0x00, 0x00, 0x00, 0x00, 0x00, 0x00, 0x00, 0x00,
  0x00, 0x00, 0x00, 0x00, 0x00, 0x00, 0x00, 0x00, 0x00, 0x00, 0x00, 0x00,
  0x00, 0x00, 0x00, 0x00, 0x00, 0x00, 0x00, 0x00, 0x00, 0x00, 0x00, 0x00,
  0x00, 0x00, 0x00, 0x00, 0x00, 0x00, 0x00, 0x00, 0x00, 0x00, 0x00, 0x00,
  0x00, 0x00, 0x00, 0x00, 0x00, 0x00, 0x00, 0x00, 0x00, 0x00, 0x00, 0x00,
  0x00, 0x00, 0x00, 0x00, 0x00, 0x00, 0x00, 0x00, 0x00, 0x00, 0x00, 0x00,
  0x00, 0x00, 0x00, 0x00, 0x00, 0x00, 0x00, 0x00, 0x00, 0x00, 0x00, 0x00,
  0x00, 0x00, 0x00, 0x00, 0x00, 0x00, 0x00, 0x00, 0x00, 0x00, 0x00, 0x00,
  0x00, 0x00, 0x00, 0x00, 0x00, 0x00, 0x00, 0x00, 0x00, 0x00, 0x00, 0x00,
  0x00, 0x00, 0x00, 0x00, 0x00, 0x00, 0x00, 0x00, 0x00, 0x00, 0x00, 0x00,
  0x00, 0x00, 0x00, 0x00, 0x00, 0x00, 0x00, 0x00, 0x00, 0x00, 0x00, 0x00,
  0x00, 0x00, 0x00, 0x00, 0x00, 0x00, 0x00, 0x00, 0x00, 0x00, 0x00, 0x00,
  0x00, 0x00, 0x00, 0x00, 0x00, 0x00, 0x00, 0x00, 0x00, 0x00, 0x00, 0x00,
  0xef, 0x3d, 0x71, 0x4e, 0x2f, 0x42, 0x69, 0x29, 0xc6, 0x18, 0x00, 0x00,
  0x00, 0x00, 0x00, 0x00, 0x00, 0x00, 0x00, 0x00, 0x00, 0x00, 0x00, 0x00,
  0x00, 0x00, 0x00, 0x00, 0x00, 0x00, 0x00, 0x00, 0x00, 0x00, 0x00, 0x00,
  0x00, 0x00, 0x00, 0x00, 0x00, 0x00, 0x00, 0x00, 0x00, 0x00, 0x00, 0x00,
  0x00, 0x00, 0x00, 0x00, 0x00, 0x00, 0x00, 0x00, 0x00, 0x00, 0x00, 0x00,
  0x00, 0x00, 0x00, 0x00, 0x00, 0x00, 0x00, 0x00, 0x00, 0x00, 0x00, 0x00,
  0x00, 0x00, 0x00, 0x00, 0x00, 0x00, 0x00, 0x00, 0x00, 0x00, 0x00, 0x00,
  0x00, 0x00, 0x00, 0x00, 0x00, 0x00, 0x00, 0x00, 0x00, 0x00, 0x00, 0x00,
  0x00, 0x00, 0x00, 0x00, 0x00, 0x00, 0x00, 0x00, 0x00, 0x00, 0x00, 0x00,
  0x00, 0x00, 0x00, 0x00, 0x00, 0x00, 0x00, 0x00, 0x00, 0x00, 0x00, 0x00,
  0x00, 0x00, 0x00, 0x00, 0x00, 0x00, 0x00, 0x00, 0x00, 0x00, 0x00, 0x00,
  0x00, 0x00, 0x00, 0x00, 0x00, 0x00, 0x00, 0x00, 0x00, 0x00, 0x00, 0x00,
  0x00, 0x00, 0x00, 0x00, 0x00, 0x00, 0x00, 0x00, 0x00, 0x00, 0x00, 0x00,
  0x00, 0x00, 0x00, 0x00, 0x00, 0x00, 0x00, 0x00, 0x00, 0x00, 0x00, 0x00,
  0x00, 0x00, 0x00, 0x00, 0x00, 0x00, 0x00, 0x00, 0x00, 0x00, 0x00, 0x00,
  0x00, 0x00, 0x00, 0x00, 0x00, 0x00, 0x00, 0x00, 0x00, 0x00, 0x00, 0x00,
  0x00, 0x00, 0x00, 0x00, 0x00, 0x00, 0x6b, 0x2d, 0x29, 0x25, 0x00, 0x00,
  0x00, 0x00, 0x00, 0x00, 0x00, 0x00, 0x00, 0x00, 0x00, 0x00, 0x00, 0x00,
  0x00, 0x00, 0x00, 0x00, 0x00, 0x00, 0xe7, 0x1c, 0xad, 0x35, 0xee, 0x39,
  0x00, 0x00, 0x00, 0x00, 0xcc, 0x35, 0x0e, 0x42, 0xac, 0x2d, 0x29, 0x21,
  0x00, 0x00, 0x00, 0x00, 0x00, 0x00, 0x00, 0x00, 0x00, 0x00, 0x00, 0x00,
  0x00, 0x00, 0x00, 0x00, 0x00, 0x00, 0x00, 0x00, 0x00, 0x00, 0x00, 0x00,
  0x00, 0x00, 0x00, 0x00, 0x00, 0x00, 0x00, 0x00, 0x00, 0x00, 0x00, 0x00,
  0x00, 0x00, 0x00, 0x00, 0x00, 0x00, 0x00, 0x00, 0x00, 0x00, 0x00, 0x00,
  0x00, 0x00, 0x00, 0x00, 0x00, 0x00, 0x00, 0x00, 0x00, 0x00, 0x00, 0x00,
  0x00, 0x00, 0x00, 0x00, 0x00, 0x00, 0x00, 0x00, 0x00, 0x00, 0x00, 0x00,
  0x00, 0x00, 0x00, 0x00, 0x00, 0x00, 0x00, 0x00, 0x00, 0x00, 0x00, 0x00,
  0x00, 0x00, 0x00, 0x00, 0x00, 0x00, 0x00, 0x00, 0x00, 0x00, 0x00, 0x00,
  0x00, 0x00, 0x00, 0x00, 0x00, 0x00, 0x00, 0x00, 0x00, 0x00, 0x00, 0x00,
  0x00, 0x00, 0x00, 0x00, 0x00, 0x00, 0x00, 0x00, 0x00, 0x00, 0x00, 0x00,
  0x00, 0x00, 0x00, 0x00, 0x00, 0x00, 0x00, 0x00, 0x00, 0x00, 0x00, 0x00,
  0x00, 0x00, 0x00, 0x00, 0x00, 0x00, 0x00, 0x00, 0x00, 0x00, 0x00, 0x00,
  0x00, 0x00, 0x00, 0x00, 0x00, 0x00, 0x00, 0x00, 0x00, 0x00, 0x00, 0x00,
  0x00, 0x00, 0x00, 0x00, 0x00, 0x00, 0x00, 0x00, 0x00, 0x00, 0x00, 0x00,
  0x00, 0x00, 0x00, 0x00, 0x00, 0x00, 0x00, 0x00, 0x00, 0x00, 0x00, 0x00,
  0x00, 0x00, 0x00, 0x00, 0x00, 0x00, 0x00, 0x00, 0x8c, 0x2d, 0x18, 0x5b,
  0xad, 0x35, 0x00, 0x00, 0x00, 0x00, 0x00, 0x00, 0x00, 0x00, 0x00, 0x00,
  0x00, 0x00, 0x00, 0x00, 0x00, 0x00, 0x00, 0x00, 0x00, 0x00, 0x8b, 0x31,
  0xcd, 0x35, 0x69, 0x25, 0xc6, 0x18, 0x48, 0x25, 0x89, 0x2d, 0x49, 0x21,
  0x6a, 0x29, 0xee, 0x39, 0x84, 0x10, 0x00, 0x00, 0x00, 0x00, 0x00, 0x00,
  0x00, 0x00, 0x00, 0x00, 0x00, 0x00, 0x00, 0x00, 0x00, 0x00, 0x00, 0x00,
  0x00, 0x00, 0x00, 0x00, 0x00, 0x00, 0x00, 0x00, 0x00, 0x00, 0x00, 0x00,
  0x00, 0x00, 0x00, 0x00, 0x00, 0x00, 0x00, 0x00, 0x00, 0x00, 0x00, 0x00,
  0x00, 0x00, 0x00, 0x00, 0x00, 0x00, 0x00, 0x00, 0x00, 0x00, 0x00, 0x00,
  0x00, 0x00, 0x00, 0x00, 0x00, 0x00, 0x00, 0x00, 0x00, 0x00, 0x00, 0x00,
  0x00, 0x00, 0x00, 0x00, 0x00, 0x00, 0x00, 0x00, 0x00, 0x00, 0x00, 0x00,
  0x00, 0x00, 0x00, 0x00, 0x00, 0x00, 0x00, 0x00, 0x00, 0x00, 0x00, 0x00,
  0x00, 0x00, 0x00, 0x00, 0x00, 0x00, 0x00, 0x00, 0x00, 0x00, 0x00, 0x00,
  0x00, 0x00, 0x00, 0x00, 0x00, 0x00, 0x00, 0x00, 0x00, 0x00, 0x00, 0x00,
  0x00, 0x00, 0x00, 0x00, 0x00, 0x00, 0x00, 0x00, 0x00, 0x00, 0x00, 0x00,
  0x00, 0x00, 0x00, 0x00, 0x00, 0x00, 0x00, 0x00, 0x00, 0x00, 0x00, 0x00,
  0x00, 0x00, 0x00, 0x00, 0x00, 0x00, 0x00, 0x00, 0x00, 0x00, 0x00, 0x00,
  0x00, 0x00, 0x00, 0x00, 0x00, 0x00, 0x00, 0x00, 0x00, 0x00, 0x00, 0x00,
  0x00, 0x00, 0x00, 0x00, 0x00, 0x00, 0x00, 0x00, 0x00, 0x00, 0x00, 0x00,
  0x00, 0x00, 0x00, 0x00, 0x00, 0x00, 0x00, 0x00, 0x00, 0x00, 0x51, 0x4a,
  0xbd, 0x6f, 0xb7, 0x4a, 0xef, 0x3d, 0x00, 0x00, 0x00, 0x00, 0x00, 0x00,
  0x00, 0x00, 0x00, 0x00, 0x00, 0x00, 0x00, 0x00, 0x00, 0x00, 0x00, 0x00,
  0xcb, 0x35, 0x2f, 0x42, 0x8b, 0x29, 0x69, 0x25, 0x69, 0x29, 0xab, 0x31,
  0x27, 0x21, 0x07, 0x1d, 0x48, 0x25, 0x39, 0x67, 0x53, 0x42, 0x00, 0x00,
  0x00, 0x00, 0x00, 0x00, 0x00, 0x00, 0x00, 0x00, 0x29, 0x25, 0xe5, 0x14,
  0xe7, 0x1c, 0x00, 0x00, 0x00, 0x00, 0x00, 0x00, 0x00, 0x00, 0x00, 0x00,
  0x00, 0x00, 0x00, 0x00, 0x00, 0x00, 0x00, 0x00, 0x00, 0x00, 0x00, 0x00,
  0x00, 0x00, 0x00, 0x00, 0x00, 0x00, 0x00, 0x00, 0x00, 0x00, 0x00, 0x00,
  0x00, 0x00, 0x00, 0x00, 0x00, 0x00, 0x00, 0x00, 0x00, 0x00, 0x00, 0x00,
  0x00, 0x00, 0x00, 0x00, 0x00, 0x00, 0x00, 0x00, 0x00, 0x00, 0x00, 0x00,
  0x00, 0x00, 0x00, 0x00, 0x00, 0x00, 0x00, 0x00, 0x00, 0x00, 0x00, 0x00,
  0x00, 0x00, 0x00, 0x00, 0x00, 0x00, 0x00, 0x00, 0x00, 0x00, 0x00, 0x00,
  0x00, 0x00, 0x00, 0x00, 0x00, 0x00, 0x00, 0x00, 0x00, 0x00, 0x00, 0x00,
  0x00, 0x00, 0x00, 0x00, 0x00, 0x00, 0x00, 0x00, 0x00, 0x00, 0x00, 0x00,
  0x00, 0x00, 0x00, 0x00, 0x00, 0x00, 0x00, 0x00, 0x00, 0x00, 0x00, 0x00,
  0x00, 0x00, 0x00, 0x00, 0x00, 0x00, 0x00, 0x00, 0x00, 0x00, 0x00, 0x00,
  0x00, 0x00, 0x00, 0x00, 0x00, 0x00, 0x00, 0x00, 0x00, 0x00, 0x00, 0x00,
  0x00, 0x00, 0x00, 0x00, 0x00, 0x00, 0x00, 0x00, 0x00, 0x00, 0x00, 0x00,
  0x00, 0x00, 0x00, 0x00, 0x00, 0x00, 0x00, 0x00, 0x00, 0x00, 0x00, 0x00,
  0xe7, 0x1c, 0x39, 0x6b, 0xbe, 0x6f, 0x76, 0x3e, 0x00, 0x00, 0x00, 0x00,
  0x00, 0x00, 0x00, 0x00, 0x00, 0x00, 0x00, 0x00, 0x0f, 0x3e, 0xcd, 0x31,
  0xc5, 0x14, 0xaa, 0x31, 0xec, 0x35, 0x8b, 0x29, 0x6b, 0x25, 0x49, 0x25,
  0xac, 0x31, 0x07, 0x1d, 0x6a, 0x29, 0x49, 0x21, 0x8a, 0x2d, 0xbc, 0x73,
  0xd7, 0x52, 0x29, 0x21, 0x48, 0x25, 0x8a, 0x2d, 0xcb, 0x35, 0xcc, 0x35,
  0x0c, 0x3e, 0x0c, 0x3e, 0xed, 0x3d, 0x2d, 0x46, 0x0d, 0x3e, 0x00, 0x00,
  0x00, 0x00, 0x00, 0x00, 0x00, 0x00, 0x00, 0x00, 0x00, 0x00, 0x00, 0x00,
  0x00, 0x00, 0x00, 0x00, 0x00, 0x00, 0x00, 0x00, 0x00, 0x00, 0x00, 0x00,
  0x00, 0x00, 0x00, 0x00, 0x00, 0x00, 0x00, 0x00, 0x00, 0x00, 0x00, 0x00,
  0x00, 0x00, 0x00, 0x00, 0x00, 0x00, 0x00, 0x00, 0x00, 0x00, 0x00, 0x00,
  0x00, 0x00, 0x00, 0x00, 0x00, 0x00, 0x00, 0x00, 0x00, 0x00, 0x00, 0x00,
  0x00, 0x00, 0x00, 0x00, 0x00, 0x00, 0x00, 0x00, 0x00, 0x00, 0x00, 0x00,
  0x00, 0x00, 0x00, 0x00, 0x00, 0x00, 0x00, 0x00, 0x00, 0x00, 0x00, 0x00,
  0x00, 0x00, 0x00, 0x00, 0x00, 0x00, 0x00, 0x00, 0x00, 0x00, 0x00, 0x00,
  0x00, 0x00, 0x00, 0x00, 0x00, 0x00, 0x00, 0x00, 0x00, 0x00, 0x00, 0x00,
  0x00, 0x00, 0x00, 0x00, 0x00, 0x00, 0x00, 0x00, 0x00, 0x00, 0x00, 0x00,
  0x00, 0x00, 0x00, 0x00, 0x00, 0x00, 0x00, 0x00, 0x00, 0x00, 0x00, 0x00,
  0x00, 0x00, 0x00, 0x00, 0x00, 0x00, 0x00, 0x00, 0x00, 0x00, 0x00, 0x00,
  0x00, 0x00, 0x00, 0x00, 0x00, 0x00, 0x00, 0x00, 0x00, 0x00, 0x00, 0x00,
  0x00, 0x00, 0x00, 0x00, 0xb5, 0x5a, 0xdd, 0x7f, 0x9d, 0x6b, 0x75, 0x3e,
  0x00, 0x00, 0x00, 0x00, 0x4a, 0x29, 0x4a, 0x29, 0x4a, 0x29, 0x69, 0x29,
  0x31, 0x3e, 0x8c, 0x29, 0x89, 0x2d, 0xcb, 0x35, 0xcc, 0x31, 0x29, 0x19,
  0x07, 0x19, 0x07, 0x1d, 0x28, 0x1d, 0xab, 0x31, 0x0c, 0x3a, 0x0c, 0x3e,
  0xeb, 0x3d, 0xdd, 0x7b, 0x3a, 0x5f, 0xce, 0x31, 0x27, 0x21, 0xe7, 0x1c,
  0x06, 0x21, 0x06, 0x1d, 0x6a, 0x29, 0x8b, 0x2d, 0x69, 0x29, 0x46, 0x25,
  0x0d, 0x3e, 0x00, 0x00, 0x00, 0x00, 0x00, 0x00, 0x00, 0x00, 0x00, 0x00,
  0x00, 0x00, 0x00, 0x00, 0x00, 0x00, 0x00, 0x00, 0x00, 0x00, 0x00, 0x00,
  0x00, 0x00, 0x00, 0x00, 0x00, 0x00, 0x00, 0x00, 0x00, 0x00, 0x00, 0x00,
  0x00, 0x00, 0x00, 0x00, 0x00, 0x00, 0x00, 0x00, 0x00, 0x00, 0x00, 0x00,
  0x00, 0x00, 0x00, 0x00, 0x00, 0x00, 0x00, 0x00, 0x00, 0x00, 0x00, 0x00,
  0x00, 0x00, 0x00, 0x00, 0x00, 0x00, 0x00, 0x00, 0x00, 0x00, 0x00, 0x00,
  0x00, 0x00, 0x00, 0x00, 0x00, 0x00, 0x00, 0x00, 0x00, 0x00, 0x00, 0x00,
  0x00, 0x00, 0x00, 0x00, 0x00, 0x00, 0x00, 0x00, 0x00, 0x00, 0x00, 0x00,
  0x00, 0x00, 0x00, 0x00, 0x00, 0x00, 0x00, 0x00, 0x00, 0x00, 0x00, 0x00,
  0x00, 0x00, 0x00, 0x00, 0x00, 0x00, 0x00, 0x00, 0x00, 0x00, 0x00, 0x00,
  0x00, 0x00, 0x00, 0x00, 0x00, 0x00, 0x00, 0x00, 0x00, 0x00, 0x00, 0x00,
  0x00, 0x00, 0x00, 0x00, 0x00, 0x00, 0x00, 0x00, 0x00, 0x00, 0x00, 0x00,
  0x00, 0x00, 0x00, 0x00, 0x00, 0x00, 0x00, 0x00, 0x00, 0x00, 0x00, 0x00,
  0x00, 0x00, 0x00, 0x00, 0x00, 0x00, 0x00, 0x00, 0xf7, 0x5e, 0xdd, 0x7f,
  0x5c, 0x5f, 0x76, 0x3e, 0x00, 0x00, 0x00, 0x00, 0xac, 0x31, 0xcd, 0x35,
  0x8b, 0x29, 0xaa, 0x31, 0x52, 0x42, 0x4a, 0x21, 0x06, 0x1d, 0xcd, 0x31,
  0x2a, 0x1d, 0x27, 0x1d, 0x0e, 0x3e, 0xcc, 0x35, 0xec, 0x3d, 0xea, 0x39,
  0x4d, 0x46, 0x0b, 0x42, 0xd3, 0x5a, 0xbd, 0x77, 0x3b, 0x5f, 0x52, 0x3e,
  0x89, 0x2d, 0xaa, 0x31, 0x49, 0x25, 0x07, 0x19, 0x07, 0x19, 0x6b, 0x29,
  0x6b, 0x29, 0xe6, 0x1c, 0x6b, 0x2d, 0x00, 0x00, 0x00, 0x00, 0x00, 0x00,
  0x00, 0x00, 0x00, 0x00, 0x00, 0x00, 0x00, 0x00, 0x00, 0x00, 0x00, 0x00,
  0x00, 0x00, 0x00, 0x00, 0x00, 0x00, 0x00, 0x00, 0x00, 0x00, 0x00, 0x00,
  0x00, 0x00, 0x00, 0x00, 0x00, 0x00, 0x00, 0x00, 0x00, 0x00, 0x00, 0x00,
  0x00, 0x00, 0x00, 0x00, 0x00, 0x00, 0x00, 0x00, 0x00, 0x00, 0x00, 0x00,
  0x00, 0x00, 0x00, 0x00, 0x00, 0x00, 0x00, 0x00, 0x00, 0x00, 0x00, 0x00,
  0x00, 0x00, 0x00, 0x00, 0x00, 0x00, 0x00, 0x00, 0x00, 0x00, 0x00, 0x00,
  0x00, 0x00, 0x00, 0x00, 0x00, 0x00, 0x00, 0x00, 0x00, 0x00, 0x00, 0x00,
  0x00, 0x00, 0x00, 0x00, 0x00, 0x00, 0x00, 0x00, 0x00, 0x00, 0x00, 0x00,
  0x00, 0x00, 0x00, 0x00, 0x00, 0x00, 0x00, 0x00, 0x00, 0x00, 0x00, 0x00,
  0x00, 0x00, 0x00, 0x00, 0x00, 0x00, 0x00, 0x00, 0x00, 0x00, 0x00, 0x00,
  0x00, 0x00, 0x00, 0x00, 0x00, 0x00, 0x00, 0x00, 0x00, 0x00, 0x00, 0x00,
  0x00, 0x00, 0x00, 0x00, 0x00, 0x00, 0x00, 0x00, 0x00, 0x00, 0x00, 0x00,
  0x00, 0x00, 0x00, 0x00, 0x00, 0x00, 0x00, 0x00, 0x00, 0x00, 0x00, 0x00,
  0x18, 0x63, 0xdc, 0x7b, 0x7c, 0x67, 0x97, 0x46, 0x8b, 0x2d, 0xcc, 0x35,
  0x6f, 0x4e, 0xab, 0x2d, 0x8a, 0x29, 0x89, 0x29, 0x10, 0x36, 0x49, 0x21,
  0x69, 0x25, 0x28, 0x1d, 0x8b, 0x2d, 0xab, 0x2d, 0xcd, 0x31, 0xed, 0x39,
  0xca, 0x35, 0x0e, 0x3e, 0x2c, 0x42, 0x6f, 0x4a, 0xbd, 0x77, 0x9d, 0x6b,
  0x1a, 0x5b, 0x54, 0x3e, 0xca, 0x35, 0xea, 0x39, 0x0b, 0x3e, 0xa9, 0x31,
  0x48, 0x25, 0x07, 0x1d, 0xe6, 0x18, 0xc5, 0x14, 0xe7, 0x1c, 0x00, 0x00,
  0x00, 0x00, 0x00, 0x00, 0x00, 0x00, 0x00, 0x00, 0x00, 0x00, 0x00, 0x00,
  0x00, 0x00, 0x00, 0x00, 0x00, 0x00, 0x00, 0x00, 0x00, 0x00, 0x00, 0x00,
  0x00, 0x00, 0x00, 0x00, 0x00, 0x00, 0x00, 0x00, 0x00, 0x00, 0x00, 0x00,
  0x00, 0x00, 0x00, 0x00, 0x00, 0x00, 0x00, 0x00, 0x00, 0x00, 0x00, 0x00,
  0x00, 0x00, 0x00, 0x00, 0x00, 0x00, 0x00, 0x00, 0x00, 0x00, 0x00, 0x00,
  0x00, 0x00, 0x00, 0x00, 0x00, 0x00, 0x00, 0x00, 0x00, 0x00, 0x00, 0x00,
  0x00, 0x00, 0x00, 0x00, 0x00, 0x00, 0x00, 0x00, 0x00, 0x00, 0x00, 0x00,
  0x00, 0x00, 0x00, 0x00, 0x00, 0x00, 0x00, 0x00, 0x00, 0x00, 0x00, 0x00,
  0x00, 0x00, 0x00, 0x00, 0x00, 0x00, 0x00, 0x00, 0x00, 0x00, 0x00, 0x00,
  0x00, 0x00, 0x00, 0x00, 0x00, 0x00, 0x00, 0x00, 0x00, 0x00, 0x00, 0x00,
  0x00, 0x00, 0x00, 0x00, 0x00, 0x00, 0x00, 0x00, 0x00, 0x00, 0x00, 0x00,
  0x00, 0x00, 0x00, 0x00, 0x00, 0x00, 0x00, 0x00, 0x00, 0x00, 0x00, 0x00,
  0x00, 0x00, 0x00, 0x00, 0x00, 0x00, 0x00, 0x00, 0x00, 0x00, 0x00, 0x00,
  0x00, 0x00, 0x00, 0x00, 0x39, 0x67, 0xdc, 0x7b, 0x9c, 0x77, 0x73, 0x4a,
  0x90, 0x52, 0xcb, 0x35, 0x70, 0x4a, 0x0e, 0x3e, 0xad, 0x2d, 0x49, 0x21,
  0xac, 0x29, 0x08, 0x1d, 0x29, 0x1d, 0xcd, 0x2d, 0x30, 0x3a, 0x11, 0x3a,
  0x2f, 0x42, 0xcd, 0x2d, 0xcd, 0x2d, 0xed, 0x35, 0x2e, 0x3e, 0x16, 0x63,
  0xdf, 0x7b, 0x9d, 0x6b, 0xd9, 0x4e, 0x53, 0x42, 0x0c, 0x3e, 0xea, 0x39,
  0x0a, 0x3e, 0x0b, 0x42, 0x6e, 0x4e, 0xca, 0x31, 0xe7, 0x18, 0xc5, 0x18,
  0x49, 0x25, 0x28, 0x21, 0x48, 0x25, 0xcb, 0x35, 0x2e, 0x46, 0x4a, 0x29,
  0x00, 0x00, 0x00, 0x00, 0x00, 0x00, 0x00, 0x00, 0x00, 0x00, 0x00, 0x00,
  0x00, 0x00, 0x00, 0x00, 0x00, 0x00, 0x00, 0x00, 0x00, 0x00, 0x00, 0x00,
  0x00, 0x00, 0x00, 0x00, 0x00, 0x00, 0x00, 0x00, 0x00, 0x00, 0x00, 0x00,
  0x00, 0x00, 0x00, 0x00, 0x00, 0x00, 0x00, 0x00, 0x00, 0x00, 0x00, 0x00,
  0x00, 0x00, 0x00, 0x00, 0x00, 0x00, 0x00, 0x00, 0x00, 0x00, 0x00, 0x00,
  0x00, 0x00, 0x00, 0x00, 0x00, 0x00, 0x00, 0x00, 0x00, 0x00, 0x00, 0x00,
  0x00, 0x00, 0x00, 0x00, 0x00, 0x00, 0x00, 0x00, 0x00, 0x00, 0x00, 0x00,
  0x00, 0x00, 0x00, 0x00, 0x00, 0x00, 0x00, 0x00, 0x00, 0x00, 0x00, 0x00,
  0x00, 0x00, 0x00, 0x00, 0x00, 0x00, 0x00, 0x00, 0x00, 0x00, 0x00, 0x00,
  0x00, 0x00, 0x00, 0x00, 0x00, 0x00, 0x00, 0x00, 0x00, 0x00, 0x00, 0x00,
  0x00, 0x00, 0x00, 0x00, 0x00, 0x00, 0x00, 0x00, 0x00, 0x00, 0x00, 0x00,
  0x00, 0x00, 0x00, 0x00, 0x00, 0x00, 0x00, 0x00, 0x00, 0x00, 0x00, 0x00,
  0x00, 0x00, 0x00, 0x00, 0x00, 0x00, 0x00, 0x00, 0x94, 0x56, 0x9c, 0x73,
  0x37, 0x67, 0xf1, 0x5e, 0x0b, 0x3e, 0x89, 0x29, 0x47, 0x25, 0x70, 0x4a,
  0xce, 0x35, 0x6b, 0x29, 0x08, 0x1d, 0x09, 0x1d, 0xce, 0x29, 0xce, 0x2d,
  0xcd, 0x31, 0x4d, 0x42, 0x0d, 0x3e, 0xec, 0x35, 0x4d, 0x3e, 0x6f, 0x46,
  0x51, 0x3e, 0xdd, 0x7b, 0x9d, 0x6b, 0x7d, 0x67, 0x98, 0x42, 0x0f, 0x36,
  0xa9, 0x31, 0xca, 0x35, 0xeb, 0x39, 0x2c, 0x42, 0x2c, 0x3e, 0xab, 0x2d,
  0x48, 0x21, 0x27, 0x21, 0xe6, 0x18, 0x07, 0x19, 0x07, 0x21, 0x28, 0x25,
  0xcc, 0x35, 0x6f, 0x4e, 0x8a, 0x31, 0x00, 0x00, 0x00, 0x00, 0x00, 0x00,
  0x00, 0x00, 0x00, 0x00, 0x00, 0x00, 0x00, 0x00, 0x00, 0x00, 0x00, 0x00,
  0x00, 0x00, 0x00, 0x00, 0x00, 0x00, 0x00, 0x00, 0x00, 0x00, 0x00, 0x00,
  0x00, 0x00, 0x00, 0x00, 0x00, 0x00, 0x00, 0x00, 0x00, 0x00, 0x00, 0x00,
  0x00, 0x00, 0x00, 0x00, 0x00, 0x00, 0x00, 0x00, 0x00, 0x00, 0x00, 0x00,
  0x00, 0x00, 0x00, 0x00, 0x00, 0x00, 0x00, 0x00, 0x00, 0x00, 0x00, 0x00,
  0x00, 0x00, 0x00, 0x00, 0x00, 0x00, 0x00, 0x00, 0x00, 0x00, 0x00, 0x00,
  0x00, 0x00, 0x00, 0x00, 0x00, 0x00, 0x00, 0x00, 0x00, 0x00, 0x00, 0x00,
  0x00, 0x00, 0x00, 0x00, 0x00, 0x00, 0x00, 0x00, 0x00, 0x00, 0x00, 0x00,
  0x00, 0x00, 0x00, 0x00, 0x00, 0x00, 0x00, 0x00, 0x00, 0x00, 0x00, 0x00,
  0x00, 0x00, 0x00, 0x00, 0x00, 0x00, 0x00, 0x00, 0x00, 0x00, 0x00, 0x00,
  0x00, 0x00, 0x00, 0x00, 0x00, 0x00, 0x00, 0x00, 0x00, 0x00, 0x00, 0x00,
  0x00, 0x00, 0x00, 0x00, 0x00, 0x00, 0x00, 0x00, 0x00, 0x00, 0x00, 0x00,
  0xe7, 0x1c, 0x72, 0x4e, 0x14, 0x63, 0x4d, 0x4a, 0xb1, 0x56, 0x0c, 0x3a,
  0x48, 0x25, 0x2c, 0x42, 0x6a, 0x29, 0xe6, 0x18, 0x4a, 0x21, 0xef, 0x31,
  0x2e, 0x3a, 0x6e, 0x46, 0x2d, 0x3e, 0x8b, 0x29, 0xcf, 0x2d, 0xac, 0x29,
  0x0c, 0x3a, 0x8e, 0x4a, 0x50, 0x42, 0xb5, 0x4e, 0x9d, 0x6f, 0xd9, 0x4e,
  0x76, 0x3a, 0xcb, 0x35, 0xaa, 0x31, 0xec, 0x39, 0xea, 0x39, 0xeb, 0x39,
  0x69, 0x29, 0x69, 0x25, 0x8a, 0x2d, 0x88, 0x2d, 0x27, 0x21, 0xe7, 0x14,
  0x07, 0x19, 0x08, 0x1d, 0x28, 0x1d, 0x48, 0x25, 0x2e, 0x46, 0xcb, 0x35,
  0x00, 0x00, 0x00, 0x00, 0x00, 0x00, 0x00, 0x00, 0x00, 0x00, 0x00, 0x00,
  0x00, 0x00, 0x00, 0x00, 0x00, 0x00, 0x00, 0x00, 0x00, 0x00, 0x00, 0x00,
  0x00, 0x00, 0x00, 0x00, 0x00, 0x00, 0x00, 0x00, 0x00, 0x00, 0x00, 0x00,
  0x00, 0x00, 0x00, 0x00, 0x00, 0x00, 0x00, 0x00, 0x00, 0x00, 0x00, 0x00,
  0x00, 0x00, 0x00, 0x00, 0x00, 0x00, 0x00, 0x00, 0x00, 0x00, 0x00, 0x00,
  0x00, 0x00, 0x00, 0x00, 0x00, 0x00, 0x00, 0x00, 0x00, 0x00, 0x00, 0x00,
  0x00, 0x00, 0x00, 0x00, 0x00, 0x00, 0x00, 0x00, 0x00, 0x00, 0x00, 0x00,
  0x00, 0x00, 0x00, 0x00, 0x00, 0x00, 0x00, 0x00, 0x00, 0x00, 0x00, 0x00,
  0x00, 0x00, 0x00, 0x00, 0x00, 0x00, 0x00, 0x00, 0x00, 0x00, 0x00, 0x00,
  0x00, 0x00, 0x00, 0x00, 0x00, 0x00, 0x00, 0x00, 0x00, 0x00, 0x00, 0x00,
  0x00, 0x00, 0x00, 0x00, 0x00, 0x00, 0x00, 0x00, 0x00, 0x00, 0x00, 0x00,
  0x00, 0x00, 0x00, 0x00, 0x00, 0x00, 0x00, 0x00, 0x00, 0x00, 0x00, 0x00,
  0x00, 0x00, 0x00, 0x00, 0xa5, 0x14, 0xcb, 0x35, 0x8f, 0x4e, 0x6e, 0x4e,
  0x6d, 0x4a, 0x89, 0x2d, 0x48, 0x25, 0xeb, 0x3d, 0x08, 0x1d, 0xe7, 0x14,
  0xae, 0x2d, 0xee, 0x2d, 0xcc, 0x2d, 0xee, 0x31, 0xcd, 0x2d, 0xac, 0x29,
  0x8a, 0x2d, 0x6a, 0x25, 0x8a, 0x29, 0x0b, 0x3e, 0x4c, 0x42, 0x51, 0x46,
  0x5d, 0x5b, 0xb8, 0x42, 0x30, 0x3a, 0xeb, 0x3d, 0xa8, 0x31, 0xca, 0x35,
  0x4d, 0x46, 0xa8, 0x31, 0x89, 0x31, 0xaa, 0x31, 0x68, 0x29, 0xb0, 0x56,
  0x0c, 0x3e, 0x27, 0x1d, 0xe6, 0x18, 0x4a, 0x21, 0x4a, 0x21, 0x4a, 0x21,
  0x89, 0x29, 0x69, 0x29, 0x29, 0x21, 0x0d, 0x3e, 0x0e, 0x42, 0xe7, 0x1c,
  0x00, 0x00, 0x00, 0x00, 0x00, 0x00, 0x00, 0x00, 0x00, 0x00, 0x00, 0x00,
  0x00, 0x00, 0x00, 0x00, 0x00, 0x00, 0x00, 0x00, 0x00, 0x00, 0x00, 0x00,
  0x00, 0x00, 0x00, 0x00, 0x00, 0x00, 0x00, 0x00, 0x00, 0x00, 0x00, 0x00,
  0x00, 0x00, 0x00, 0x00, 0x00, 0x00, 0x00, 0x00, 0x00, 0x00, 0x00, 0x00,
  0x00, 0x00, 0x00, 0x00, 0x00, 0x00, 0x00, 0x00, 0x00, 0x00, 0x00, 0x00,
  0x00, 0x00, 0x00, 0x00, 0x00, 0x00, 0x00, 0x00, 0x00, 0x00, 0x00, 0x00,
  0x00, 0x00, 0x00, 0x00, 0x00, 0x00, 0x00, 0x00, 0x00, 0x00, 0x00, 0x00,
  0x00, 0x00, 0x00, 0x00, 0x00, 0x00, 0x00, 0x00, 0x00, 0x00, 0x00, 0x00,
  0x00, 0x00, 0x00, 0x00, 0x00, 0x00, 0x00, 0x00, 0x00, 0x00, 0x00, 0x00,
  0x00, 0x00, 0x00, 0x00, 0x00, 0x00, 0x00, 0x00, 0x00, 0x00, 0x00, 0x00,
  0x00, 0x00, 0x00, 0x00, 0x00, 0x00, 0x00, 0x00, 0x00, 0x00, 0x00, 0x00,
  0x00, 0x00, 0x00, 0x00, 0x00, 0x00, 0x00, 0x00, 0xa5, 0x14, 0xd3, 0x5a,
  0xa8, 0x31, 0x2d, 0x46, 0x0b, 0x42, 0xcc, 0x35, 0xab, 0x31, 0x69, 0x29,
  0xe6, 0x18, 0xad, 0x29, 0x2e, 0x3e, 0x4e, 0x42, 0xcb, 0x31, 0xce, 0x31,
  0xcc, 0x2d, 0xee, 0x35, 0x6e, 0x4a, 0xca, 0x31, 0x8a, 0x29, 0xab, 0x31,
  0x2c, 0x42, 0x2d, 0x42, 0xb8, 0x46, 0x73, 0x3e, 0xeb, 0x39, 0x4d, 0x46,
  0xc9, 0x35, 0xca, 0x35, 0xc9, 0x35, 0x0b, 0x42, 0x2c, 0x42, 0xa8, 0x35,
  0x0b, 0x3e, 0xcb, 0x31, 0x49, 0x25, 0x68, 0x25, 0x69, 0x29, 0xc6, 0x14,
  0xc6, 0x14, 0xc5, 0x14, 0xe6, 0x14, 0xe7, 0x18, 0x07, 0x1d, 0x47, 0x25,
  0x2e, 0x42, 0x2f, 0x46, 0x0e, 0x3e, 0xef, 0x3d, 0x00, 0x00, 0x00, 0x00,
  0x00, 0x00, 0x00, 0x00, 0x00, 0x00, 0x00, 0x00, 0x00, 0x00, 0x00, 0x00,
  0x00, 0x00, 0x00, 0x00, 0x00, 0x00, 0x00, 0x00, 0x00, 0x00, 0x00, 0x00,
  0x00, 0x00, 0x00, 0x00, 0x00, 0x00, 0x00, 0x00, 0x00, 0x00, 0x00, 0x00,
  0x00, 0x00, 0x00, 0x00, 0x00, 0x00, 0x00, 0x00, 0x00, 0x00, 0x00, 0x00,
  0x00, 0x00, 0x00, 0x00, 0x00, 0x00, 0x00, 0x00, 0x00, 0x00, 0x00, 0x00,
  0x00, 0x00, 0x00, 0x00, 0x00, 0x00, 0x00, 0x00, 0x00, 0x00, 0x00, 0x00,
  0x00, 0x00, 0x00, 0x00, 0x00, 0x00, 0x00, 0x00, 0x00, 0x00, 0x00, 0x00,
  0x00, 0x00, 0x00, 0x00, 0x00, 0x00, 0x00, 0x00, 0x00, 0x00, 0x00, 0x00,
  0x00, 0x00, 0x00, 0x00, 0x00, 0x00, 0x00, 0x00, 0x00, 0x00, 0x00, 0x00,
  0x00, 0x00, 0x00, 0x00, 0x00, 0x00, 0x00, 0x00, 0x00, 0x00, 0x00, 0x00,
  0x00, 0x00, 0x00, 0x00, 0x00, 0x00, 0x00, 0x00, 0x00, 0x00, 0x00, 0x00,
  0x00, 0x00, 0x28, 0x21, 0x90, 0x4e, 0xeb, 0x39, 0x8f, 0x52, 0xcb, 0x35,
  0xeb, 0x39, 0xe7, 0x18, 0xe7, 0x18, 0xcd, 0x29, 0xcc, 0x2d, 0xcc, 0x31,
  0xcb, 0x31, 0xcc, 0x35, 0x4d, 0x46, 0xcb, 0x35, 0x8f, 0x52, 0xca, 0x35,
  0x2f, 0x42, 0xaa, 0x2d, 0x4c, 0x46, 0x2d, 0x46, 0xed, 0x35, 0xcc, 0x35,
  0x0d, 0x3e, 0x89, 0x2d, 0xa8, 0x31, 0xec, 0x3d, 0xca, 0x35, 0xca, 0x35,
  0xc9, 0x35, 0xc9, 0x35, 0xca, 0x39, 0x48, 0x25, 0x69, 0x29, 0xaa, 0x31,
  0x88, 0x2d, 0x47, 0x25, 0xc6, 0x14, 0xe6, 0x18, 0xe7, 0x18, 0xc6, 0x14,
  0xe7, 0x1c, 0x08, 0x1d, 0x49, 0x25, 0x27, 0x21, 0xcb, 0x35, 0x2e, 0x42,
  0x00, 0x00, 0x00, 0x00, 0x00, 0x00, 0x00, 0x00, 0x00, 0x00, 0x00, 0x00,
  0x00, 0x00, 0x00, 0x00, 0x00, 0x00, 0x00, 0x00, 0x00, 0x00, 0x00, 0x00,
  0x00, 0x00, 0x00, 0x00, 0x00, 0x00, 0x00, 0x00, 0x00, 0x00, 0x00, 0x00,
  0x00, 0x00, 0x00, 0x00, 0x00, 0x00, 0x00, 0x00, 0x00, 0x00, 0x00, 0x00,
  0x00, 0x00, 0x00, 0x00, 0x00, 0x00, 0x00, 0x00, 0x00, 0x00, 0x00, 0x00,
  0x00, 0x00, 0x00, 0x00, 0x00, 0x00, 0x00, 0x00, 0x00, 0x00, 0x00, 0x00,
  0x00, 0x00, 0x00, 0x00, 0x00, 0x00, 0x00, 0x00, 0x00, 0x00, 0x00, 0x00,
  0x00, 0x00, 0x00, 0x00, 0x00, 0x00, 0x00, 0x00, 0x00, 0x00, 0x00, 0x00,
  0x00, 0x00, 0x00, 0x00, 0x00, 0x00, 0x00, 0x00, 0x00, 0x00, 0x00, 0x00,
  0x00, 0x00, 0x00, 0x00, 0x00, 0x00, 0x00, 0x00, 0x00, 0x00, 0x00, 0x00,
  0x00, 0x00, 0x00, 0x00, 0x00, 0x00, 0x00, 0x00, 0x00, 0x00, 0x00, 0x00,
  0x00, 0x00, 0x00, 0x00, 0xa5, 0x14, 0x8a, 0x2d, 0x05, 0x1d, 0xaa, 0x31,
  0xaf, 0x56, 0xca, 0x35, 0x8a, 0x2d, 0x09, 0x1d, 0xcd, 0x31, 0x4f, 0x42,
  0x4e, 0x42, 0xcf, 0x2d, 0xcd, 0x2d, 0xca, 0x35, 0x2c, 0x42, 0x07, 0x1d,
  0x48, 0x25, 0x8a, 0x2d, 0x8b, 0x2d, 0xca, 0x35, 0xd0, 0x56, 0xea, 0x3d,
  0x8a, 0x29, 0xab, 0x31, 0x0d, 0x3e, 0x0d, 0x3e, 0x0d, 0x3a, 0x2d, 0x42,
  0xca, 0x35, 0xab, 0x31, 0xa9, 0x35, 0xca, 0x35, 0x2c, 0x42, 0x67, 0x2d,
  0xec, 0x3d, 0x88, 0x31, 0x4c, 0x46, 0xeb, 0x39, 0x49, 0x21, 0xe6, 0x18,
  0xe7, 0x14, 0xe7, 0x18, 0x6a, 0x29, 0x89, 0x29, 0x69, 0x25, 0x8a, 0x29,
  0x8a, 0x2d, 0x51, 0x46, 0x69, 0x25, 0x00, 0x00, 0x00, 0x00, 0x00, 0x00,
  0x00, 0x00, 0x00, 0x00, 0x00, 0x00, 0x00, 0x00, 0x00, 0x00, 0x00, 0x00,
  0x00, 0x00, 0x00, 0x00, 0x00, 0x00, 0x00, 0x00, 0x00, 0x00, 0x00, 0x00,
  0x00, 0x00, 0x00, 0x00, 0x00, 0x00, 0x00, 0x00, 0x00, 0x00, 0x00, 0x00,
  0x00, 0x00, 0x00, 0x00, 0x00, 0x00, 0x00, 0x00, 0x00, 0x00, 0x00, 0x00,
  0x00, 0x00, 0x00, 0x00, 0x00, 0x00, 0x00, 0x00, 0x00, 0x00, 0x00, 0x00,
  0x00, 0x00, 0x00, 0x00, 0x00, 0x00, 0x00, 0x00, 0x00, 0x00, 0x00, 0x00,
  0x00, 0x00, 0x00, 0x00, 0x00, 0x00, 0x00, 0x00, 0x00, 0x00, 0x00, 0x00,
  0x00, 0x00, 0x00, 0x00, 0x00, 0x00, 0x00, 0x00, 0x00, 0x00, 0x00, 0x00,
  0x00, 0x00, 0x00, 0x00, 0x00, 0x00, 0x00, 0x00, 0x00, 0x00, 0x00, 0x00,
  0x00, 0x00, 0x00, 0x00, 0x00, 0x00, 0x00, 0x00, 0x00, 0x00, 0x00, 0x00,
  0x00, 0x00, 0x00, 0x00, 0x00, 0x00, 0x00, 0x00, 0x08, 0x21, 0xcb, 0x35,
  0x6a, 0x29, 0x48, 0x25, 0x0d, 0x3e, 0xca, 0x35, 0x49, 0x21, 0x08, 0x1d,
  0xed, 0x31, 0x0c, 0x3a, 0xcb, 0x35, 0x0e, 0x3a, 0x0b, 0x3e, 0x27, 0x21,
  0x48, 0x25, 0x48, 0x29, 0x6a, 0x29, 0xca, 0x35, 0x0b, 0x3e, 0xcb, 0x35,
  0xeb, 0x39, 0xeb, 0x3d, 0x27, 0x25, 0xcb, 0x39, 0xec, 0x41, 0xeb, 0x35,
  0x2e, 0x42, 0x0c, 0x3e, 0xaa, 0x31, 0x0d, 0x3e, 0x2c, 0x42, 0xa9, 0x31,
  0xca, 0x39, 0x2d, 0x46, 0xca, 0x35, 0xaa, 0x35, 0x68, 0x29, 0x28, 0x21,
  0x4a, 0x25, 0x8a, 0x2d, 0xe6, 0x18, 0xc6, 0x18, 0xe6, 0x18, 0x00, 0x00,
  0x00, 0x00, 0x00, 0x00, 0x48, 0x21, 0x8b, 0x29, 0x00, 0x00, 0x00, 0x00,
  0x00, 0x00, 0x00, 0x00, 0x00, 0x00, 0x00, 0x00, 0x00, 0x00, 0x00, 0x00,
  0x00, 0x00, 0x00, 0x00, 0x00, 0x00, 0x00, 0x00, 0x00, 0x00, 0x00, 0x00,
  0x00, 0x00, 0x00, 0x00, 0x00, 0x00, 0x00, 0x00, 0x00, 0x00, 0x00, 0x00,
  0x00, 0x00, 0x00, 0x00, 0x00, 0x00, 0x00, 0x00, 0x00, 0x00, 0x00, 0x00,
  0x00, 0x00, 0x00, 0x00, 0x00, 0x00, 0x00, 0x00, 0x00, 0x00, 0x00, 0x00,
  0x00, 0x00, 0x00, 0x00, 0x00, 0x00, 0x00, 0x00, 0x00, 0x00, 0x00, 0x00,
  0x00, 0x00, 0x00, 0x00, 0x00, 0x00, 0x00, 0x00, 0x00, 0x00, 0x00, 0x00,
  0x00, 0x00, 0x00, 0x00, 0x00, 0x00, 0x00, 0x00, 0x00, 0x00, 0x00, 0x00,
  0x00, 0x00, 0x00, 0x00, 0x00, 0x00, 0x00, 0x00, 0x00, 0x00, 0x00, 0x00,
  0x00, 0x00, 0x00, 0x00, 0x00, 0x00, 0x00, 0x00, 0x00, 0x00, 0x00, 0x00,
  0x00, 0x00, 0x00, 0x00, 0x00, 0x00, 0x00, 0x00, 0x00, 0x00, 0x00, 0x00,
  0xee, 0x41, 0x2d, 0x42, 0x06, 0x21, 0x52, 0x46, 0xef, 0x35, 0xec, 0x35,
  0x2a, 0x1d, 0x8b, 0x25, 0x50, 0x3e, 0x0f, 0x3a, 0xeb, 0x39, 0x8e, 0x4e,
  0x2d, 0x42, 0xe5, 0x18, 0x48, 0x25, 0x89, 0x31, 0x68, 0x29, 0x0b, 0x42,
  0x6e, 0x4a, 0x28, 0x21, 0x4c, 0x46, 0x6e, 0x4e, 0xac, 0x3d, 0x0c, 0x6a,
  0xcb, 0x59, 0xca, 0x45, 0x6e, 0x4e, 0xca, 0x35, 0x69, 0x29, 0x48, 0x25,
  0xab, 0x31, 0x89, 0x2d, 0x88, 0x31, 0xca, 0x35, 0xeb, 0x39, 0x89, 0x2d,
  0x0d, 0x3e, 0xec, 0x39, 0xaa, 0x2d, 0xcc, 0x35, 0xcb, 0x31, 0x06, 0x1d,
  0xe7, 0x18, 0x28, 0x21, 0xe6, 0x1c, 0x48, 0x25, 0xeb, 0x39, 0xec, 0x3d,
  0xef, 0x3d, 0x00, 0x00, 0x00, 0x00, 0x00, 0x00, 0x00, 0x00, 0x00, 0x00,
  0x00, 0x00, 0x00, 0x00, 0x00, 0x00, 0x00, 0x00, 0x00, 0x00, 0x00, 0x00,
  0x00, 0x00, 0x00, 0x00, 0x00, 0x00, 0x00, 0x00, 0x00, 0x00, 0x00, 0x00,
  0x00, 0x00, 0x00, 0x00, 0x00, 0x00, 0x00, 0x00, 0x00, 0x00, 0x00, 0x00,
  0x00, 0x00, 0x00, 0x00, 0x00, 0x00, 0x00, 0x00, 0x00, 0x00, 0x00, 0x00,
  0x00, 0x00, 0x00, 0x00, 0x00, 0x00, 0x00, 0x00, 0x00, 0x00, 0x00, 0x00,
  0x00, 0x00, 0x00, 0x00, 0x00, 0x00, 0x00, 0x00, 0x00, 0x00, 0x00, 0x00,
  0x00, 0x00, 0x00, 0x00, 0x00, 0x00, 0x00, 0x00, 0x00, 0x00, 0x00, 0x00,
  0x00, 0x00, 0x00, 0x00, 0x00, 0x00, 0x00, 0x00, 0x00, 0x00, 0x00, 0x00,
  0x00, 0x00, 0x00, 0x00, 0x00, 0x00, 0x00, 0x00, 0x00, 0x00, 0x00, 0x00,
  0x00, 0x00, 0x00, 0x00, 0x00, 0x00, 0x00, 0x00, 0x00, 0x00, 0x00, 0x00,
  0x00, 0x00, 0x00, 0x00, 0x8a, 0x2d, 0xf2, 0x62, 0x4d, 0x4a, 0x5b, 0x63,
  0x32, 0x3a, 0x6b, 0x25, 0x28, 0x1d, 0xcc, 0x31, 0xec, 0x35, 0x6d, 0x46,
  0xea, 0x35, 0x8b, 0x29, 0x69, 0x25, 0x89, 0x2d, 0x69, 0x29, 0x49, 0x25,
  0xeb, 0x39, 0xaf, 0x56, 0xca, 0x39, 0xea, 0x39, 0xeb, 0x3d, 0xcb, 0x35,
  0x10, 0x46, 0x8a, 0x5d, 0xa9, 0x5d, 0xeb, 0x65, 0x0c, 0x5a, 0xa9, 0x3d,
  0x8f, 0x52, 0x26, 0x25, 0x69, 0x29, 0x89, 0x31, 0x88, 0x2d, 0xa9, 0x31,
  0x89, 0x2d, 0xcb, 0x35, 0xaa, 0x31, 0x89, 0x2d, 0xca, 0x39, 0xcb, 0x35,
  0x4e, 0x46, 0xec, 0x39, 0x29, 0x21, 0xe7, 0x18, 0x28, 0x25, 0xab, 0x39,
  0x0b, 0x3e, 0x6e, 0x4e, 0x6f, 0x4e, 0xaa, 0x31, 0x48, 0x21, 0x00, 0x00,
  0x00, 0x00, 0x00, 0x00, 0x00, 0x00, 0x00, 0x00, 0x00, 0x00, 0x00, 0x00,
  0x00, 0x00, 0x00, 0x00, 0x00, 0x00, 0x00, 0x00, 0x00, 0x00, 0x00, 0x00,
  0x00, 0x00, 0x00, 0x00, 0x00, 0x00, 0x00, 0x00, 0x00, 0x00, 0x00, 0x00,
  0x00, 0x00, 0x00, 0x00, 0x00, 0x00, 0x00, 0x00, 0x00, 0x00, 0x00, 0x00,
  0x00, 0x00, 0x00, 0x00, 0x00, 0x00, 0x00, 0x00, 0x00, 0x00, 0x00, 0x00,
  0x00, 0x00, 0x00, 0x00, 0x00, 0x00, 0x00, 0x00, 0x00, 0x00, 0x00, 0x00,
  0x00, 0x00, 0x00, 0x00, 0x00, 0x00, 0x00, 0x00, 0x00, 0x00, 0x00, 0x00,
  0x00, 0x00, 0x00, 0x00, 0x00, 0x00, 0x00, 0x00, 0x00, 0x00, 0x00, 0x00,
  0x00, 0x00, 0x00, 0x00, 0x00, 0x00, 0x00, 0x00, 0x00, 0x00, 0x00, 0x00,
  0x00, 0x00, 0x00, 0x00, 0x00, 0x00, 0x00, 0x00, 0x00, 0x00, 0x00, 0x00,
  0x00, 0x00, 0x00, 0x00, 0x00, 0x00, 0x00, 0x00, 0xe7, 0x1c, 0x4e, 0x4a,
  0x57, 0x6f, 0x5c, 0x5b, 0x35, 0x36, 0x4b, 0x1d, 0x49, 0x21, 0x0e, 0x3a,
  0x2f, 0x3e, 0x0c, 0x3a, 0x2c, 0x3e, 0x6a, 0x29, 0xcb, 0x35, 0x47, 0x25,
  0xec, 0x39, 0xa9, 0x31, 0x4d, 0x46, 0x68, 0x29, 0x06, 0x1d, 0x2c, 0x46,
  0xa9, 0x31, 0x50, 0x46, 0xab, 0x45, 0xca, 0x61, 0xca, 0x61, 0xca, 0x65,
  0x0c, 0x66, 0x4c, 0x62, 0xeb, 0x55, 0xeb, 0x4d, 0xaa, 0x3d, 0x89, 0x3d,
  0xca, 0x39, 0x88, 0x2d, 0xaa, 0x31, 0x69, 0x29, 0x68, 0x29, 0xca, 0x35,
  0xca, 0x35, 0x48, 0x25, 0x69, 0x29, 0x69, 0x25, 0x4a, 0x25, 0x29, 0x21,
  0xe6, 0x18, 0xe7, 0x20, 0x48, 0x2d, 0xa9, 0x35, 0xea, 0x3d, 0x4d, 0x4a,
  0x8f, 0x52, 0x4f, 0x46, 0x6a, 0x29, 0x00, 0x00, 0x00, 0x00, 0x00, 0x00,
  0x00, 0x00, 0x00, 0x00, 0x00, 0x00, 0x00, 0x00, 0x00, 0x00, 0x00, 0x00,
  0x00, 0x00, 0x00, 0x00, 0x00, 0x00, 0x00, 0x00, 0x00, 0x00, 0x00, 0x00,
  0x00, 0x00, 0x00, 0x00, 0x00, 0x00, 0x00, 0x00, 0x00, 0x00, 0x00, 0x00,
  0x00, 0x00, 0x00, 0x00, 0x00, 0x00, 0x00, 0x00, 0x00, 0x00, 0x00, 0x00,
  0x00, 0x00, 0x00, 0x00, 0x00, 0x00, 0x00, 0x00, 0x00, 0x00, 0x00, 0x00,
  0x00, 0x00, 0x00, 0x00, 0x00, 0x00, 0x00, 0x00, 0x00, 0x00, 0x00, 0x00,
  0x00, 0x00, 0x00, 0x00, 0x00, 0x00, 0x00, 0x00, 0x00, 0x00, 0x00, 0x00,
  0x00, 0x00, 0x00, 0x00, 0x00, 0x00, 0x00, 0x00, 0x00, 0x00, 0x00, 0x00,
  0x00, 0x00, 0x00, 0x00, 0x00, 0x00, 0x00, 0x00, 0x00, 0x00, 0x00, 0x00,
  0x00, 0x00, 0x00, 0x00, 0x00, 0x00, 0x00, 0x00, 0x00, 0x00, 0x00, 0x00,
  0xe7, 0x1c, 0x6e, 0x4a, 0xbb, 0x7b, 0x3c, 0x57, 0x56, 0x36, 0x09, 0x19,
  0x69, 0x25, 0x0d, 0x36, 0x6e, 0x46, 0xcb, 0x35, 0xaa, 0x31, 0x69, 0x29,
  0x67, 0x2d, 0xab, 0x31, 0xcb, 0x31, 0xeb, 0x39, 0x47, 0x25, 0x48, 0x25,
  0x47, 0x25, 0x4d, 0x46, 0xab, 0x31, 0xee, 0x45, 0x49, 0x59, 0xa9, 0x69,
  0xc9, 0x71, 0xeb, 0x71, 0x0b, 0x6e, 0xa9, 0x69, 0xca, 0x61, 0xa9, 0x51,
  0xcb, 0x49, 0x89, 0x39, 0xca, 0x41, 0x0b, 0x3e, 0xca, 0x35, 0xcb, 0x35,
  0x47, 0x25, 0x27, 0x21, 0x68, 0x29, 0x68, 0x29, 0xeb, 0x35, 0x8a, 0x2d,
  0x68, 0x25, 0xaa, 0x2d, 0xab, 0x31, 0xe7, 0x18, 0xc6, 0x18, 0xe7, 0x1c,
  0x28, 0x21, 0x47, 0x25, 0xa9, 0x35, 0x8f, 0x52, 0x90, 0x4e, 0x0d, 0x3e,
  0x4a, 0x29, 0x00, 0x00, 0x00, 0x00, 0x00, 0x00, 0x00, 0x00, 0x00, 0x00,
  0x00, 0x00, 0x00, 0x00, 0x00, 0x00, 0x00, 0x00, 0x00, 0x00, 0x00, 0x00,
  0x00, 0x00, 0x00, 0x00, 0x00, 0x00, 0x00, 0x00, 0x00, 0x00, 0x00, 0x00,
  0x00, 0x00, 0x00, 0x00, 0x00, 0x00, 0x00, 0x00, 0x00, 0x00, 0x00, 0x00,
  0x00, 0x00, 0x00, 0x00, 0x00, 0x00, 0x00, 0x00, 0x00, 0x00, 0x00, 0x00,
  0x00, 0x00, 0x00, 0x00, 0x00, 0x00, 0x00, 0x00, 0x00, 0x00, 0x00, 0x00,
  0x00, 0x00, 0x00, 0x00, 0x00, 0x00, 0x00, 0x00, 0x00, 0x00, 0x00, 0x00,
  0x00, 0x00, 0x00, 0x00, 0x00, 0x00, 0x00, 0x00, 0x00, 0x00, 0x00, 0x00,
  0x00, 0x00, 0x00, 0x00, 0x00, 0x00, 0x00, 0x00, 0x00, 0x00, 0x00, 0x00,
  0x00, 0x00, 0x00, 0x00, 0x00, 0x00, 0x00, 0x00, 0x00, 0x00, 0x00, 0x00,
  0x00, 0x00, 0x00, 0x00, 0x07, 0x1d, 0xd1, 0x5a, 0xdd, 0x7b, 0x5c, 0x5b,
  0x77, 0x3a, 0x0a, 0x19, 0xcd, 0x31, 0x4e, 0x42, 0xc9, 0x35, 0xeb, 0x39,
  0x90, 0x4e, 0x67, 0x29, 0xee, 0x39, 0x8b, 0x29, 0xaa, 0x2d, 0x48, 0x25,
  0x69, 0x29, 0x89, 0x29, 0x06, 0x1d, 0xaa, 0x2d, 0x0e, 0x42, 0x48, 0x41,
  0x27, 0x55, 0x47, 0x5d, 0xa9, 0x69, 0x2b, 0x72, 0x8c, 0x7a, 0x6b, 0x7a,
  0x0b, 0x76, 0x89, 0x6d, 0x47, 0x55, 0xa9, 0x49, 0x2d, 0x56, 0xca, 0x3d,
  0x88, 0x2d, 0x49, 0x25, 0x27, 0x21, 0x0b, 0x3e, 0x49, 0x25, 0xcb, 0x35,
  0x68, 0x25, 0x48, 0x25, 0x8a, 0x2d, 0xed, 0x39, 0x27, 0x1d, 0x08, 0x1d,
  0xe7, 0x18, 0xe7, 0x18, 0xe8, 0x18, 0xe8, 0x18, 0xe7, 0x1c, 0x47, 0x29,
  0x2c, 0x46, 0xb0, 0x56, 0xec, 0x39, 0x29, 0x25, 0x00, 0x00, 0x00, 0x00,
  0x00, 0x00, 0x00, 0x00, 0x00, 0x00, 0x00, 0x00, 0x00, 0x00, 0x00, 0x00,
  0x00, 0x00, 0x00, 0x00, 0x00, 0x00, 0x00, 0x00, 0x00, 0x00, 0x00, 0x00,
  0x00, 0x00, 0x00, 0x00, 0x00, 0x00, 0x00, 0x00, 0x00, 0x00, 0x00, 0x00,
  0x00, 0x00, 0x00, 0x00, 0x00, 0x00, 0x00, 0x00, 0x00, 0x00, 0x00, 0x00,
  0x00, 0x00, 0x00, 0x00, 0x00, 0x00, 0x00, 0x00, 0x00, 0x00, 0x00, 0x00,
  0x00, 0x00, 0x00, 0x00, 0x00, 0x00, 0x00, 0x00, 0x00, 0x00, 0x00, 0x00,
  0x00, 0x00, 0x00, 0x00, 0x00, 0x00, 0x00, 0x00, 0x00, 0x00, 0x00, 0x00,
  0x00, 0x00, 0x00, 0x00, 0x00, 0x00, 0x00, 0x00, 0x00, 0x00, 0x00, 0x00,
  0x00, 0x00, 0x00, 0x00, 0x00, 0x00, 0x00, 0x00, 0x00, 0x00, 0x00, 0x00,
  0x00, 0x00, 0x00, 0x00, 0xef, 0x3d, 0x90, 0x52, 0x2e, 0x42, 0x6e, 0x4a,
  0xdd, 0x7b, 0x7d, 0x67, 0x98, 0x3e, 0xd1, 0x29, 0x8c, 0x25, 0xec, 0x31,
  0x2c, 0x46, 0x8f, 0x4e, 0xeb, 0x35, 0xed, 0x35, 0x49, 0x21, 0x8a, 0x29,
  0x48, 0x25, 0x49, 0x25, 0x68, 0x29, 0x68, 0x29, 0x69, 0x29, 0x8b, 0x29,
  0xac, 0x45, 0x69, 0x5d, 0xaa, 0x65, 0x89, 0x69, 0x89, 0x65, 0x48, 0x61,
  0x88, 0x69, 0xc9, 0x69, 0x0b, 0x72, 0x2c, 0x72, 0x0c, 0x6a, 0x89, 0x59,
  0x88, 0x45, 0xeb, 0x3d, 0x2d, 0x42, 0x67, 0x29, 0x48, 0x25, 0xac, 0x31,
  0x68, 0x29, 0x68, 0x29, 0x8a, 0x2d, 0x8a, 0x2d, 0x8a, 0x2d, 0x07, 0x1d,
  0x28, 0x1d, 0x49, 0x21, 0x69, 0x29, 0xe7, 0x18, 0xc6, 0x14, 0x08, 0x19,
  0x07, 0x19, 0xe7, 0x18, 0x07, 0x1d, 0xeb, 0x39, 0x8e, 0x52, 0x2e, 0x46,
  0xc6, 0x18, 0x00, 0x00, 0x00, 0x00, 0x00, 0x00, 0x00, 0x00, 0x00, 0x00,
  0x00, 0x00, 0x00, 0x00, 0x00, 0x00, 0x00, 0x00, 0x00, 0x00, 0x00, 0x00,
  0x00, 0x00, 0x00, 0x00, 0x00, 0x00, 0x00, 0x00, 0x00, 0x00, 0x00, 0x00,
  0x00, 0x00, 0x00, 0x00, 0x00, 0x00, 0x00, 0x00, 0x00, 0x00, 0x00, 0x00,
  0x00, 0x00, 0x00, 0x00, 0x00, 0x00, 0x00, 0x00, 0x00, 0x00, 0x00, 0x00,
  0x00, 0x00, 0x00, 0x00, 0x00, 0x00, 0x00, 0x00, 0x00, 0x00, 0x00, 0x00,
  0x00, 0x00, 0x00, 0x00, 0x00, 0x00, 0x00, 0x00, 0x00, 0x00, 0x00, 0x00,
  0x00, 0x00, 0x00, 0x00, 0x00, 0x00, 0x00, 0x00, 0x00, 0x00, 0x00, 0x00,
  0x00, 0x00, 0x00, 0x00, 0x00, 0x00, 0x00, 0x00, 0x00, 0x00, 0x00, 0x00,
  0x00, 0x00, 0x00, 0x00, 0x00, 0x00, 0x00, 0x00, 0x0d, 0x42, 0xd1, 0x5a,
  0x4d, 0x46, 0xb0, 0x52, 0xdd, 0x7b, 0x7c, 0x6b, 0xd9, 0x46, 0x34, 0x36,
  0xd2, 0x29, 0xcc, 0x31, 0xb1, 0x52, 0x8a, 0x29, 0x08, 0x19, 0xce, 0x2d,
  0x49, 0x25, 0x49, 0x25, 0xab, 0x2d, 0x27, 0x1d, 0x68, 0x25, 0x48, 0x25,
  0xcb, 0x35, 0xcd, 0x39, 0x48, 0x45, 0x27, 0x51, 0x48, 0x5d, 0x88, 0x69,
  0xc9, 0x6d, 0xca, 0x71, 0xa9, 0x6d, 0x89, 0x69, 0x89, 0x69, 0xa9, 0x69,
  0x2c, 0x6e, 0x8e, 0x72, 0x6e, 0x6e, 0x48, 0x3d, 0x8a, 0x35, 0xcb, 0x35,
  0xa9, 0x31, 0xaa, 0x2d, 0x89, 0x2d, 0xec, 0x39, 0xab, 0x31, 0x89, 0x2d,
  0x69, 0x29, 0x27, 0x21, 0xcc, 0x35, 0x48, 0x21, 0x6a, 0x29, 0x28, 0x1d,
  0xe7, 0x14, 0x08, 0x19, 0x08, 0x1d, 0x4b, 0x25, 0x29, 0x21, 0x6a, 0x25,
  0x2c, 0x42, 0x4f, 0x46, 0xe7, 0x1c, 0x00, 0x00, 0x00, 0x00, 0x00, 0x00,
  0x00, 0x00, 0x00, 0x00, 0x00, 0x00, 0x00, 0x00, 0x00, 0x00, 0x00, 0x00,
  0x00, 0x00, 0x00, 0x00, 0x00, 0x00, 0x00, 0x00, 0x00, 0x00, 0x00, 0x00,
  0x00, 0x00, 0x00, 0x00, 0x00, 0x00, 0x00, 0x00, 0x00, 0x00, 0x00, 0x00,
  0x00, 0x00, 0x00, 0x00, 0x00, 0x00, 0x00, 0x00, 0x00, 0x00, 0x00, 0x00,
  0x00, 0x00, 0x00, 0x00, 0x00, 0x00, 0x00, 0x00, 0x00, 0x00, 0x00, 0x00,
  0x00, 0x00, 0x00, 0x00, 0x00, 0x00, 0x00, 0x00, 0x00, 0x00, 0x00, 0x00,
  0x00, 0x00, 0x00, 0x00, 0x00, 0x00, 0x00, 0x00, 0x00, 0x00, 0x00, 0x00,
  0x00, 0x00, 0x00, 0x00, 0x00, 0x00, 0x00, 0x00, 0x00, 0x00, 0x00, 0x00,
  0x00, 0x00, 0x00, 0x00, 0x00, 0x00, 0x00, 0x00, 0x00, 0x00, 0x4a, 0x29,
  0x13, 0x63, 0x2c, 0x42, 0x2c, 0x46, 0x8f, 0x52, 0xfe, 0x7b, 0x5b, 0x67,
  0x3a, 0x5f, 0x8e, 0x25, 0x8e, 0x21, 0x4f, 0x4a, 0xef, 0x39, 0xe7, 0x18,
  0x29, 0x1d, 0x8b, 0x25, 0xe6, 0x14, 0x6a, 0x25, 0x69, 0x25, 0x48, 0x25,
  0x89, 0x2d, 0x89, 0x2d, 0x8b, 0x2d, 0x4a, 0x35, 0x28, 0x4d, 0x28, 0x51,
  0x28, 0x59, 0x48, 0x5d, 0x47, 0x5d, 0x89, 0x69, 0xea, 0x71, 0x2b, 0x7a,
  0x2b, 0x7a, 0xea, 0x75, 0xa9, 0x75, 0x89, 0x71, 0x89, 0x69, 0xca, 0x5d,
  0x68, 0x3d, 0xa9, 0x35, 0xaa, 0x31, 0xaa, 0x2d, 0xeb, 0x35, 0x48, 0x25,
  0x48, 0x21, 0xab, 0x31, 0x48, 0x25, 0x27, 0x21, 0x69, 0x29, 0x48, 0x21,
  0x48, 0x21, 0x27, 0x21, 0x48, 0x25, 0xc6, 0x14, 0xc7, 0x10, 0x4a, 0x21,
  0x6b, 0x25, 0x29, 0x21, 0x28, 0x21, 0xac, 0x31, 0x00, 0x00, 0x00, 0x00,
  0x00, 0x00, 0x00, 0x00, 0x00, 0x00, 0x00, 0x00, 0x00, 0x00, 0x00, 0x00,
  0x00, 0x00, 0x00, 0x00, 0x00, 0x00, 0x00, 0x00, 0x00, 0x00, 0x00, 0x00,
  0x00, 0x00, 0x00, 0x00, 0x00, 0x00, 0x00, 0x00, 0x00, 0x00, 0x00, 0x00,
  0x00, 0x00, 0x00, 0x00, 0x00, 0x00, 0x00, 0x00, 0x00, 0x00, 0x00, 0x00,
  0x00, 0x00, 0x00, 0x00, 0x00, 0x00, 0x00, 0x00, 0x00, 0x00, 0x00, 0x00,
  0x00, 0x00, 0x00, 0x00, 0x00, 0x00, 0x00, 0x00, 0x00, 0x00, 0x00, 0x00,
  0x00, 0x00, 0x00, 0x00, 0x00, 0x00, 0x00, 0x00, 0x00, 0x00, 0x00, 0x00,
  0x00, 0x00, 0x00, 0x00, 0x00, 0x00, 0x00, 0x00, 0x00, 0x00, 0x00, 0x00,
  0x00, 0x00, 0x00, 0x00, 0x00, 0x00, 0x00, 0x00, 0x00, 0x00, 0x00, 0x00,
  0x00, 0x00, 0x2e, 0x3e, 0x76, 0x73, 0x8f, 0x4e, 0x0b, 0x3e, 0xf2, 0x5e,
  0x9a, 0x77, 0x19, 0x5b, 0x52, 0x42, 0x8c, 0x25, 0x4a, 0x1d, 0xb0, 0x52,
  0xad, 0x2d, 0xe7, 0x18, 0x8b, 0x25, 0x4a, 0x1d, 0xa5, 0x10, 0x07, 0x1d,
  0x69, 0x25, 0x69, 0x29, 0x48, 0x25, 0x4e, 0x42, 0xad, 0x29, 0x8c, 0x3d,
  0x69, 0x51, 0x48, 0x5d, 0x48, 0x65, 0x48, 0x65, 0x48, 0x65, 0x48, 0x61,
  0x48, 0x61, 0x48, 0x65, 0x89, 0x6d, 0xca, 0x75, 0x2b, 0x7a, 0x4b, 0x7a,
  0x4b, 0x7a, 0xea, 0x75, 0xa9, 0x59, 0x47, 0x35, 0x89, 0x2d, 0x89, 0x2d,
  0x0c, 0x42, 0x68, 0x29, 0x69, 0x25, 0x68, 0x25, 0xab, 0x31, 0x49, 0x25,
  0x06, 0x1d, 0x28, 0x1d, 0x28, 0x21, 0xcc, 0x35, 0xab, 0x31, 0x28, 0x1d,
  0xc7, 0x14, 0x29, 0x1d, 0x8c, 0x2d, 0x00, 0x00, 0x00, 0x00, 0x00, 0x00,
  0x00, 0x00, 0x00, 0x00, 0x00, 0x00, 0x00, 0x00, 0x00, 0x00, 0x00, 0x00,
  0x00, 0x00, 0x00, 0x00, 0x00, 0x00, 0x00, 0x00, 0x00, 0x00, 0x00, 0x00,
  0x00, 0x00, 0x00, 0x00, 0x00, 0x00, 0x00, 0x00, 0x00, 0x00, 0x00, 0x00,
  0x00, 0x00, 0x00, 0x00, 0x00, 0x00, 0x00, 0x00, 0x00, 0x00, 0x00, 0x00,
  0x00, 0x00, 0x00, 0x00, 0x00, 0x00, 0x00, 0x00, 0x00, 0x00, 0x00, 0x00,
  0x00, 0x00, 0x00, 0x00, 0x00, 0x00, 0x00, 0x00, 0x00, 0x00, 0x00, 0x00,
  0x00, 0x00, 0x00, 0x00, 0x00, 0x00, 0x00, 0x00, 0x00, 0x00, 0x00, 0x00,
  0x00, 0x00, 0x00, 0x00, 0x00, 0x00, 0x00, 0x00, 0x00, 0x00, 0x84, 0x10,
  0xe7, 0x1c, 0xa5, 0x14, 0xef, 0x3d, 0x00, 0x00, 0x00, 0x00, 0x00, 0x00,
  0x00, 0x00, 0x00, 0x00, 0x00, 0x00, 0x91, 0x52, 0x13, 0x67, 0x0c, 0x3e,
  0x2b, 0x42, 0x97, 0x77, 0xaf, 0x52, 0x0e, 0x3a, 0xab, 0x2d, 0x8c, 0x25,
  0x27, 0x1d, 0xab, 0x31, 0x28, 0x1d, 0x49, 0x21, 0x6b, 0x21, 0xc6, 0x18,
  0xa4, 0x10, 0x07, 0x19, 0x69, 0x25, 0x8a, 0x29, 0x69, 0x29, 0xec, 0x31,
  0x28, 0x21, 0x07, 0x21, 0xab, 0x4d, 0x49, 0x55, 0x27, 0x5d, 0x69, 0x65,
  0x69, 0x69, 0x69, 0x69, 0x69, 0x6d, 0x89, 0x71, 0x89, 0x6d, 0x68, 0x69,
  0x68, 0x6d, 0xcb, 0x6d, 0x0c, 0x6a, 0x0d, 0x66, 0x4d, 0x62, 0x2d, 0x62,
  0x69, 0x41, 0x49, 0x35, 0xaa, 0x35, 0x0c, 0x3e, 0xcb, 0x35, 0xaa, 0x31,
  0xab, 0x31, 0x6a, 0x25, 0x07, 0x1d, 0x49, 0x25, 0x27, 0x21, 0x69, 0x29,
  0x28, 0x21, 0x4a, 0x1d, 0xe7, 0x14, 0xe7, 0x14, 0x28, 0x1d, 0x8a, 0x2d,
  0x29, 0x25, 0x00, 0x00, 0x00, 0x00, 0x00, 0x00, 0x00, 0x00, 0x00, 0x00,
  0x00, 0x00, 0x00, 0x00, 0x00, 0x00, 0x00, 0x00, 0x00, 0x00, 0x00, 0x00,
  0x00, 0x00, 0x00, 0x00, 0x00, 0x00, 0x00, 0x00, 0x00, 0x00, 0x00, 0x00,
  0x00, 0x00, 0x00, 0x00, 0x00, 0x00, 0x00, 0x00, 0x00, 0x00, 0x00, 0x00,
  0x00, 0x00, 0x00, 0x00, 0x00, 0x00, 0x00, 0x00, 0x00, 0x00, 0x00, 0x00,
  0x00, 0x00, 0x00, 0x00, 0x00, 0x00, 0x00, 0x00, 0x00, 0x00, 0x00, 0x00,
  0x00, 0x00, 0x00, 0x00, 0x00, 0x00, 0x00, 0x00, 0x00, 0x00, 0x00, 0x00,
  0x00, 0x00, 0x00, 0x00, 0x00, 0x00, 0x00, 0x00, 0x00, 0x00, 0xc6, 0x10,
  0x09, 0x1d, 0x2a, 0x1d, 0x08, 0x19, 0xc7, 0x10, 0xc7, 0x10, 0xc6, 0x10,
  0xc6, 0x10, 0xe7, 0x14, 0x00, 0x00, 0x00, 0x00, 0x00, 0x00, 0xcc, 0x39,
  0xb1, 0x52, 0x2c, 0x46, 0xea, 0x3d, 0x90, 0x52, 0x0b, 0x3e, 0xca, 0x35,
  0xcb, 0x35, 0x49, 0x21, 0xab, 0x31, 0x49, 0x25, 0x28, 0x1d, 0xac, 0x2d,
  0xe7, 0x18, 0xc6, 0x18, 0xa5, 0x10, 0xe7, 0x18, 0x8a, 0x29, 0x26, 0x21,
  0x0e, 0x3e, 0xac, 0x31, 0x00, 0x00, 0x00, 0x00, 0x8c, 0x41, 0x8b, 0x51,
  0x48, 0x59, 0x27, 0x61, 0x27, 0x5d, 0x48, 0x61, 0x89, 0x65, 0x89, 0x69,
  0xca, 0x71, 0x0b, 0x76, 0x4e, 0x62, 0x0f, 0x42, 0x8e, 0x25, 0xf3, 0x2d,
  0x92, 0x62, 0x2e, 0x72, 0x90, 0x7e, 0x4e, 0x6a, 0x91, 0x56, 0xf0, 0x35,
  0x10, 0x3a, 0xcc, 0x35, 0x69, 0x29, 0x07, 0x1d, 0x49, 0x25, 0x48, 0x21,
  0x27, 0x21, 0xaa, 0x31, 0x48, 0x25, 0x28, 0x1d, 0xc5, 0x14, 0xc5, 0x14,
  0xc5, 0x14, 0xab, 0x2d, 0xed, 0x39, 0xac, 0x31, 0x00, 0x00, 0x00, 0x00,
  0x00, 0x00, 0x00, 0x00, 0x00, 0x00, 0x00, 0x00, 0x00, 0x00, 0x00, 0x00,
  0x00, 0x00, 0x00, 0x00, 0x00, 0x00, 0x00, 0x00, 0x00, 0x00, 0x00, 0x00,
  0x00, 0x00, 0x00, 0x00, 0x00, 0x00, 0x00, 0x00, 0x00, 0x00, 0x00, 0x00,
  0x00, 0x00, 0x00, 0x00, 0x00, 0x00, 0x00, 0x00, 0x00, 0x00, 0x00, 0x00,
  0x00, 0x00, 0x00, 0x00, 0x00, 0x00, 0x00, 0x00, 0x00, 0x00, 0x00, 0x00,
  0x00, 0x00, 0x00, 0x00, 0x00, 0x00, 0x00, 0x00, 0x00, 0x00, 0x00, 0x00,
  0x00, 0x00, 0x00, 0x00, 0x00, 0x00, 0x00, 0x00, 0x00, 0x00, 0x00, 0x00,
  0xe8, 0x18, 0x0a, 0x19, 0xe8, 0x10, 0xc7, 0x10, 0x0f, 0x3e, 0x08, 0x1d,
  0x2b, 0x19, 0x2c, 0x19, 0x09, 0x15, 0x29, 0x1d, 0xa5, 0x10, 0xa5, 0x14,
  0x00, 0x00, 0x00, 0x00, 0x8a, 0x2d, 0xea, 0x39, 0x8f, 0x52, 0xb0, 0x52,
  0x4e, 0x4a, 0x0c, 0x42, 0x8f, 0x4e, 0x27, 0x21, 0x47, 0x25, 0x69, 0x25,
  0x8a, 0x2d, 0x69, 0x25, 0xc6, 0x20, 0xa5, 0x14, 0xc5, 0x14, 0x28, 0x1d,
  0x68, 0x25, 0x70, 0x4a, 0x0d, 0x3a, 0x06, 0x21, 0x00, 0x00, 0x00, 0x00,
  0xe7, 0x1c, 0xad, 0x41, 0x6a, 0x49, 0x49, 0x51, 0x28, 0x55, 0x27, 0x59,
  0x28, 0x5d, 0x26, 0x55, 0x48, 0x51, 0x8d, 0x41, 0x90, 0x21, 0x0a, 0x15,
  0x6f, 0x1d, 0x17, 0x26, 0xb3, 0x66, 0xcc, 0x75, 0xed, 0x7d, 0xeb, 0x71,
  0x30, 0x52, 0xe8, 0x14, 0xe9, 0x10, 0xaf, 0x29, 0x4b, 0x25, 0x27, 0x21,
  0x06, 0x1d, 0x27, 0x21, 0x06, 0x1d, 0xe5, 0x18, 0x89, 0x29, 0x68, 0x29,
  0xe7, 0x18, 0xe6, 0x18, 0xc6, 0x14, 0xa5, 0x10, 0x06, 0x1d, 0xaa, 0x31,
  0x8b, 0x2d, 0x4a, 0x29, 0x00, 0x00, 0x00, 0x00, 0x00, 0x00, 0x00, 0x00,
  0x00, 0x00, 0x00, 0x00, 0x00, 0x00, 0x00, 0x00, 0x00, 0x00, 0x00, 0x00,
  0x00, 0x00, 0x00, 0x00, 0x00, 0x00, 0x00, 0x00, 0x00, 0x00, 0x00, 0x00,
  0x00, 0x00, 0x00, 0x00, 0x00, 0x00, 0x00, 0x00, 0x00, 0x00, 0x00, 0x00,
  0x00, 0x00, 0x00, 0x00, 0x00, 0x00, 0x00, 0x00, 0x00, 0x00, 0x00, 0x00,
  0x00, 0x00, 0x00, 0x00, 0x00, 0x00, 0x00, 0x00, 0x00, 0x00, 0x00, 0x00,
  0x00, 0x00, 0x00, 0x00, 0x00, 0x00, 0x00, 0x00, 0x00, 0x00, 0x00, 0x00,
  0x00, 0x00, 0xe8, 0x14, 0xd0, 0x31, 0x2c, 0x19, 0x0a, 0x15, 0x09, 0x15,
  0xae, 0x2d, 0x2a, 0x1d, 0x2b, 0x19, 0x2b, 0x15, 0xe9, 0x14, 0x09, 0x1d,
  0x4a, 0x25, 0xc6, 0x14, 0x00, 0x00, 0x00, 0x00, 0x28, 0x21, 0x2d, 0x46,
  0x0b, 0x3e, 0x8f, 0x52, 0x2c, 0x42, 0xca, 0x39, 0x8e, 0x4e, 0x89, 0x2d,
  0xec, 0x39, 0xed, 0x35, 0xcc, 0x39, 0xe6, 0x28, 0xe6, 0x2c, 0xc5, 0x14,
  0xc5, 0x10, 0x6a, 0x21, 0x26, 0x21, 0x4f, 0x46, 0x8a, 0x2d, 0x00, 0x00,
  0x00, 0x00, 0x00, 0x00, 0x00, 0x00, 0x07, 0x25, 0x6a, 0x45, 0x28, 0x51,
  0x48, 0x55, 0x49, 0x59, 0x48, 0x5d, 0x68, 0x5d, 0xed, 0x4d, 0xd2, 0x25,
  0x09, 0x19, 0x2c, 0x19, 0xb2, 0x21, 0xf7, 0x21, 0x70, 0x66, 0x8a, 0x71,
  0x8a, 0x75, 0x0c, 0x72, 0x0d, 0x4e, 0xc6, 0x14, 0xe7, 0x14, 0xc7, 0x10,
  0x6b, 0x21, 0x08, 0x1d, 0x27, 0x21, 0x28, 0x25, 0x29, 0x21, 0x27, 0x1d,
  0x48, 0x25, 0x69, 0x29, 0x47, 0x25, 0x2e, 0x42, 0x8a, 0x2d, 0xe7, 0x18,
  0xc6, 0x14, 0xe6, 0x18, 0x69, 0x29, 0xed, 0x39, 0x4a, 0x1d, 0x00, 0x00,
  0x00, 0x00, 0x00, 0x00, 0x00, 0x00, 0x00, 0x00, 0x00, 0x00, 0x00, 0x00,
  0x00, 0x00, 0x00, 0x00, 0x00, 0x00, 0x00, 0x00, 0x00, 0x00, 0x00, 0x00,
  0x00, 0x00, 0x00, 0x00, 0x00, 0x00, 0x00, 0x00, 0x00, 0x00, 0x00, 0x00,
  0x00, 0x00, 0x00, 0x00, 0x00, 0x00, 0x00, 0x00, 0x00, 0x00, 0x00, 0x00,
  0x00, 0x00, 0x00, 0x00, 0x00, 0x00, 0x00, 0x00, 0x00, 0x00, 0x00, 0x00,
  0x00, 0x00, 0x00, 0x00, 0x00, 0x00, 0x00, 0x00, 0x00, 0x00, 0x00, 0x00,
  0x00, 0x00, 0x00, 0x00, 0xe7, 0x1c, 0x2b, 0x19, 0x90, 0x21, 0x2c, 0x19,
  0xe9, 0x10, 0x0a, 0x15, 0x2c, 0x1d, 0x8d, 0x29, 0x0a, 0x15, 0x4d, 0x19,
  0xe9, 0x14, 0x0a, 0x19, 0x8e, 0x25, 0xe8, 0x14, 0x63, 0x0c, 0x00, 0x00,
  0x00, 0x00, 0x2d, 0x46, 0x6d, 0x4e, 0x6e, 0x4e, 0x4e, 0x46, 0xeb, 0x39,
  0x2d, 0x46, 0xaa, 0x31, 0x4e, 0x4a, 0xed, 0x31, 0xe5, 0x20, 0x48, 0x4d,
  0xe6, 0x34, 0xc5, 0x14, 0xc6, 0x10, 0xaa, 0x31, 0xeb, 0x39, 0xcc, 0x31,
  0x4a, 0x29, 0x00, 0x00, 0x00, 0x00, 0x00, 0x00, 0x00, 0x00, 0xe0, 0x3d,
  0x29, 0x2d, 0x49, 0x45, 0x28, 0x4d, 0x27, 0x59, 0x69, 0x65, 0x89, 0x59,
  0xd0, 0x31, 0x2c, 0x19, 0x0a, 0x19, 0x4e, 0x19, 0x92, 0x19, 0xd4, 0x21,
  0x2f, 0x66, 0x28, 0x71, 0x49, 0x75, 0xec, 0x75, 0xaa, 0x4d, 0xc7, 0x14,
  0x8e, 0x25, 0x2b, 0x19, 0x09, 0x19, 0x6c, 0x29, 0x08, 0x21, 0xc6, 0x18,
  0x07, 0x1d, 0x07, 0x1d, 0x69, 0x29, 0x69, 0x25, 0x69, 0x25, 0x28, 0x21,
  0x4a, 0x25, 0xc7, 0x14, 0xc6, 0x14, 0xc6, 0x14, 0xc5, 0x18, 0xaa, 0x31,
  0x4f, 0x46, 0x68, 0x29, 0x00, 0x00, 0x00, 0x00, 0x00, 0x00, 0x00, 0x00,
  0x00, 0x00, 0x00, 0x00, 0x00, 0x00, 0x00, 0x00, 0x00, 0x00, 0x00, 0x00,
  0x00, 0x00, 0x00, 0x00, 0x00, 0x00, 0x00, 0x00, 0x00, 0x00, 0x00, 0x00,
  0x00, 0x00, 0x00, 0x00, 0x00, 0x00, 0x00, 0x00, 0x00, 0x00, 0x00, 0x00,
  0x00, 0x00, 0x00, 0x00, 0x00, 0x00, 0x00, 0x00, 0x00, 0x00, 0x00, 0x00,
  0x00, 0x00, 0x00, 0x00, 0x00, 0x00, 0x00, 0x00, 0x00, 0x00, 0x00, 0x00,
  0x00, 0x00, 0x00, 0x00, 0x00, 0x00, 0x00, 0x00, 0xe9, 0x18, 0x4d, 0x1d,
  0x8f, 0x21, 0x0a, 0x15, 0xe8, 0x14, 0xe8, 0x14, 0x09, 0x15, 0x4b, 0x21,
  0x0a, 0x15, 0x2c, 0x19, 0x09, 0x19, 0x08, 0x19, 0x8c, 0x29, 0x6a, 0x25,
  0x07, 0x1d, 0x00, 0x00, 0x00, 0x00, 0xb1, 0x56, 0x91, 0x52, 0xaf, 0x52,
  0xeb, 0x39, 0x4d, 0x42, 0xa9, 0x31, 0xed, 0x35, 0x0d, 0x3e, 0xce, 0x39,
  0xc5, 0x28, 0xab, 0x65, 0x07, 0x31, 0xa5, 0x10, 0xc6, 0x14, 0xaa, 0x31,
  0xec, 0x35, 0x28, 0x21, 0x00, 0x00, 0x00, 0x00, 0x00, 0x00, 0x00, 0x00,
  0x00, 0x00, 0x00, 0x00, 0x00, 0x00, 0xe6, 0x24, 0x49, 0x45, 0x06, 0x51,
  0x27, 0x55, 0x6a, 0x41, 0x8f, 0x21, 0xe9, 0x14, 0xe9, 0x14, 0x4d, 0x19,
  0x92, 0x19, 0xb3, 0x21, 0xee, 0x65, 0x28, 0x6d, 0x28, 0x6d, 0x8a, 0x71,
  0x69, 0x4d, 0x0a, 0x19, 0x12, 0x36, 0xaf, 0x29, 0x09, 0x15, 0xf0, 0x31,
  0x08, 0x1d, 0x28, 0x21, 0xe6, 0x18, 0xe7, 0x18, 0x06, 0x1d, 0x8b, 0x2d,
  0x8a, 0x2d, 0x69, 0x29, 0x28, 0x21, 0x07, 0x19, 0xc5, 0x14, 0xc6, 0x14,
  0x08, 0x19, 0x07, 0x1d, 0xaa, 0x31, 0x2e, 0x42, 0x00, 0x00, 0x00, 0x00,
  0x00, 0x00, 0x00, 0x00, 0x00, 0x00, 0x00, 0x00, 0x00, 0x00, 0x00, 0x00,
  0x00, 0x00, 0x00, 0x00, 0x00, 0x00, 0x00, 0x00, 0x00, 0x00, 0x00, 0x00,
  0x00, 0x00, 0x00, 0x00, 0x00, 0x00, 0x00, 0x00, 0x00, 0x00, 0x00, 0x00,
  0x00, 0x00, 0x00, 0x00, 0x00, 0x00, 0x00, 0x00, 0x00, 0x00, 0x00, 0x00,
  0x00, 0x00, 0x00, 0x00, 0x00, 0x00, 0x00, 0x00, 0x00, 0x00, 0x00, 0x00,
  0x00, 0x00, 0x00, 0x00, 0x00, 0x00, 0x00, 0x00, 0x00, 0x00, 0x00, 0x00,
  0xe9, 0x14, 0x2b, 0x1d, 0x0a, 0x19, 0x29, 0x19, 0x4a, 0x21, 0x4a, 0x21,
  0x6a, 0x21, 0x6a, 0x25, 0xed, 0x39, 0x4e, 0x42, 0x2e, 0x42, 0x6e, 0x4a,
  0x2d, 0x42, 0x48, 0x25, 0xe6, 0x18, 0xc6, 0x18, 0x00, 0x00, 0x15, 0x63,
  0x0e, 0x42, 0x8e, 0x52, 0x0c, 0x3e, 0xcb, 0x31, 0x0d, 0x3a, 0x26, 0x25,
  0xb1, 0x56, 0x94, 0x52, 0x27, 0x35, 0xab, 0x69, 0xe7, 0x28, 0xc5, 0x14,
  0xa5, 0x10, 0xaa, 0x35, 0xed, 0x39, 0xc6, 0x18, 0x00, 0x00, 0x00, 0x00,
  0x00, 0x00, 0x00, 0x00, 0x00, 0x00, 0x00, 0x00, 0x00, 0x00, 0x00, 0x00,
  0x28, 0x35, 0x48, 0x4d, 0x27, 0x49, 0x6b, 0x35, 0x2c, 0x15, 0xe9, 0x14,
  0x0b, 0x15, 0x6f, 0x19, 0xb5, 0x1d, 0xb4, 0x21, 0x8b, 0x65, 0x28, 0x6d,
  0x28, 0x6d, 0x8a, 0x71, 0x49, 0x49, 0x4c, 0x1d, 0x33, 0x3a, 0xd0, 0x2d,
  0xe9, 0x10, 0xb0, 0x29, 0xe7, 0x18, 0xe6, 0x18, 0xc6, 0x14, 0xc6, 0x14,
  0x28, 0x21, 0x49, 0x25, 0x27, 0x1d, 0x48, 0x25, 0x48, 0x25, 0xe5, 0x18,
  0xc6, 0x14, 0xc7, 0x14, 0x09, 0x1d, 0x6b, 0x25, 0x69, 0x29, 0x0e, 0x3a,
  0x00, 0x00, 0x00, 0x00, 0x00, 0x00, 0x00, 0x00, 0x00, 0x00, 0x00, 0x00,
  0x00, 0x00, 0x00, 0x00, 0x00, 0x00, 0x00, 0x00, 0x00, 0x00, 0x00, 0x00,
  0x00, 0x00, 0x00, 0x00, 0x00, 0x00, 0x00, 0x00, 0x00, 0x00, 0x00, 0x00,
  0x00, 0x00, 0x00, 0x00, 0x00, 0x00, 0x00, 0x00, 0x00, 0x00, 0x00, 0x00,
  0x00, 0x00, 0x00, 0x00, 0x00, 0x00, 0x00, 0x00, 0x00, 0x00, 0x00, 0x00,
  0x00, 0x00, 0x00, 0x00, 0x00, 0x00, 0x00, 0x00, 0x00, 0x00, 0x00, 0x00,
  0x00, 0x00, 0x00, 0x00, 0x2a, 0x21, 0xe7, 0x14, 0x6b, 0x21, 0x8c, 0x25,
  0x6b, 0x21, 0x8b, 0x21, 0xad, 0x25, 0xcd, 0x2d, 0xf4, 0x5a, 0xb0, 0x4e,
  0x4e, 0x3e, 0x4d, 0x42, 0x2c, 0x42, 0x4a, 0x21, 0xe8, 0x18, 0xe8, 0x18,
  0x00, 0x00, 0x51, 0x4a, 0xce, 0x39, 0xaa, 0x35, 0x69, 0x29, 0xe7, 0x1c,
  0xc6, 0x18, 0x00, 0x00, 0x6f, 0x4e, 0xcc, 0x35, 0x48, 0x3d, 0xab, 0x69,
  0xe7, 0x2c, 0xc5, 0x14, 0x06, 0x19, 0xeb, 0x35, 0x0e, 0x3e, 0x00, 0x00,
  0x00, 0x00, 0x00, 0x00, 0x00, 0x00, 0x00, 0x00, 0x00, 0x00, 0x00, 0x00,
  0x00, 0x00, 0x00, 0x00, 0x07, 0x29, 0x49, 0x3d, 0x49, 0x4d, 0x8d, 0x39,
  0x2c, 0x15, 0xe9, 0x10, 0x0b, 0x15, 0x91, 0x1d, 0xd6, 0x1d, 0xd5, 0x21,
  0x8a, 0x65, 0x28, 0x6d, 0x28, 0x6d, 0x69, 0x69, 0x6a, 0x45, 0x6e, 0x21,
  0xb7, 0x4a, 0xd1, 0x2d, 0x0b, 0x15, 0x6d, 0x21, 0xe7, 0x18, 0xe7, 0x1c,
  0xc6, 0x14, 0xc6, 0x14, 0x07, 0x1d, 0x48, 0x21, 0x6a, 0x29, 0x49, 0x25,
  0x28, 0x21, 0x8a, 0x2d, 0x4e, 0x46, 0x49, 0x25, 0x29, 0x1d, 0x29, 0x25,
  0xac, 0x35, 0xef, 0x35, 0x00, 0x00, 0x00, 0x00, 0x00, 0x00, 0x00, 0x00,
  0x00, 0x00, 0x00, 0x00, 0x00, 0x00, 0x00, 0x00, 0x00, 0x00, 0x00, 0x00,
  0x00, 0x00, 0x00, 0x00, 0x00, 0x00, 0x00, 0x00, 0x00, 0x00, 0x00, 0x00,
  0x00, 0x00, 0x00, 0x00, 0x00, 0x00, 0x00, 0x00, 0x00, 0x00, 0x00, 0x00,
  0x00, 0x00, 0x00, 0x00, 0x00, 0x00, 0x00, 0x00, 0x00, 0x00, 0x00, 0x00,
  0x00, 0x00, 0x00, 0x00, 0x00, 0x00, 0x00, 0x00, 0x00, 0x00, 0x00, 0x00,
  0x00, 0x00, 0x00, 0x00, 0x00, 0x00, 0x00, 0x00, 0x6e, 0x25, 0xc8, 0x0c,
  0xc8, 0x10, 0xad, 0x25, 0x8c, 0x25, 0x6b, 0x21, 0xac, 0x25, 0xcd, 0x2d,
  0xb1, 0x4e, 0x50, 0x42, 0x2e, 0x3a, 0xec, 0x39, 0x0c, 0x5a, 0xe7, 0x1c,
  0x6b, 0x29, 0x49, 0x21, 0x00, 0x00, 0xc6, 0x18, 0xe7, 0x1c, 0x00, 0x00,
  0x00, 0x00, 0x00, 0x00, 0x4a, 0x29, 0x51, 0x56, 0x6b, 0x31, 0x6b, 0x29,
  0x47, 0x41, 0xab, 0x59, 0xc5, 0x24, 0xc5, 0x14, 0x69, 0x29, 0xed, 0x39,
  0x0f, 0x3a, 0x00, 0x00, 0x00, 0x00, 0x00, 0x00, 0x00, 0x00, 0x00, 0x00,
  0x00, 0x00, 0x00, 0x00, 0x00, 0x00, 0x00, 0x00, 0x00, 0x00, 0x28, 0x2d,
  0x69, 0x4d, 0x6c, 0x35, 0x2c, 0x19, 0xe8, 0x10, 0x0b, 0x15, 0x92, 0x1d,
  0xd6, 0x1d, 0xd4, 0x21, 0x8a, 0x61, 0x28, 0x65, 0x28, 0x69, 0x49, 0x6d,
  0x8c, 0x4d, 0x8f, 0x21, 0xd2, 0x25, 0xf3, 0x29, 0x2d, 0x15, 0x4c, 0x1d,
  0x08, 0x19, 0xe7, 0x18, 0xe6, 0x18, 0xe6, 0x18, 0xe7, 0x18, 0x08, 0x1d,
  0x49, 0x25, 0x07, 0x1d, 0x28, 0x21, 0x27, 0x21, 0x6a, 0x29, 0x29, 0x21,
  0x4a, 0x29, 0x00, 0x00, 0x00, 0x00, 0x00, 0x00, 0x00, 0x00, 0x00, 0x00,
  0x00, 0x00, 0x00, 0x00, 0x00, 0x00, 0x00, 0x00, 0x00, 0x00, 0x00, 0x00,
  0x00, 0x00, 0x00, 0x00, 0x00, 0x00, 0x00, 0x00, 0x00, 0x00, 0x00, 0x00,
  0x00, 0x00, 0x00, 0x00, 0x00, 0x00, 0x00, 0x00, 0x00, 0x00, 0x00, 0x00,
  0x00, 0x00, 0x00, 0x00, 0x00, 0x00, 0x00, 0x00, 0x00, 0x00, 0x00, 0x00,
  0x00, 0x00, 0x00, 0x00, 0x00, 0x00, 0x00, 0x00, 0x00, 0x00, 0x00, 0x00,
  0x00, 0x00, 0x00, 0x00, 0x00, 0x00, 0x00, 0x00, 0x00, 0x00, 0xe7, 0x18,
  0xb0, 0x29, 0xe9, 0x10, 0xc7, 0x10, 0x6b, 0x29, 0x2a, 0x1d, 0x8c, 0x21,
  0x8b, 0x21, 0xad, 0x29, 0xcd, 0x35, 0xad, 0x2d, 0x27, 0x25, 0x8b, 0x45,
  0x90, 0x72, 0xc5, 0x14, 0x8a, 0x2d, 0xed, 0x35, 0x4a, 0x29, 0x00, 0x00,
  0x00, 0x00, 0x00, 0x00, 0x51, 0x46, 0x4a, 0x29, 0x0e, 0x4e, 0x36, 0x77,
  0x69, 0x39, 0x07, 0x25, 0x6a, 0x49, 0x91, 0x62, 0x07, 0x21, 0xc5, 0x10,
  0x48, 0x25, 0xee, 0x35, 0x29, 0x1d, 0x00, 0x00, 0x00, 0x00, 0x00, 0x00,
  0x00, 0x00, 0x00, 0x00, 0x00, 0x00, 0x00, 0x00, 0x00, 0x00, 0x00, 0x00,
  0x00, 0x00, 0x00, 0x00, 0x6a, 0x31, 0x8d, 0x31, 0x2b, 0x19, 0xe8, 0x10,
  0x2b, 0x19, 0x91, 0x19, 0xb5, 0x1d, 0xd3, 0x25, 0x6a, 0x65, 0x27, 0x5d,
  0x27, 0x5d, 0x49, 0x6d, 0x8c, 0x49, 0xb2, 0x21, 0xb2, 0x21, 0xb2, 0x21,
  0x4e, 0x19, 0x6e, 0x1d, 0x2a, 0x1d, 0x08, 0x19, 0x28, 0x1d, 0xe7, 0x18,
  0xe6, 0x18, 0x07, 0x1d, 0x09, 0x1d, 0x69, 0x29, 0x8a, 0x2d, 0x49, 0x25,
  0x28, 0x1d, 0x08, 0x1d, 0xef, 0x3d, 0x00, 0x00, 0x00, 0x00, 0x00, 0x00,
  0x00, 0x00, 0x00, 0x00, 0x00, 0x00, 0x00, 0x00, 0x00, 0x00, 0x00, 0x00,
  0x00, 0x00, 0x00, 0x00, 0x00, 0x00, 0x00, 0x00, 0x00, 0x00, 0x00, 0x00,
  0x00, 0x00, 0x00, 0x00, 0x00, 0x00, 0x00, 0x00, 0x00, 0x00, 0x00, 0x00,
  0x00, 0x00, 0x00, 0x00, 0x00, 0x00, 0x00, 0x00, 0x00, 0x00, 0x00, 0x00,
  0x00, 0x00, 0x00, 0x00, 0x00, 0x00, 0x00, 0x00, 0x00, 0x00, 0x00, 0x00,
  0x00, 0x00, 0x00, 0x00, 0x00, 0x00, 0x00, 0x00, 0x00, 0x00, 0x00, 0x00,
  0x00, 0x00, 0x6c, 0x25, 0x6d, 0x21, 0xea, 0x10, 0xe8, 0x14, 0xcf, 0x3d,
  0x09, 0x19, 0x09, 0x1d, 0xe8, 0x18, 0xe6, 0x20, 0xe6, 0x28, 0xe7, 0x1c,
  0x08, 0x2d, 0xcc, 0x4d, 0xf1, 0x76, 0xe6, 0x18, 0x28, 0x21, 0x0d, 0x3a,
  0x86, 0x19, 0x00, 0x00, 0x00, 0x00, 0xe7, 0x1c, 0x18, 0x63, 0x10, 0x42,
  0x4f, 0x66, 0xcc, 0x55, 0xc5, 0x28, 0xe6, 0x38, 0x48, 0x49, 0xd2, 0x6a,
  0xad, 0x31, 0xa5, 0x10, 0x49, 0x21, 0xef, 0x35, 0x4a, 0x29, 0x00, 0x00,
  0x00, 0x00, 0x00, 0x00, 0x00, 0x00, 0x00, 0x00, 0x00, 0x00, 0x00, 0x00,
  0x00, 0x00, 0x00, 0x00, 0x00, 0x00, 0x00, 0x00, 0x00, 0x00, 0xf0, 0x31,
  0x4c, 0x1d, 0xf1, 0x35, 0xd0, 0x31, 0xd0, 0x29, 0xb1, 0x21, 0xb1, 0x21,
  0x4a, 0x39, 0x28, 0x39, 0x28, 0x49, 0x4a, 0x49, 0x8c, 0x35, 0x6f, 0x1d,
  0x6f, 0x1d, 0x8f, 0x21, 0xb0, 0x29, 0x75, 0x42, 0x8d, 0x29, 0xe7, 0x18,
  0x08, 0x1d, 0x07, 0x19, 0x28, 0x1d, 0xe7, 0x18, 0x28, 0x21, 0x27, 0x1d,
  0x48, 0x25, 0x8a, 0x2d, 0x06, 0x1d, 0x07, 0x1d, 0x00, 0x00, 0x00, 0x00,
  0x00, 0x00, 0x00, 0x00, 0x00, 0x00, 0x00, 0x00, 0x00, 0x00, 0x00, 0x00,
  0x00, 0x00, 0x00, 0x00, 0x00, 0x00, 0x00, 0x00, 0x00, 0x00, 0x00, 0x00,
  0x00, 0x00, 0x00, 0x00, 0x00, 0x00, 0x00, 0x00, 0x00, 0x00, 0x00, 0x00,
  0x00, 0x00, 0x00, 0x00, 0x00, 0x00, 0x00, 0x00, 0x00, 0x00, 0x00, 0x00,
  0x00, 0x00, 0x00, 0x00, 0x00, 0x00, 0x00, 0x00, 0x00, 0x00, 0x00, 0x00,
  0x00, 0x00, 0x00, 0x00, 0x00, 0x00, 0x00, 0x00, 0x00, 0x00, 0x00, 0x00,
  0x00, 0x00, 0x00, 0x00, 0x00, 0x00, 0x4b, 0x21, 0x2b, 0x19, 0x0a, 0x15,
  0xe8, 0x14, 0x32, 0x4a, 0xae, 0x31, 0x09, 0x21, 0x08, 0x25, 0x48, 0x45,
  0xac, 0x55, 0x07, 0x2d, 0x28, 0x31, 0xcd, 0x55, 0xec, 0x65, 0x28, 0x31,
  0x49, 0x29, 0xab, 0x2d, 0xe7, 0x1c, 0x00, 0x00, 0x00, 0x00, 0x00, 0x00,
  0xd6, 0x5a, 0xb4, 0x5a, 0x2e, 0x6e, 0xe7, 0x2c, 0xa4, 0x20, 0x49, 0x51,
  0x07, 0x4d, 0x6f, 0x62, 0x72, 0x4a, 0x69, 0x29, 0x69, 0x29, 0x0f, 0x36,
  0x00, 0x00, 0x00, 0x00, 0x00, 0x00, 0x00, 0x00, 0x00, 0x00, 0x00, 0x00,
  0x00, 0x00, 0x00, 0x00, 0x00, 0x00, 0x00, 0x00, 0x00, 0x00, 0x00, 0x00,
  0x00, 0x00, 0xae, 0x2d, 0xb0, 0x29, 0x2c, 0x1d, 0xe8, 0x14, 0xc7, 0x14,
  0xe8, 0x14, 0x0a, 0x11, 0x0a, 0x19, 0x0a, 0x19, 0x08, 0x1d, 0x2a, 0x1d,
  0x2a, 0x19, 0x2b, 0x19, 0xe9, 0x14, 0xe8, 0x14, 0x0a, 0x15, 0x8f, 0x21,
  0x12, 0x36, 0x08, 0x19, 0x08, 0x1d, 0xc6, 0x14, 0x08, 0x1d, 0x29, 0x21,
  0x49, 0x21, 0x27, 0x1d, 0x49, 0x25, 0x49, 0x25, 0x6a, 0x29, 0x28, 0x1d,
  0xef, 0x3d, 0x00, 0x00, 0x00, 0x00, 0x00, 0x00, 0x00, 0x00, 0x00, 0x00,
  0x00, 0x00, 0x00, 0x00, 0x00, 0x00, 0x00, 0x00, 0x00, 0x00, 0x00, 0x00,
  0x00, 0x00, 0x00, 0x00, 0x00, 0x00, 0x00, 0x00, 0x00, 0x00, 0x00, 0x00,
  0x00, 0x00, 0x00, 0x00, 0x00, 0x00, 0x00, 0x00, 0x00, 0x00, 0x00, 0x00,
  0x00, 0x00, 0x00, 0x00, 0x00, 0x00, 0x00, 0x00, 0x00, 0x00, 0x00, 0x00,
  0x00, 0x00, 0x00, 0x00, 0x00, 0x00, 0x00, 0x00, 0x00, 0x00, 0x00, 0x00,
  0x00, 0x00, 0x00, 0x00, 0x00, 0x00, 0x00, 0x00, 0x00, 0x00, 0xe8, 0x10,
  0x0a, 0x19, 0x09, 0x15, 0x2a, 0x21, 0x51, 0x56, 0xee, 0x51, 0x27, 0x45,
  0x48, 0x45, 0xec, 0x65, 0x8a, 0x61, 0xeb, 0x65, 0x48, 0x55, 0x28, 0x55,
  0x6a, 0x59, 0xac, 0x41, 0x49, 0x29, 0xcd, 0x39, 0x00, 0x00, 0x00, 0x00,
  0x00, 0x00, 0x00, 0x00, 0x2f, 0x46, 0x4f, 0x5a, 0xed, 0x6d, 0x08, 0x29,
  0x84, 0x14, 0x69, 0x4d, 0x48, 0x59, 0x4d, 0x56, 0x0b, 0x3e, 0xec, 0x35,
  0x8a, 0x29, 0xee, 0x35, 0xc6, 0x18, 0x00, 0x00, 0x00, 0x00, 0x00, 0x00,
  0x00, 0x00, 0x00, 0x00, 0x00, 0x00, 0x00, 0x00, 0x00, 0x00, 0x00, 0x00,
  0x00, 0x00, 0x00, 0x00, 0x4a, 0x29, 0x8d, 0x25, 0xb0, 0x25, 0x2b, 0x19,
  0xc5, 0x1c, 0xc6, 0x18, 0xa5, 0x14, 0xa5, 0x14, 0xa5, 0x14, 0xc5, 0x18,
  0x28, 0x31, 0xe6, 0x20, 0xa5, 0x14, 0xc6, 0x14, 0xe7, 0x1c, 0x07, 0x29,
  0xe8, 0x14, 0x8f, 0x21, 0xd1, 0x2d, 0x29, 0x21, 0xe7, 0x18, 0xe6, 0x18,
  0xe7, 0x18, 0x08, 0x21, 0x08, 0x21, 0x69, 0x29, 0x69, 0x25, 0x49, 0x25,
  0x28, 0x21, 0x29, 0x21, 0xef, 0x3d, 0x00, 0x00, 0x00, 0x00, 0x00, 0x00,
  0x00, 0x00, 0x00, 0x00, 0x00, 0x00, 0x00, 0x00, 0x00, 0x00, 0x00, 0x00,
  0x00, 0x00, 0x00, 0x00, 0x00, 0x00, 0x00, 0x00, 0x00, 0x00, 0x00, 0x00,
  0x00, 0x00, 0x00, 0x00, 0x00, 0x00, 0x00, 0x00, 0x00, 0x00, 0x00, 0x00,
  0x00, 0x00, 0x00, 0x00, 0x00, 0x00, 0x00, 0x00, 0x00, 0x00, 0x00, 0x00,
  0x00, 0x00, 0x00, 0x00, 0x00, 0x00, 0x00, 0x00, 0x00, 0x00, 0x00, 0x00,
  0x00, 0x00, 0x00, 0x00, 0x00, 0x00, 0x00, 0x00, 0x00, 0x00, 0x00, 0x00,
  0x00, 0x00, 0x00, 0x00, 0x09, 0x19, 0x0a, 0x19, 0x4c, 0x21, 0x72, 0x5a,
  0x48, 0x49, 0x28, 0x59, 0x48, 0x59, 0xab, 0x5d, 0x48, 0x51, 0xca, 0x65,
  0x48, 0x61, 0x28, 0x61, 0xed, 0x6d, 0x27, 0x39, 0x69, 0x3d, 0x07, 0x25,
  0xe0, 0x01, 0x00, 0x00, 0x00, 0x00, 0x00, 0x00, 0xaa, 0x31, 0x0c, 0x62,
  0x8a, 0x65, 0x6a, 0x2d, 0x49, 0x21, 0x49, 0x39, 0xac, 0x55, 0xb1, 0x5a,
  0xeb, 0x39, 0x69, 0x25, 0xee, 0x31, 0xad, 0x29, 0xa5, 0x0c, 0x00, 0x00,
  0x00, 0x00, 0x00, 0x00, 0x00, 0x00, 0x00, 0x00, 0x00, 0x00, 0x00, 0x00,
  0x00, 0x00, 0x00, 0x00, 0x00, 0x00, 0x00, 0x00, 0x8c, 0x2d, 0x6d, 0x25,
  0x6e, 0x1d, 0x4d, 0x21, 0x49, 0x3d, 0x08, 0x2d, 0x4a, 0x21, 0x08, 0x1d,
  0xe7, 0x20, 0xc5, 0x1c, 0x08, 0x39, 0xc5, 0x20, 0x29, 0x25, 0x07, 0x25,
  0x28, 0x31, 0xac, 0x45, 0xe7, 0x1c, 0xd1, 0x2d, 0xaf, 0x2d, 0x08, 0x1d,
  0xe7, 0x1c, 0xe7, 0x18, 0xe6, 0x18, 0x07, 0x19, 0x29, 0x25, 0x28, 0x21,
  0x8a, 0x29, 0x07, 0x19, 0x28, 0x21, 0x28, 0x21, 0xef, 0x3d, 0x00, 0x00,
  0x00, 0x00, 0x00, 0x00, 0x00, 0x00, 0x00, 0x00, 0x00, 0x00, 0x00, 0x00,
  0x00, 0x00, 0x00, 0x00, 0x00, 0x00, 0x00, 0x00, 0x00, 0x00, 0x00, 0x00,
  0x00, 0x00, 0x00, 0x00, 0x00, 0x00, 0x00, 0x00, 0x00, 0x00, 0x00, 0x00,
  0x00, 0x00, 0x00, 0x00, 0x00, 0x00, 0x00, 0x00, 0x00, 0x00, 0x00, 0x00,
  0x00, 0x00, 0x00, 0x00, 0x00, 0x00, 0x00, 0x00, 0x00, 0x00, 0x00, 0x00,
  0x00, 0x00, 0x00, 0x00, 0x00, 0x00, 0x00, 0x00, 0x00, 0x00, 0x00, 0x00,
  0x00, 0x00, 0x00, 0x00, 0x00, 0x00, 0x00, 0x00, 0xc6, 0x10, 0xe8, 0x10,
  0x8e, 0x29, 0x31, 0x52, 0xee, 0x59, 0x49, 0x51, 0x6a, 0x41, 0xcd, 0x49,
  0x8a, 0x45, 0xed, 0x55, 0x28, 0x49, 0x69, 0x61, 0xec, 0x75, 0x06, 0x3d,
  0x8a, 0x49, 0xe7, 0x20, 0x00, 0x00, 0x00, 0x00, 0x00, 0x00, 0x00, 0x00,
  0x07, 0x25, 0xcb, 0x65, 0x28, 0x5d, 0xeb, 0x39, 0xab, 0x31, 0xaa, 0x31,
  0x69, 0x2d, 0xaa, 0x31, 0x89, 0x2d, 0x2d, 0x46, 0xab, 0x2d, 0x8c, 0x29,
  0x00, 0x00, 0x00, 0x00, 0x00, 0x00, 0x00, 0x00, 0x00, 0x00, 0x00, 0x00,
  0x00, 0x00, 0x00, 0x00, 0x00, 0x00, 0x00, 0x00, 0x00, 0x00, 0x00, 0x00,
  0x08, 0x21, 0x6d, 0x25, 0x2b, 0x15, 0x90, 0x1d, 0x8b, 0x45, 0x49, 0x45,
  0x07, 0x39, 0x27, 0x41, 0x49, 0x49, 0x48, 0x3d, 0x8b, 0x59, 0xab, 0x4d,
  0x28, 0x35, 0x48, 0x4d, 0x0e, 0x6a, 0x2e, 0x5e, 0xe8, 0x18, 0xd1, 0x25,
  0xaf, 0x29, 0x08, 0x1d, 0xe7, 0x18, 0xe6, 0x18, 0xe7, 0x1c, 0xc6, 0x14,
  0x08, 0x1d, 0x27, 0x1d, 0x28, 0x21, 0x07, 0x1d, 0x48, 0x21, 0x28, 0x21,
  0xef, 0x3d, 0x00, 0x00, 0x00, 0x00, 0x00, 0x00, 0x00, 0x00, 0x00, 0x00,
  0x00, 0x00, 0x00, 0x00, 0x00, 0x00, 0x00, 0x00, 0x00, 0x00, 0x00, 0x00,
  0x00, 0x00, 0x00, 0x00, 0x00, 0x00, 0x00, 0x00, 0x00, 0x00, 0x00, 0x00,
  0x00, 0x00, 0x00, 0x00, 0x00, 0x00, 0x00, 0x00, 0x00, 0x00, 0x00, 0x00,
  0x00, 0x00, 0x00, 0x00, 0x00, 0x00, 0x00, 0x00, 0x00, 0x00, 0x00, 0x00,
  0x00, 0x00, 0x00, 0x00, 0x00, 0x00, 0x00, 0x00, 0x00, 0x00, 0x00, 0x00,
  0x00, 0x00, 0x00, 0x00, 0x00, 0x00, 0x00, 0x00, 0x00, 0x00, 0x00, 0x00,
  0xe7, 0x1c, 0x08, 0x1d, 0x08, 0x21, 0x0f, 0x4e, 0x0f, 0x56, 0x29, 0x35,
  0x6b, 0x31, 0x28, 0x29, 0x49, 0x29, 0xce, 0x41, 0x8b, 0x3d, 0x6a, 0x51,
  0xeb, 0x75, 0x8a, 0x59, 0xe5, 0x1c, 0x00, 0x00, 0x00, 0x00, 0x00, 0x00,
  0x00, 0x00, 0x00, 0x00, 0x49, 0x41, 0x6a, 0x6d, 0x48, 0x55, 0x89, 0x2d,
  0xcc, 0x35, 0xed, 0x39, 0x0d, 0x3e, 0xca, 0x35, 0x0c, 0x3e, 0x8a, 0x2d,
  0x8b, 0x29, 0x11, 0x36, 0xf2, 0x29, 0x35, 0x32, 0x55, 0x3a, 0x55, 0x3e,
  0x55, 0x3e, 0x53, 0x3e, 0xaf, 0x31, 0x00, 0x00, 0x00, 0x00, 0x00, 0x00,
  0x00, 0x00, 0x00, 0x00, 0xc6, 0x18, 0xaf, 0x29, 0x0a, 0x15, 0x6f, 0x1d,
  0x11, 0x46, 0xee, 0x55, 0x6a, 0x59, 0x48, 0x55, 0xe6, 0x2c, 0x49, 0x3d,
  0x8b, 0x61, 0xab, 0x61, 0xab, 0x69, 0xab, 0x69, 0x0d, 0x6a, 0x6a, 0x39,
  0xe8, 0x18, 0x8f, 0x21, 0xcf, 0x35, 0x28, 0x39, 0x49, 0x45, 0x6a, 0x49,
  0x49, 0x45, 0x49, 0x45, 0x49, 0x41, 0x49, 0x31, 0x08, 0x25, 0x2a, 0x25,
  0x07, 0x1d, 0x08, 0x21, 0xef, 0x3d, 0x00, 0x00, 0x00, 0x00, 0x00, 0x00,
  0x00, 0x00, 0x00, 0x00, 0x00, 0x00, 0x00, 0x00, 0x00, 0x00, 0x00, 0x00,
  0x00, 0x00, 0x00, 0x00, 0x00, 0x00, 0x00, 0x00, 0x00, 0x00, 0x00, 0x00,
  0x00, 0x00, 0x00, 0x00, 0x00, 0x00, 0x00, 0x00, 0x00, 0x00, 0x00, 0x00,
  0x00, 0x00, 0x00, 0x00, 0x00, 0x00, 0x00, 0x00, 0x00, 0x00, 0x00, 0x00,
  0x00, 0x00, 0x00, 0x00, 0x00, 0x00, 0x00, 0x00, 0x00, 0x00, 0x00, 0x00,
  0x00, 0x00, 0x00, 0x00, 0x00, 0x00, 0x00, 0x00, 0x00, 0x00, 0x00, 0x00,
  0x00, 0x00, 0x00, 0x00, 0x00, 0x00, 0x08, 0x21, 0xac, 0x39, 0x10, 0x4e,
  0x10, 0x4a, 0xae, 0x35, 0x08, 0x21, 0x08, 0x25, 0x6a, 0x3d, 0x07, 0x29,
  0x8b, 0x39, 0xcc, 0x55, 0x0c, 0x76, 0xed, 0x61, 0xc6, 0x20, 0x00, 0x00,
  0x00, 0x00, 0x00, 0x00, 0x00, 0x00, 0x4a, 0x29, 0xab, 0x61, 0x69, 0x5d,
  0x07, 0x41, 0x2d, 0x46, 0xaa, 0x31, 0xcb, 0x35, 0xcb, 0x35, 0x89, 0x2d,
  0x4f, 0x42, 0x4f, 0x42, 0xcc, 0x31, 0xd1, 0x25, 0xb3, 0x1d, 0xb4, 0x1d,
  0xd4, 0x25, 0xd3, 0x21, 0xb3, 0x21, 0x15, 0x2e, 0x97, 0x3e, 0x54, 0x3e,
  0x10, 0x3e, 0x00, 0x00, 0x00, 0x00, 0x00, 0x00, 0x00, 0x00, 0xf1, 0x2d,
  0xea, 0x10, 0x4d, 0x1d, 0x08, 0x1d, 0x8c, 0x31, 0x28, 0x39, 0xe7, 0x28,
  0x08, 0x21, 0x8a, 0x41, 0x8b, 0x61, 0xcc, 0x61, 0x69, 0x5d, 0x6a, 0x5d,
  0x28, 0x41, 0x08, 0x29, 0x29, 0x35, 0xac, 0x55, 0xab, 0x71, 0x49, 0x71,
  0x28, 0x6d, 0x28, 0x6d, 0x28, 0x6d, 0x28, 0x6d, 0x28, 0x69, 0x8a, 0x69,
  0xed, 0x5d, 0x49, 0x31, 0x6a, 0x29, 0x08, 0x21, 0xef, 0x3d, 0x00, 0x00,
  0x00, 0x00, 0x00, 0x00, 0x00, 0x00, 0x00, 0x00, 0x00, 0x00, 0x00, 0x00,
  0x00, 0x00, 0x00, 0x00, 0x00, 0x00, 0x00, 0x00, 0x00, 0x00, 0x00, 0x00,
  0x00, 0x00, 0x00, 0x00, 0x00, 0x00, 0x00, 0x00, 0x00, 0x00, 0x00, 0x00,
  0x00, 0x00, 0x00, 0x00, 0x00, 0x00, 0x00, 0x00, 0x00, 0x00, 0x00, 0x00,
  0x00, 0x00, 0x00, 0x00, 0x00, 0x00, 0x00, 0x00, 0x00, 0x00, 0x00, 0x00,
  0x00, 0x00, 0x00, 0x00, 0x00, 0x00, 0x00, 0x00, 0x00, 0x00, 0x00, 0x00,
  0x00, 0x00, 0x00, 0x00, 0x00, 0x00, 0x00, 0x00, 0x00, 0x00, 0x6d, 0x2d,
  0x6c, 0x29, 0x11, 0x42, 0xee, 0x45, 0x07, 0x35, 0x8a, 0x4d, 0xcd, 0x4d,
  0x28, 0x35, 0xab, 0x45, 0x4f, 0x6a, 0x48, 0x61, 0xea, 0x79, 0xaa, 0x45,
  0x00, 0x00, 0x00, 0x00, 0x00, 0x00, 0x00, 0x00, 0x00, 0x00, 0x6b, 0x35,
  0x6a, 0x4d, 0x8a, 0x51, 0xc5, 0x20, 0x89, 0x2d, 0xcc, 0x35, 0xe6, 0x18,
  0x08, 0x21, 0x95, 0x46, 0x15, 0x32, 0xb1, 0x25, 0x14, 0x32, 0x35, 0x36,
  0x55, 0x3a, 0x54, 0x3e, 0x75, 0x46, 0x97, 0x42, 0x36, 0x32, 0x16, 0x2a,
  0xf5, 0x25, 0x14, 0x2a, 0xfa, 0x4e, 0x31, 0x3e, 0x00, 0x00, 0x00, 0x00,
  0x00, 0x00, 0x8f, 0x25, 0xea, 0x14, 0x4c, 0x21, 0xe6, 0x20, 0xe6, 0x20,
  0xe6, 0x1c, 0xa5, 0x14, 0x08, 0x1d, 0xe7, 0x24, 0x28, 0x39, 0x07, 0x2d,
  0xe6, 0x2c, 0x28, 0x41, 0x6a, 0x49, 0xed, 0x59, 0xab, 0x71, 0x49, 0x7d,
  0x49, 0x7d, 0x4a, 0x79, 0x29, 0x75, 0x28, 0x71, 0x28, 0x71, 0x28, 0x71,
  0x29, 0x75, 0x29, 0x75, 0x29, 0x75, 0x8a, 0x6d, 0xed, 0x51, 0x27, 0x21,
  0xef, 0x3d, 0x00, 0x00, 0x00, 0x00, 0x00, 0x00, 0x00, 0x00, 0x00, 0x00,
  0x00, 0x00, 0x00, 0x00, 0x00, 0x00, 0x00, 0x00, 0x00, 0x00, 0x00, 0x00,
  0x00, 0x00, 0x00, 0x00, 0x00, 0x00, 0x00, 0x00, 0x00, 0x00, 0x00, 0x00,
  0x00, 0x00, 0x00, 0x00, 0x00, 0x00, 0x00, 0x00, 0x00, 0x00, 0x00, 0x00,
  0x00, 0x00, 0x00, 0x00, 0x00, 0x00, 0x00, 0x00, 0x00, 0x00, 0x00, 0x00,
  0x00, 0x00, 0x00, 0x00, 0x00, 0x00, 0x00, 0x00, 0x00, 0x00, 0x00, 0x00,
  0x00, 0x00, 0x00, 0x00, 0x00, 0x00, 0x00, 0x00, 0x00, 0x00, 0x00, 0x00,
  0x00, 0x00, 0x00, 0x00, 0x29, 0x1d, 0x8c, 0x31, 0x73, 0x56, 0xac, 0x51,
  0x8a, 0x59, 0x49, 0x41, 0xac, 0x41, 0x68, 0x41, 0x8a, 0x59, 0x69, 0x69,
  0xb0, 0x76, 0xac, 0x45, 0x00, 0x00, 0x00, 0x00, 0x00, 0x00, 0x00, 0x00,
  0x4a, 0x29, 0xcd, 0x3d, 0x07, 0x29, 0xac, 0x45, 0xe7, 0x1c, 0x00, 0x00,
  0x4a, 0x29, 0xad, 0x31, 0xb7, 0x46, 0xf3, 0x29, 0xd1, 0x29, 0x13, 0x36,
  0x53, 0x46, 0x95, 0x4a, 0xd6, 0x56, 0xf7, 0x5a, 0x39, 0x63, 0x39, 0x67,
  0x1a, 0x5b, 0xd9, 0x4a, 0x98, 0x3a, 0x57, 0x32, 0x16, 0x2a, 0x76, 0x3a,
  0x96, 0x4a, 0x00, 0x00, 0x00, 0x00, 0xef, 0x35, 0x74, 0x4a, 0x34, 0x3a,
  0x12, 0x36, 0x12, 0x36, 0x12, 0x3a, 0x32, 0x3e, 0x32, 0x3e, 0x32, 0x3a,
  0x32, 0x42, 0x53, 0x42, 0x74, 0x4a, 0x73, 0x4e, 0x51, 0x5e, 0xed, 0x6d,
  0x6a, 0x7d, 0x49, 0x7d, 0x49, 0x7d, 0x49, 0x7d, 0x29, 0x79, 0x28, 0x75,
  0x29, 0x71, 0x29, 0x75, 0x29, 0x75, 0x29, 0x75, 0x29, 0x7d, 0x49, 0x79,
  0xed, 0x75, 0xac, 0x41, 0xc6, 0x18, 0x00, 0x00, 0x00, 0x00, 0x00, 0x00,
  0x00, 0x00, 0x00, 0x00, 0x00, 0x00, 0x00, 0x00, 0x00, 0x00, 0x00, 0x00,
  0x00, 0x00, 0x00, 0x00, 0x00, 0x00, 0x00, 0x00, 0x00, 0x00, 0x00, 0x00,
  0x00, 0x00, 0x00, 0x00, 0x00, 0x00, 0x00, 0x00, 0x00, 0x00, 0x00, 0x00,
  0x00, 0x00, 0x00, 0x00, 0x00, 0x00, 0x00, 0x00, 0x00, 0x00, 0x00, 0x00,
  0x00, 0x00, 0x00, 0x00, 0x00, 0x00, 0x00, 0x00, 0x00, 0x00, 0x00, 0x00,
  0x00, 0x00, 0x00, 0x00, 0x00, 0x00, 0x00, 0x00, 0x00, 0x00, 0x00, 0x00,
  0x00, 0x00, 0x00, 0x00, 0x00, 0x00, 0x00, 0x00, 0x00, 0x00, 0x6b, 0x29,
  0xb6, 0x52, 0x73, 0x56, 0x8b, 0x49, 0x07, 0x41, 0x69, 0x45, 0x69, 0x4d,
  0x28, 0x55, 0x2e, 0x6e, 0x8f, 0x76, 0xed, 0x4d, 0x00, 0x00, 0x00, 0x00,
  0x00, 0x00, 0x00, 0x00, 0x8c, 0x2d, 0x6b, 0x29, 0x4a, 0x31, 0xac, 0x3d,
  0x00, 0x00, 0x00, 0x00, 0x6a, 0x25, 0x74, 0x46, 0xb2, 0x21, 0xd1, 0x29,
  0x12, 0x36, 0x31, 0x42, 0x31, 0x42, 0x6b, 0x29, 0x73, 0x4e, 0x39, 0x67,
  0x39, 0x67, 0x39, 0x67, 0x11, 0x3e, 0x74, 0x46, 0xfa, 0x4e, 0x98, 0x3a,
  0x78, 0x32, 0x36, 0x2a, 0x98, 0x3e, 0x32, 0x3e, 0x00, 0x00, 0x08, 0x21,
  0xef, 0x39, 0x10, 0x3a, 0xc7, 0x14, 0x29, 0x21, 0x2a, 0x21, 0xe6, 0x18,
  0x4a, 0x25, 0x4a, 0x25, 0xe7, 0x20, 0x49, 0x2d, 0x4a, 0x2d, 0x6b, 0x35,
  0x93, 0x6a, 0xed, 0x75, 0x8b, 0x7d, 0x49, 0x7d, 0x49, 0x7d, 0x49, 0x7d,
  0x49, 0x7d, 0x29, 0x79, 0x29, 0x79, 0x29, 0x79, 0x29, 0x79, 0x29, 0x79,
  0x29, 0x7d, 0x49, 0x7d, 0xcc, 0x79, 0x70, 0x62, 0x49, 0x29, 0x00, 0x00,
  0x00, 0x00, 0x00, 0x00, 0x00, 0x00, 0x00, 0x00, 0x00, 0x00, 0x00, 0x00,
  0x00, 0x00, 0x00, 0x00, 0x00, 0x00, 0x00, 0x00, 0x00, 0x00, 0x00, 0x00,
  0x00, 0x00, 0x00, 0x00, 0x00, 0x00, 0x00, 0x00, 0x00, 0x00, 0x00, 0x00,
  0x00, 0x00, 0x00, 0x00, 0x00, 0x00, 0x00, 0x00, 0x00, 0x00, 0x00, 0x00,
  0x00, 0x00, 0x00, 0x00, 0x00, 0x00, 0x00, 0x00, 0x00, 0x00, 0x00, 0x00,
  0x00, 0x00, 0x00, 0x00, 0x00, 0x00, 0x00, 0x00, 0x00, 0x00, 0x00, 0x00,
  0x00, 0x00, 0x00, 0x00, 0x00, 0x00, 0x00, 0x00, 0x00, 0x00, 0x00, 0x00,
  0x00, 0x00, 0x08, 0x21, 0x94, 0x4e, 0x73, 0x52, 0x52, 0x52, 0x28, 0x3d,
  0x07, 0x31, 0x07, 0x39, 0xec, 0x5d, 0x4f, 0x72, 0x6d, 0x76, 0xcc, 0x49,
  0x00, 0x00, 0x00, 0x00, 0x00, 0x00, 0x00, 0x00, 0x07, 0x1d, 0x4a, 0x29,
  0x6a, 0x2d, 0xc6, 0x18, 0x00, 0x00, 0x00, 0x00, 0xd6, 0x52, 0x14, 0x2e,
  0xd3, 0x25, 0x33, 0x3a, 0x74, 0x4a, 0x52, 0x4a, 0xce, 0x35, 0x8c, 0x29,
  0x2a, 0x21, 0xd7, 0x5a, 0x38, 0x67, 0x52, 0x46, 0xae, 0x31, 0x6b, 0x29,
  0x95, 0x46, 0x1c, 0x53, 0xba, 0x3a, 0x7a, 0x2e, 0x37, 0x2a, 0xd9, 0x46,
  0x4c, 0x21, 0x0a, 0x15, 0xe8, 0x18, 0x11, 0x3e, 0x8c, 0x31, 0xef, 0x3d,
  0xcd, 0x39, 0xe6, 0x28, 0xee, 0x49, 0x31, 0x4e, 0x8b, 0x41, 0xee, 0x51,
  0x0f, 0x56, 0xee, 0x4d, 0x91, 0x76, 0x0e, 0x7e, 0x8a, 0x7d, 0x49, 0x7d,
  0x49, 0x7d, 0x49, 0x7d, 0x49, 0x7d, 0x29, 0x79, 0x49, 0x7d, 0x49, 0x7d,
  0x29, 0x79, 0x49, 0x7d, 0x49, 0x7d, 0x8b, 0x7d, 0x2e, 0x76, 0xf4, 0x76,
  0xad, 0x3d, 0x00, 0x00, 0x00, 0x00, 0x00, 0x00, 0x00, 0x00, 0x00, 0x00,
  0x00, 0x00, 0x00, 0x00, 0x00, 0x00, 0x00, 0x00, 0x00, 0x00, 0x00, 0x00,
  0x00, 0x00, 0x00, 0x00, 0x00, 0x00, 0x00, 0x00, 0x00, 0x00, 0x00, 0x00,
  0x00, 0x00, 0x00, 0x00, 0x00, 0x00, 0x00, 0x00, 0x00, 0x00, 0x00, 0x00,
  0x00, 0x00, 0x00, 0x00, 0x00, 0x00, 0x00, 0x00, 0x00, 0x00, 0x00, 0x00,
  0x00, 0x00, 0x00, 0x00, 0xef, 0x3d, 0xe6, 0x18, 0x4a, 0x35, 0x6a, 0x35,
  0x6a, 0x39, 0x07, 0x29, 0xe6, 0x1c, 0xef, 0x3d, 0x00, 0x00, 0x00, 0x00,
  0x00, 0x00, 0x00, 0x00, 0x00, 0x00, 0x2b, 0x21, 0xd0, 0x31, 0x11, 0x42,
  0xcd, 0x41, 0x4a, 0x31, 0xe7, 0x20, 0xe6, 0x2c, 0x27, 0x45, 0xec, 0x69,
  0x6a, 0x41, 0x53, 0x42, 0x6c, 0x25, 0x00, 0x00, 0x00, 0x00, 0x00, 0x00,
  0x00, 0x00, 0xe6, 0x18, 0x07, 0x1d, 0x00, 0x00, 0x00, 0x00, 0x48, 0x21,
  0x97, 0x42, 0xf5, 0x25, 0x55, 0x3a, 0x97, 0x46, 0xb6, 0x4e, 0x10, 0x3e,
  0xf0, 0x39, 0x6c, 0x25, 0xef, 0x35, 0x18, 0x5f, 0x30, 0x42, 0xb5, 0x4e,
  0x74, 0x46, 0x10, 0x42, 0xcf, 0x35, 0x3b, 0x5b, 0x7e, 0x57, 0xfd, 0x3a,
  0x5a, 0x2a, 0x3a, 0x2a, 0x78, 0x32, 0xb3, 0x1d, 0xe9, 0x10, 0x8e, 0x25,
  0x32, 0x3e, 0x11, 0x3e, 0x29, 0x29, 0x08, 0x21, 0xb6, 0x56, 0x94, 0x4e,
  0x0f, 0x46, 0x31, 0x4e, 0x94, 0x5a, 0x31, 0x4a, 0x14, 0x7b, 0x2e, 0x7a,
  0xab, 0x7d, 0x49, 0x7d, 0x49, 0x7d, 0x49, 0x7d, 0x49, 0x7d, 0x4a, 0x7d,
  0x4a, 0x7d, 0x4a, 0x7d, 0x4a, 0x79, 0x49, 0x7d, 0x6a, 0x7d, 0xcc, 0x7d,
  0xb1, 0x7a, 0x14, 0x7b, 0xce, 0x49, 0x00, 0x00, 0x00, 0x00, 0x00, 0x00,
  0x00, 0x00, 0x00, 0x00, 0x00, 0x00, 0x00, 0x00, 0x00, 0x00, 0x00, 0x00,
  0x00, 0x00, 0x00, 0x00, 0x00, 0x00, 0x00, 0x00, 0x00, 0x00, 0x00, 0x00,
  0x00, 0x00, 0x00, 0x00, 0x00, 0x00, 0x00, 0x00, 0x00, 0x00, 0x00, 0x00,
  0x00, 0x00, 0x00, 0x00, 0x00, 0x00, 0x00, 0x00, 0x00, 0x00, 0x00, 0x00,
  0x00, 0x00, 0x00, 0x00, 0x00, 0x00, 0x49, 0x31, 0xcd, 0x49, 0xac, 0x59,
  0xac, 0x6d, 0xcc, 0x65, 0x6a, 0x6d, 0x6a, 0x6d, 0x6b, 0x61, 0x6a, 0x59,
  0xac, 0x3d, 0x00, 0x00, 0x00, 0x00, 0x00, 0x00, 0x00, 0x00, 0x8f, 0x25,
  0xf5, 0x25, 0x92, 0x21, 0xae, 0x35, 0x8d, 0x31, 0x29, 0x29, 0xe6, 0x2c,
  0x49, 0x41, 0x49, 0x35, 0xd2, 0x29, 0x97, 0x3e, 0x54, 0x3a, 0x00, 0x00,
  0x00, 0x00, 0x00, 0x00, 0x00, 0x00, 0x00, 0x00, 0x00, 0x00, 0x00, 0x00,
  0x4a, 0x29, 0xb4, 0x56, 0x16, 0x2e, 0x15, 0x2e, 0x54, 0x3e, 0xb7, 0x4e,
  0x18, 0x5b, 0xb5, 0x4e, 0xee, 0x35, 0x31, 0x3e, 0x9c, 0x73, 0xf6, 0x5e,
  0xd6, 0x5a, 0x18, 0x63, 0xf8, 0x5e, 0x32, 0x46, 0x19, 0x5b, 0xdf, 0x6f,
  0x7e, 0x5b, 0x3e, 0x4f, 0xbd, 0x32, 0x3c, 0x1e, 0xfb, 0x42, 0xb3, 0x1d,
  0xd4, 0x21, 0xf3, 0x29, 0x09, 0x19, 0xae, 0x31, 0x54, 0x3e, 0x96, 0x42,
  0x52, 0x46, 0x73, 0x4e, 0xad, 0x39, 0x18, 0x67, 0xb4, 0x5a, 0x31, 0x4a,
  0x76, 0x7b, 0x70, 0x7a, 0xed, 0x7d, 0x69, 0x79, 0x49, 0x79, 0x49, 0x79,
  0x49, 0x79, 0x49, 0x71, 0x6a, 0x75, 0x6a, 0x71, 0x6a, 0x75, 0x6a, 0x79,
  0xab, 0x79, 0x0e, 0x7a, 0x13, 0x7b, 0xd2, 0x72, 0xee, 0x41, 0x00, 0x00,
  0x00, 0x00, 0x00, 0x00, 0x00, 0x00, 0x00, 0x00, 0x00, 0x00, 0x00, 0x00,
  0x00, 0x00, 0x00, 0x00, 0x00, 0x00, 0x00, 0x00, 0x00, 0x00, 0x00, 0x00,
  0x00, 0x00, 0x00, 0x00, 0x00, 0x00, 0x00, 0x00, 0x00, 0x00, 0x00, 0x00,
  0x00, 0x00, 0x00, 0x00, 0x00, 0x00, 0x00, 0x00, 0x00, 0x00, 0x00, 0x00,
  0x00, 0x00, 0x00, 0x00, 0x00, 0x00, 0x00, 0x00, 0xe0, 0x01, 0xed, 0x59,
  0xcc, 0x69, 0x8a, 0x65, 0x8b, 0x71, 0xcb, 0x71, 0x29, 0x79, 0x49, 0x7d,
  0x29, 0x79, 0x4a, 0x71, 0x8b, 0x41, 0x00, 0x00, 0x00, 0x00, 0x29, 0x19,
  0x0a, 0x19, 0xf3, 0x29, 0x18, 0x26, 0xf6, 0x21, 0x91, 0x1d, 0x09, 0x1d,
  0x07, 0x25, 0xe6, 0x24, 0x08, 0x21, 0x91, 0x1d, 0x18, 0x26, 0x58, 0x2e,
  0x98, 0x3a, 0x12, 0x32, 0x8f, 0x21, 0x6e, 0x21, 0x4d, 0x1d, 0xe7, 0x1c,
  0x00, 0x00, 0x00, 0x00, 0x8b, 0x2d, 0x3a, 0x5f, 0xd5, 0x21, 0x15, 0x2e,
  0x97, 0x42, 0x74, 0x46, 0xce, 0x35, 0xf8, 0x56, 0xf8, 0x5a, 0x7b, 0x6f,
  0x79, 0x6f, 0x18, 0x63, 0x10, 0x3e, 0x72, 0x4e, 0x38, 0x6b, 0x7b, 0x6f,
  0xde, 0x7b, 0xde, 0x77, 0x9e, 0x67, 0xd9, 0x4a, 0xfd, 0x3a, 0x5d, 0x22,
  0x58, 0x2e, 0xf3, 0x25, 0xb5, 0x1d, 0xb4, 0x1d, 0x6f, 0x21, 0x2a, 0x1d,
  0x08, 0x25, 0xae, 0x31, 0x53, 0x3e, 0x73, 0x52, 0x93, 0x52, 0x10, 0x3e,
  0x10, 0x42, 0x50, 0x46, 0x75, 0x77, 0x70, 0x7a, 0x0e, 0x7a, 0xab, 0x75,
  0x8a, 0x6d, 0x8a, 0x69, 0x6a, 0x65, 0x8a, 0x61, 0xab, 0x61, 0xcc, 0x61,
  0xab, 0x61, 0xab, 0x65, 0xcb, 0x69, 0x70, 0x76, 0xf3, 0x7a, 0xb3, 0x72,
  0x8b, 0x31, 0x00, 0x00, 0x00, 0x00, 0x00, 0x00, 0x00, 0x00, 0x00, 0x00,
  0x00, 0x00, 0x00, 0x00, 0x00, 0x00, 0x00, 0x00, 0x00, 0x00, 0x00, 0x00,
  0x00, 0x00, 0x00, 0x00, 0x00, 0x00, 0x00, 0x00, 0x00, 0x00, 0x00, 0x00,
  0x00, 0x00, 0x00, 0x00, 0x00, 0x00, 0x00, 0x00, 0x00, 0x00, 0x00, 0x00,
  0x00, 0x00, 0x00, 0x00, 0x00, 0x00, 0x00, 0x00, 0x00, 0x00, 0xc6, 0x18,
  0xad, 0x41, 0xed, 0x65, 0xab, 0x6d, 0xab, 0x65, 0xab, 0x6d, 0xcc, 0x71,
  0x49, 0x7d, 0x49, 0x7d, 0x29, 0x79, 0x6a, 0x71, 0x07, 0x31, 0x29, 0x25,
  0x2a, 0x21, 0x8d, 0x25, 0x4d, 0x1d, 0xaf, 0x25, 0x36, 0x2e, 0xf7, 0x21,
  0xd5, 0x21, 0x93, 0x1d, 0x2b, 0x19, 0xe7, 0x24, 0x8f, 0x21, 0xd4, 0x25,
  0xd1, 0x31, 0x33, 0x3e, 0x98, 0x3a, 0x78, 0x36, 0xd4, 0x21, 0xd5, 0x21,
  0xf6, 0x25, 0x35, 0x2a, 0x14, 0x2a, 0x8e, 0x21, 0x6c, 0x21, 0x97, 0x42,
  0xd4, 0x21, 0x35, 0x32, 0x54, 0x42, 0x33, 0x3e, 0xd1, 0x31, 0x96, 0x4a,
  0x7a, 0x6f, 0xbb, 0x7b, 0xbb, 0x7b, 0x7a, 0x6f, 0x4a, 0x29, 0x17, 0x63,
  0xdd, 0x7b, 0xdd, 0x7b, 0xde, 0x7b, 0xde, 0x73, 0x96, 0x46, 0xaf, 0x29,
  0xdb, 0x3e, 0x7d, 0x26, 0xf7, 0x21, 0xd2, 0x25, 0x92, 0x1d, 0xb6, 0x1d,
  0x94, 0x19, 0x4e, 0x15, 0x90, 0x1d, 0xf2, 0x2d, 0x8f, 0x21, 0x94, 0x4e,
  0x52, 0x4a, 0x4a, 0x2d, 0xcf, 0x39, 0x74, 0x4e, 0x56, 0x7b, 0x4e, 0x6e,
  0x0d, 0x6a, 0x69, 0x55, 0x07, 0x39, 0x07, 0x2d, 0x28, 0x31, 0x07, 0x31,
  0x28, 0x3d, 0x28, 0x41, 0x49, 0x41, 0x07, 0x35, 0xe5, 0x38, 0x48, 0x45,
  0x4f, 0x6e, 0x2f, 0x66, 0xe7, 0x1c, 0x00, 0x00, 0x00, 0x00, 0x00, 0x00,
  0x00, 0x00, 0x00, 0x00, 0x00, 0x00, 0x00, 0x00, 0x00, 0x00, 0x00, 0x00,
  0x00, 0x00, 0x00, 0x00, 0x00, 0x00, 0x00, 0x00, 0x00, 0x00, 0x00, 0x00,
  0x00, 0x00, 0x00, 0x00, 0x00, 0x00, 0x00, 0x00, 0x00, 0x00, 0x00, 0x00,
  0x00, 0x00, 0x00, 0x00, 0x00, 0x00, 0x00, 0x00, 0x00, 0x00, 0x00, 0x00,
  0x00, 0x00, 0x00, 0x00, 0xcd, 0x41, 0x8b, 0x69, 0xcc, 0x6d, 0x0d, 0x62,
  0xab, 0x61, 0xac, 0x75, 0x49, 0x75, 0x49, 0x7d, 0x29, 0x7d, 0x6b, 0x6d,
  0x4b, 0x25, 0x4b, 0x21, 0x29, 0x1d, 0xe8, 0x1c, 0x4b, 0x29, 0x10, 0x46,
  0x52, 0x56, 0x0f, 0x5e, 0xef, 0x59, 0xce, 0x55, 0x8c, 0x4d, 0xac, 0x65,
  0x8b, 0x61, 0x8a, 0x61, 0x0f, 0x72, 0x0e, 0x76, 0x74, 0x4e, 0xd3, 0x21,
  0x92, 0x19, 0x94, 0x19, 0xb4, 0x19, 0x93, 0x19, 0xb2, 0x1d, 0x6f, 0x1d,
  0x15, 0x2e, 0x56, 0x36, 0xf5, 0x25, 0x14, 0x32, 0x4a, 0x25, 0xe8, 0x1c,
  0xe7, 0x18, 0xe8, 0x18, 0x08, 0x1d, 0x29, 0x21, 0x09, 0x1d, 0x08, 0x1d,
  0xe7, 0x18, 0x08, 0x21, 0x07, 0x21, 0x08, 0x21, 0x29, 0x25, 0x29, 0x25,
  0x0a, 0x1d, 0x4b, 0x21, 0xda, 0x42, 0x9d, 0x2e, 0xf9, 0x1d, 0x35, 0x2e,
  0x4f, 0x15, 0x71, 0x15, 0x92, 0x19, 0x70, 0x15, 0xb4, 0x1d, 0x19, 0x22,
  0x6f, 0x19, 0x4d, 0x1d, 0xf0, 0x35, 0x31, 0x4a, 0xd5, 0x5e, 0x51, 0x4e,
  0xb1, 0x6a, 0x69, 0x41, 0xe6, 0x2c, 0x07, 0x31, 0x08, 0x35, 0x49, 0x49,
  0x69, 0x55, 0x49, 0x59, 0x6b, 0x65, 0x8b, 0x65, 0x8a, 0x69, 0xab, 0x69,
  0xcc, 0x6d, 0x49, 0x3d, 0x07, 0x29, 0x8b, 0x41, 0xe7, 0x1c, 0x00, 0x00,
  0x00, 0x00, 0x00, 0x00, 0x00, 0x00, 0x00, 0x00, 0x00, 0x00, 0x00, 0x00,
  0x00, 0x00, 0x00, 0x00, 0x00, 0x00, 0x00, 0x00, 0x00, 0x00, 0x00, 0x00,
  0x00, 0x00, 0x00, 0x00, 0x00, 0x00, 0x00, 0x00, 0x00, 0x00, 0x00, 0x00,
  0x00, 0x00, 0x00, 0x00, 0x00, 0x00, 0x00, 0x00, 0x00, 0x00, 0x00, 0x00,
  0x00, 0x00, 0x00, 0x00, 0x00, 0x00, 0x00, 0x00, 0xe7, 0x28, 0xee, 0x61,
  0x6a, 0x6d, 0xab, 0x59, 0xcc, 0x5d, 0xed, 0x69, 0x8a, 0x59, 0x49, 0x75,
  0x49, 0x7d, 0xab, 0x61, 0x29, 0x29, 0xe7, 0x20, 0xc6, 0x1c, 0xe6, 0x20,
  0x8c, 0x35, 0xab, 0x41, 0x9a, 0x7b, 0xee, 0x6d, 0x6a, 0x61, 0x8b, 0x59,
  0x8a, 0x51, 0xcc, 0x5d, 0x27, 0x55, 0x28, 0x55, 0xed, 0x69, 0xcc, 0x79,
  0x10, 0x5e, 0x70, 0x19, 0x70, 0x19, 0x4f, 0x15, 0x70, 0x19, 0x70, 0x19,
  0x4f, 0x15, 0x4e, 0x15, 0x37, 0x2e, 0x15, 0x2e, 0xd5, 0x21, 0x8d, 0x21,
  0x09, 0x19, 0x2a, 0x1d, 0x2b, 0x1d, 0x4c, 0x1d, 0x2d, 0x19, 0x6f, 0x1d,
  0x6f, 0x1d, 0x4e, 0x19, 0x6f, 0x1d, 0x8f, 0x21, 0x8f, 0x21, 0x4e, 0x1d,
  0x8f, 0x21, 0x6e, 0x21, 0xb0, 0x25, 0xaf, 0x2d, 0xd0, 0x2d, 0x9b, 0x32,
  0x1b, 0x1e, 0x36, 0x2e, 0x92, 0x15, 0xd6, 0x1d, 0xd5, 0x1d, 0x0c, 0x15,
  0x2c, 0x15, 0x92, 0x19, 0xd1, 0x29, 0x53, 0x46, 0x31, 0x46, 0x0f, 0x42,
  0xf0, 0x35, 0x6c, 0x29, 0x6b, 0x31, 0x6a, 0x35, 0x2f, 0x5e, 0x8a, 0x55,
  0x49, 0x4d, 0x49, 0x4d, 0x8b, 0x55, 0x49, 0x51, 0xed, 0x65, 0x8a, 0x55,
  0x8b, 0x55, 0x8b, 0x55, 0x0e, 0x62, 0x71, 0x62, 0xe7, 0x20, 0xcd, 0x3d,
  0xcf, 0x3d, 0x00, 0x00, 0x00, 0x00, 0x00, 0x00, 0x00, 0x00, 0x00, 0x00,
  0x00, 0x00, 0x00, 0x00, 0x00, 0x00, 0x00, 0x00, 0x00, 0x00, 0x00, 0x00,
  0x00, 0x00, 0x00, 0x00, 0x00, 0x00, 0x00, 0x00, 0x00, 0x00, 0x00, 0x00,
  0x00, 0x00, 0x00, 0x00, 0x00, 0x00, 0x00, 0x00, 0x00, 0x00, 0x00, 0x00,
  0x00, 0x00, 0x00, 0x00, 0x00, 0x00, 0x00, 0x00, 0x00, 0x00, 0x00, 0x00,
  0x00, 0x00, 0xac, 0x41, 0x8a, 0x61, 0x2f, 0x6a, 0x4e, 0x6e, 0xaa, 0x55,
  0xac, 0x41, 0x6a, 0x61, 0x69, 0x71, 0xee, 0x55, 0x72, 0x56, 0xce, 0x3d,
  0x49, 0x2d, 0xee, 0x45, 0x07, 0x35, 0xec, 0x59, 0xba, 0x7f, 0x7a, 0x73,
  0x31, 0x4a, 0xee, 0x45, 0xaa, 0x61, 0x0d, 0x6a, 0x49, 0x41, 0x28, 0x55,
  0x29, 0x65, 0x6b, 0x61, 0x8c, 0x4d, 0x0b, 0x15, 0x2c, 0x15, 0x0b, 0x15,
  0x0a, 0x15, 0x0a, 0x15, 0x0a, 0x11, 0x4e, 0x15, 0x39, 0x2e, 0x16, 0x2e,
  0xb3, 0x21, 0x4a, 0x1d, 0x6c, 0x25, 0x2c, 0x15, 0x0a, 0x15, 0x6e, 0x1d,
  0x90, 0x1d, 0x91, 0x21, 0xb1, 0x21, 0xb2, 0x25, 0xd2, 0x29, 0xb2, 0x25,
  0xd3, 0x25, 0xd3, 0x25, 0xb2, 0x21, 0xb2, 0x21, 0xb3, 0x19, 0x0a, 0x15,
  0xaf, 0x2d, 0xd2, 0x25, 0x3b, 0x1e, 0x57, 0x2e, 0x94, 0x19, 0xf8, 0x1d,
  0xb5, 0x19, 0x2c, 0x15, 0x2c, 0x15, 0xd2, 0x2d, 0x74, 0x4a, 0x7b, 0x6f,
  0x9c, 0x73, 0x94, 0x52, 0x74, 0x4e, 0x6d, 0x21, 0xe8, 0x18, 0x8b, 0x3d,
  0x70, 0x62, 0x07, 0x2d, 0x07, 0x31, 0x28, 0x35, 0x07, 0x35, 0x6a, 0x59,
  0x28, 0x3d, 0x29, 0x2d, 0x28, 0x35, 0x49, 0x39, 0x6a, 0x45, 0xb3, 0x6a,
  0xe7, 0x20, 0x6b, 0x31, 0x8c, 0x39, 0x8b, 0x31, 0x00, 0x00, 0x00, 0x00,
  0x00, 0x00, 0x00, 0x00, 0x00, 0x00, 0x00, 0x00, 0x00, 0x00, 0x00, 0x00,
  0x00, 0x00, 0x00, 0x00, 0x00, 0x00, 0x00, 0x00, 0x00, 0x00, 0x00, 0x00,
  0x00, 0x00, 0x00, 0x00, 0x00, 0x00, 0x00, 0x00, 0xc6, 0x18, 0x30, 0x4a,
  0x93, 0x56, 0xd5, 0x62, 0x93, 0x56, 0x00, 0x00, 0x00, 0x00, 0x00, 0x00,
  0x00, 0x00, 0x00, 0x00, 0x00, 0x00, 0x0f, 0x4e, 0xb2, 0x72, 0xab, 0x55,
  0x49, 0x41, 0x89, 0x55, 0x2d, 0x6e, 0xec, 0x5d, 0x69, 0x41, 0x0e, 0x52,
  0x79, 0x7b, 0x0e, 0x5e, 0x0b, 0x5e, 0x0d, 0x6a, 0x68, 0x55, 0xec, 0x5d,
  0xb8, 0x7f, 0xb9, 0x7f, 0xbb, 0x7b, 0xda, 0x7f, 0x6d, 0x66, 0xa9, 0x5d,
  0x11, 0x42, 0x91, 0x1d, 0x2d, 0x19, 0xb4, 0x1d, 0x91, 0x1d, 0xea, 0x10,
  0xe9, 0x10, 0x0a, 0x15, 0x2b, 0x19, 0x2b, 0x19, 0x0a, 0x15, 0x70, 0x15,
  0x5b, 0x2a, 0x37, 0x2e, 0x90, 0x1d, 0xe8, 0x14, 0xe8, 0x14, 0x92, 0x19,
  0x09, 0x1d, 0xcd, 0x4d, 0x48, 0x35, 0x29, 0x35, 0x08, 0x2d, 0x07, 0x25,
  0x6a, 0x45, 0x49, 0x45, 0xe7, 0x24, 0x28, 0x2d, 0x6a, 0x3d, 0xee, 0x4d,
  0x6f, 0x19, 0xf4, 0x25, 0xb5, 0x52, 0xd8, 0x52, 0x57, 0x36, 0x14, 0x32,
  0xb5, 0x1d, 0xb5, 0x1d, 0xd5, 0x21, 0x6f, 0x19, 0x4e, 0x15, 0x4e, 0x15,
  0x12, 0x3a, 0x73, 0x4e, 0xf7, 0x62, 0xf6, 0x66, 0x52, 0x4e, 0x4b, 0x25,
  0x09, 0x21, 0x8b, 0x3d, 0xed, 0x59, 0x6f, 0x72, 0x6a, 0x55, 0x8b, 0x49,
  0xab, 0x45, 0xac, 0x71, 0xcd, 0x65, 0x49, 0x35, 0x27, 0x2d, 0x49, 0x39,
  0x70, 0x66, 0xb2, 0x72, 0x07, 0x2d, 0xe7, 0x18, 0x8b, 0x2d, 0xcc, 0x35,
  0x8c, 0x39, 0x00, 0x00, 0x00, 0x00, 0x00, 0x00, 0x00, 0x00, 0x00, 0x00,
  0x00, 0x00, 0x00, 0x00, 0x00, 0x00, 0x00, 0x00, 0x00, 0x00, 0x00, 0x00,
  0x00, 0x00, 0x00, 0x00, 0x00, 0x00, 0x00, 0x00, 0x00, 0x00, 0x8b, 0x35,
  0xf5, 0x66, 0x36, 0x7b, 0x34, 0x7f, 0x14, 0x7f, 0xf5, 0x6e, 0xef, 0x3d,
  0x00, 0x00, 0x00, 0x00, 0x00, 0x00, 0x00, 0x00, 0xe7, 0x1c, 0x15, 0x67,
  0x0e, 0x5e, 0x70, 0x66, 0x8a, 0x5d, 0xab, 0x5d, 0x49, 0x3d, 0x48, 0x3d,
  0xcb, 0x55, 0xb2, 0x72, 0x8f, 0x6a, 0x11, 0x7f, 0xee, 0x7a, 0x2c, 0x76,
  0x2b, 0x6e, 0xcb, 0x5d, 0x55, 0x7b, 0x33, 0x7b, 0x74, 0x7b, 0x75, 0x7f,
  0xcf, 0x76, 0xaa, 0x5d, 0xb4, 0x66, 0xb2, 0x25, 0xb5, 0x1d, 0xd5, 0x1d,
  0x2c, 0x19, 0xc7, 0x14, 0xc7, 0x14, 0xe8, 0x10, 0xe8, 0x10, 0xc7, 0x10,
  0xc7, 0x10, 0x93, 0x19, 0x5a, 0x26, 0x15, 0x2e, 0x8f, 0x1d, 0xc7, 0x10,
  0xe8, 0x14, 0x92, 0x19, 0x4a, 0x35, 0x4f, 0x76, 0x4f, 0x5e, 0x6a, 0x39,
  0x6b, 0x2d, 0x4a, 0x35, 0xcd, 0x5d, 0x8b, 0x55, 0x6b, 0x31, 0x6a, 0x39,
  0xed, 0x51, 0x15, 0x73, 0x94, 0x52, 0x14, 0x36, 0x6d, 0x21, 0x8f, 0x21,
  0x36, 0x36, 0xb6, 0x4a, 0xf2, 0x31, 0xf0, 0x39, 0x74, 0x4a, 0x53, 0x46,
  0x74, 0x46, 0x33, 0x3a, 0x94, 0x4e, 0x7b, 0x73, 0x38, 0x6b, 0x0f, 0x52,
  0xae, 0x35, 0x2a, 0x19, 0x08, 0x21, 0x6f, 0x66, 0x2e, 0x6e, 0xec, 0x59,
  0x28, 0x39, 0x28, 0x3d, 0x69, 0x4d, 0xac, 0x69, 0x0d, 0x6e, 0x6a, 0x45,
  0xab, 0x49, 0xed, 0x59, 0x4e, 0x6a, 0xd1, 0x76, 0x0e, 0x62, 0x4a, 0x2d,
  0xe7, 0x1c, 0x08, 0x21, 0x4a, 0x29, 0x00, 0x00, 0x00, 0x00, 0x00, 0x00,
  0x00, 0x00, 0x00, 0x00, 0x00, 0x00, 0x00, 0x00, 0x00, 0x00, 0x00, 0x00,
  0x00, 0x00, 0x00, 0x00, 0x00, 0x00, 0x00, 0x00, 0x84, 0x10, 0x72, 0x52,
  0x16, 0x6f, 0x16, 0x77, 0x13, 0x7b, 0xf2, 0x7e, 0xd1, 0x7a, 0xb0, 0x7a,
  0xd2, 0x76, 0x71, 0x62, 0x00, 0x00, 0x00, 0x00, 0x00, 0x00, 0x00, 0x00,
  0x0f, 0x4e, 0x91, 0x66, 0x70, 0x66, 0x0d, 0x66, 0x6a, 0x51, 0x48, 0x49,
  0xcb, 0x61, 0x0e, 0x6a, 0x2d, 0x6e, 0xb1, 0x6a, 0x2c, 0x72, 0xce, 0x7a,
  0x4c, 0x7a, 0x0b, 0x76, 0x8d, 0x76, 0xaa, 0x5d, 0xf2, 0x7a, 0x8e, 0x72,
  0xef, 0x7a, 0x0f, 0x7f, 0xed, 0x7a, 0xca, 0x59, 0x35, 0x73, 0x17, 0x5f,
  0xd5, 0x21, 0xb4, 0x1d, 0xe9, 0x14, 0xc7, 0x14, 0xe8, 0x14, 0xe9, 0x14,
  0xe9, 0x14, 0xe8, 0x14, 0xc7, 0x10, 0xb5, 0x19, 0xf4, 0x29, 0x14, 0x32,
  0x8f, 0x21, 0xc7, 0x10, 0xe9, 0x10, 0x92, 0x19, 0xee, 0x51, 0x6f, 0x76,
  0x4f, 0x72, 0x8b, 0x59, 0x6a, 0x49, 0x0d, 0x52, 0x0d, 0x76, 0x0d, 0x72,
  0xcd, 0x55, 0x6a, 0x51, 0xee, 0x59, 0x51, 0x56, 0x54, 0x42, 0xf7, 0x1d,
  0x2b, 0x19, 0x8f, 0x21, 0x38, 0x2a, 0x95, 0x4a, 0x94, 0x4e, 0x53, 0x46,
  0x95, 0x52, 0x52, 0x4a, 0x94, 0x52, 0x94, 0x52, 0xf7, 0x5e, 0x39, 0x67,
  0x5a, 0x73, 0xee, 0x49, 0x6c, 0x29, 0x6e, 0x25, 0xe7, 0x1c, 0x13, 0x77,
  0xec, 0x6d, 0xac, 0x69, 0x6a, 0x61, 0x6a, 0x6d, 0x0d, 0x72, 0x8b, 0x69,
  0x0d, 0x72, 0x2e, 0x72, 0xec, 0x6d, 0xab, 0x6d, 0xab, 0x6d, 0x0d, 0x6a,
  0xf3, 0x76, 0x6a, 0x39, 0x0f, 0x42, 0xe6, 0x1c, 0xa5, 0x14, 0x00, 0x00,
  0x00, 0x00, 0x00, 0x00, 0x00, 0x00, 0x00, 0x00, 0x00, 0x00, 0x00, 0x00,
  0x00, 0x00, 0x00, 0x00, 0x00, 0x00, 0x00, 0x00, 0xce, 0x41, 0xb4, 0x62,
  0xf5, 0x6a, 0x15, 0x77, 0xf2, 0x76, 0xd1, 0x7a, 0xb0, 0x76, 0x90, 0x76,
  0x6f, 0x76, 0x2e, 0x6e, 0x2e, 0x66, 0x71, 0x6a, 0x00, 0x00, 0x00, 0x00,
  0x00, 0x00, 0x84, 0x24, 0xd3, 0x6a, 0x0d, 0x66, 0x69, 0x55, 0x27, 0x45,
  0x8a, 0x59, 0xaa, 0x5d, 0x2e, 0x6a, 0xaa, 0x51, 0x4f, 0x6a, 0x0d, 0x6a,
  0x2c, 0x7a, 0x4b, 0x7e, 0x0a, 0x7e, 0xc9, 0x79, 0x6d, 0x72, 0xaa, 0x59,
  0x4d, 0x76, 0xca, 0x65, 0xed, 0x7a, 0xec, 0x7a, 0xcd, 0x72, 0x0b, 0x5a,
  0xf4, 0x62, 0x97, 0x7b, 0xf9, 0x56, 0xaf, 0x29, 0xe8, 0x18, 0xc7, 0x10,
  0xc7, 0x14, 0xc7, 0x10, 0xc7, 0x10, 0xe7, 0x14, 0xe9, 0x14, 0xd6, 0x1d,
  0xd5, 0x21, 0x35, 0x36, 0x6f, 0x1d, 0xc7, 0x10, 0x2c, 0x15, 0x92, 0x19,
  0x0f, 0x56, 0xd0, 0x72, 0x89, 0x5d, 0x8b, 0x71, 0x6a, 0x71, 0xed, 0x75,
  0xab, 0x75, 0xcb, 0x75, 0xec, 0x79, 0x89, 0x69, 0x6a, 0x5d, 0x31, 0x4e,
  0x96, 0x46, 0x18, 0x22, 0x75, 0x46, 0x19, 0x5b, 0x36, 0x2a, 0x32, 0x3e,
  0xd6, 0x56, 0x10, 0x3a, 0x94, 0x52, 0x8c, 0x31, 0x73, 0x56, 0xd6, 0x66,
  0xf6, 0x62, 0x9c, 0x77, 0x7b, 0x73, 0xb4, 0x5e, 0xad, 0x35, 0x09, 0x19,
  0x8c, 0x31, 0x54, 0x7b, 0x4f, 0x72, 0x49, 0x59, 0x6a, 0x65, 0x6a, 0x69,
  0x4d, 0x76, 0xed, 0x75, 0x0c, 0x6e, 0xed, 0x61, 0x8b, 0x69, 0xac, 0x6d,
  0x6a, 0x65, 0x0e, 0x6e, 0xf4, 0x7a, 0x6a, 0x41, 0x49, 0x2d, 0x6a, 0x39,
  0x00, 0x00, 0x00, 0x00, 0x00, 0x00, 0x00, 0x00, 0x00, 0x00, 0x00, 0x00,
  0x00, 0x00, 0x00, 0x00, 0x00, 0x00, 0x4a, 0x29, 0x10, 0x46, 0x51, 0x52,
  0x15, 0x6f, 0xf3, 0x7a, 0xd1, 0x76, 0x8f, 0x72, 0x6f, 0x72, 0x6e, 0x6e,
  0x0d, 0x6a, 0x0d, 0x6a, 0xed, 0x65, 0xcd, 0x5d, 0x8b, 0x51, 0xcd, 0x59,
  0x00, 0x00, 0x00, 0x00, 0x00, 0x00, 0x4a, 0x31, 0x91, 0x66, 0x8a, 0x5d,
  0x8a, 0x5d, 0x89, 0x61, 0x48, 0x41, 0x49, 0x45, 0xed, 0x61, 0x8b, 0x51,
  0xf5, 0x6a, 0x4f, 0x6e, 0x2b, 0x7a, 0x0a, 0x7e, 0xe9, 0x7d, 0xeb, 0x79,
  0xab, 0x69, 0x49, 0x49, 0x8a, 0x4d, 0x06, 0x31, 0x68, 0x41, 0x48, 0x41,
  0xe6, 0x2c, 0xe6, 0x2c, 0x8c, 0x3d, 0x53, 0x7b, 0xbb, 0x7b, 0x36, 0x6f,
  0x4a, 0x29, 0xc7, 0x10, 0xc7, 0x14, 0xc6, 0x10, 0xc6, 0x10, 0xc6, 0x14,
  0xc8, 0x10, 0xf8, 0x1d, 0x5c, 0x22, 0xd9, 0x4a, 0xb2, 0x1d, 0xc7, 0x10,
  0x2c, 0x15, 0x93, 0x19, 0x30, 0x52, 0xce, 0x7a, 0x0d, 0x6e, 0x49, 0x65,
  0x8b, 0x71, 0xcb, 0x71, 0xab, 0x71, 0xed, 0x79, 0xac, 0x69, 0x6a, 0x75,
  0x8a, 0x65, 0x72, 0x56, 0xb6, 0x52, 0xd5, 0x21, 0x32, 0x42, 0x11, 0x3e,
  0x56, 0x3a, 0x95, 0x4e, 0x3a, 0x67, 0x52, 0x42, 0x31, 0x42, 0xad, 0x31,
  0x52, 0x4e, 0x92, 0x6a, 0xd5, 0x6a, 0xbb, 0x77, 0xd4, 0x6a, 0x51, 0x56,
  0x52, 0x56, 0x28, 0x2d, 0x6a, 0x39, 0x74, 0x7b, 0xb0, 0x7a, 0x6a, 0x69,
  0x6a, 0x69, 0x6a, 0x61, 0x2e, 0x66, 0x8a, 0x59, 0x2e, 0x62, 0x4f, 0x5a,
  0x69, 0x51, 0xac, 0x69, 0x8b, 0x65, 0xb1, 0x7a, 0xd2, 0x7e, 0xb1, 0x6e,
  0x6a, 0x39, 0x8b, 0x3d, 0x00, 0x00, 0x00, 0x00, 0x00, 0x00, 0x00, 0x00,
  0x00, 0x00, 0x00, 0x00, 0x00, 0x00, 0x00, 0x00, 0x6a, 0x2d, 0x72, 0x5a,
  0x16, 0x77, 0xf3, 0x76, 0xb0, 0x76, 0x8f, 0x76, 0x6f, 0x72, 0x2e, 0x6a,
  0xed, 0x65, 0xed, 0x61, 0xab, 0x5d, 0xab, 0x59, 0x6a, 0x49, 0x6a, 0x45,
  0x69, 0x3d, 0xee, 0x55, 0x00, 0x00, 0x00, 0x00, 0x00, 0x00, 0x4a, 0x29,
  0x50, 0x56, 0xb1, 0x72, 0xcc, 0x65, 0x27, 0x45, 0x28, 0x51, 0x8b, 0x59,
  0xac, 0x45, 0xaa, 0x45, 0x0e, 0x56, 0x4f, 0x62, 0x68, 0x59, 0x68, 0x59,
  0x69, 0x55, 0x06, 0x41, 0xe6, 0x34, 0x06, 0x35, 0x07, 0x3d, 0x06, 0x41,
  0x06, 0x3d, 0x06, 0x3d, 0x48, 0x45, 0x27, 0x31, 0x8a, 0x41, 0x31, 0x77,
  0xb9, 0x7f, 0x6f, 0x5a, 0xee, 0x3d, 0x09, 0x15, 0xc7, 0x14, 0xe7, 0x14,
  0xc6, 0x14, 0xc6, 0x10, 0xe8, 0x10, 0x1a, 0x1e, 0x5d, 0x1e, 0x1a, 0x57,
  0xb4, 0x1d, 0x2a, 0x19, 0x0b, 0x11, 0x93, 0x19, 0x10, 0x4e, 0x8e, 0x7a,
  0x6d, 0x7a, 0x8a, 0x6d, 0x49, 0x5d, 0x2d, 0x5e, 0xec, 0x61, 0xed, 0x5d,
  0x0d, 0x5e, 0x8a, 0x65, 0x2f, 0x76, 0xf6, 0x62, 0x10, 0x42, 0xd4, 0x21,
  0x2a, 0x1d, 0xaf, 0x31, 0x34, 0x36, 0x12, 0x3a, 0x39, 0x67, 0xf7, 0x5a,
  0xef, 0x3d, 0xf0, 0x3d, 0xd5, 0x62, 0xd4, 0x76, 0x38, 0x73, 0xda, 0x7f,
  0x97, 0x7f, 0xd4, 0x72, 0x73, 0x5a, 0xce, 0x3d, 0x92, 0x6a, 0x33, 0x7f,
  0x90, 0x7e, 0x8a, 0x75, 0x6a, 0x6d, 0x49, 0x4d, 0x6a, 0x51, 0xed, 0x5d,
  0xab, 0x5d, 0x49, 0x4d, 0x69, 0x49, 0xac, 0x6d, 0xed, 0x75, 0x6f, 0x7a,
  0xb1, 0x7e, 0x90, 0x72, 0x91, 0x62, 0x8c, 0x3d, 0x00, 0x00, 0x00, 0x00,
  0x00, 0x00, 0x00, 0x00, 0x00, 0x00, 0xa5, 0x14, 0x0f, 0x46, 0xd4, 0x66,
  0xd3, 0x6e, 0xf2, 0x76, 0xb1, 0x7a, 0x90, 0x7a, 0x4f, 0x72, 0x0e, 0x6a,
  0xcc, 0x61, 0xab, 0x5d, 0xab, 0x59, 0xac, 0x5d, 0xac, 0x55, 0x8b, 0x4d,
  0x6a, 0x41, 0xac, 0x41, 0xcd, 0x3d, 0xce, 0x49, 0x00, 0x00, 0x00, 0x00,
  0x00, 0x00, 0x00, 0x00, 0x28, 0x25, 0x70, 0x6a, 0xed, 0x6d, 0x8a, 0x59,
  0x49, 0x5d, 0x49, 0x45, 0x92, 0x5a, 0xcb, 0x51, 0x89, 0x4d, 0x90, 0x6a,
  0x49, 0x45, 0x48, 0x45, 0x49, 0x49, 0x28, 0x49, 0x48, 0x49, 0x69, 0x4d,
  0x69, 0x4d, 0x8a, 0x59, 0x89, 0x4d, 0xac, 0x45, 0xac, 0x41, 0xcd, 0x41,
  0x72, 0x5a, 0xee, 0x76, 0xba, 0x7f, 0xb0, 0x72, 0x30, 0x4a, 0xe8, 0x14,
  0xc6, 0x10, 0xc7, 0x14, 0xc7, 0x14, 0xc7, 0x14, 0xe9, 0x10, 0x1a, 0x1e,
  0x5d, 0x1e, 0x98, 0x3e, 0xf5, 0x29, 0x2b, 0x1d, 0xea, 0x10, 0xb4, 0x1d,
  0x12, 0x42, 0xb0, 0x7a, 0x8d, 0x7a, 0xab, 0x5d, 0x49, 0x49, 0xec, 0x6d,
  0x0d, 0x6a, 0x8a, 0x59, 0xec, 0x6d, 0x69, 0x59, 0x90, 0x7a, 0x58, 0x73,
  0x13, 0x36, 0xb1, 0x21, 0xe8, 0x14, 0x2b, 0x19, 0x15, 0x2e, 0xd7, 0x52,
  0xb5, 0x56, 0x7b, 0x6b, 0xce, 0x39, 0x73, 0x52, 0xd5, 0x6a, 0xb4, 0x6e,
  0xbc, 0x7b, 0xb9, 0x7f, 0x13, 0x77, 0xf4, 0x72, 0xf6, 0x66, 0x52, 0x4a,
  0x91, 0x6e, 0xb0, 0x76, 0xb0, 0x7a, 0xec, 0x79, 0x69, 0x61, 0x6a, 0x5d,
  0xab, 0x69, 0xcb, 0x5d, 0xab, 0x61, 0x8a, 0x61, 0xab, 0x59, 0x8b, 0x61,
  0xed, 0x71, 0x6f, 0x7a, 0xb1, 0x7a, 0x2e, 0x76, 0xb2, 0x6a, 0xce, 0x35,
  0x6b, 0x2d, 0x00, 0x00, 0x00, 0x00, 0x69, 0x2d, 0x71, 0x5a, 0x92, 0x66,
  0xf4, 0x76, 0xb1, 0x72, 0x8f, 0x72, 0x8f, 0x72, 0x4e, 0x6e, 0x0d, 0x6a,
  0xcc, 0x61, 0x8b, 0x59, 0x8a, 0x55, 0x8b, 0x55, 0x8b, 0x4d, 0x6a, 0x49,
  0xac, 0x49, 0xad, 0x45, 0xee, 0x41, 0xce, 0x3d, 0x29, 0x25, 0x00, 0x00,
  0x00, 0x00, 0x00, 0x00, 0x00, 0x00, 0x00, 0x00, 0x00, 0x00, 0x71, 0x5e,
  0xf3, 0x76, 0x91, 0x6a, 0x48, 0x59, 0x6a, 0x51, 0xf4, 0x6e, 0x0b, 0x6a,
  0xa9, 0x65, 0x2d, 0x6e, 0xec, 0x61, 0x28, 0x35, 0x4b, 0x25, 0x4b, 0x21,
  0x6a, 0x31, 0x6a, 0x55, 0xaa, 0x75, 0xea, 0x75, 0x48, 0x41, 0xf2, 0x2d,
  0xf8, 0x52, 0x29, 0x25, 0xcb, 0x51, 0x6c, 0x7a, 0xd9, 0x7f, 0xec, 0x61,
  0x0e, 0x4e, 0xe7, 0x18, 0xc6, 0x14, 0xc7, 0x14, 0xc7, 0x10, 0xc7, 0x14,
  0xea, 0x10, 0x3b, 0x1e, 0x5d, 0x1e, 0x19, 0x1e, 0xb0, 0x25, 0xe7, 0x18,
  0xea, 0x0c, 0xd6, 0x21, 0xf1, 0x39, 0xf1, 0x7a, 0x4e, 0x7a, 0xcb, 0x55,
  0xcc, 0x5d, 0x0c, 0x5e, 0xcc, 0x51, 0x8a, 0x4d, 0xab, 0x5d, 0xcc, 0x65,
  0xb2, 0x76, 0x55, 0x77, 0x3a, 0x5f, 0x8f, 0x25, 0x09, 0x19, 0x4c, 0x1d,
  0x90, 0x21, 0x9c, 0x6f, 0x31, 0x42, 0xd6, 0x5a, 0x11, 0x42, 0xd5, 0x66,
  0xd4, 0x6e, 0xf7, 0x6a, 0xfe, 0x7f, 0x77, 0x7f, 0xb3, 0x6e, 0x4e, 0x62,
  0x13, 0x7b, 0xb3, 0x5e, 0x8b, 0x49, 0x70, 0x6e, 0xb1, 0x7a, 0x2e, 0x7a,
  0x0e, 0x62, 0xcc, 0x5d, 0x69, 0x49, 0x8b, 0x45, 0x08, 0x31, 0x69, 0x41,
  0x69, 0x49, 0x6a, 0x55, 0x0e, 0x72, 0x70, 0x7e, 0xf3, 0x7a, 0x30, 0x5e,
  0x4a, 0x2d, 0x32, 0x3e, 0xae, 0x31, 0xab, 0x3d, 0x51, 0x52, 0xf3, 0x72,
  0xd1, 0x76, 0x8f, 0x72, 0x6e, 0x6e, 0x2e, 0x6e, 0x2d, 0x6e, 0xec, 0x65,
  0x8b, 0x5d, 0x6a, 0x59, 0x8a, 0x55, 0x6a, 0x4d, 0x6b, 0x51, 0x6a, 0x49,
  0xac, 0x45, 0xef, 0x49, 0xce, 0x39, 0xe7, 0x1c, 0x00, 0x00, 0x00, 0x00,
  0x00, 0x00, 0x00, 0x00, 0x00, 0x00, 0x00, 0x00, 0x00, 0x00, 0x00, 0x00,
  0x00, 0x00, 0x6b, 0x31, 0x92, 0x6e, 0xab, 0x61, 0x69, 0x5d, 0xcc, 0x59,
  0x50, 0x66, 0xeb, 0x69, 0xab, 0x61, 0x89, 0x5d, 0xaa, 0x65, 0x28, 0x31,
  0xb0, 0x25, 0x73, 0x46, 0x6b, 0x2d, 0x8b, 0x45, 0xf3, 0x72, 0x35, 0x77,
  0x8f, 0x62, 0xd3, 0x62, 0x58, 0x6f, 0x17, 0x6b, 0x69, 0x41, 0x4c, 0x6e,
  0xbb, 0x7f, 0x49, 0x3d, 0x8c, 0x39, 0xe7, 0x14, 0xc7, 0x10, 0xc8, 0x10,
  0xe8, 0x14, 0x09, 0x19, 0x0a, 0x11, 0x3b, 0x1a, 0x5e, 0x22, 0x7e, 0x22,
  0xb3, 0x1d, 0x4d, 0x1d, 0x8f, 0x1d, 0x0b, 0x15, 0x07, 0x1d, 0x13, 0x73,
  0x2d, 0x7a, 0xeb, 0x65, 0x4f, 0x6a, 0x2d, 0x5a, 0x2e, 0x5e, 0x2f, 0x62,
  0xb0, 0x66, 0x0d, 0x76, 0x14, 0x7b, 0xd2, 0x6e, 0x32, 0x42, 0xd8, 0x52,
  0x8f, 0x29, 0x6c, 0x29, 0x53, 0x4a, 0x7c, 0x6f, 0x11, 0x3e, 0xef, 0x41,
  0x74, 0x4e, 0xd5, 0x6a, 0xb4, 0x6a, 0xde, 0x7f, 0xdd, 0x7f, 0x55, 0x6f,
  0x51, 0x5e, 0x6a, 0x45, 0xcb, 0x5d, 0xb2, 0x7a, 0x6a, 0x35, 0x28, 0x31,
  0x6e, 0x6a, 0x6e, 0x7a, 0xcc, 0x69, 0x6a, 0x59, 0x8a, 0x5d, 0xab, 0x61,
  0x69, 0x55, 0xec, 0x61, 0x0d, 0x6a, 0x8a, 0x69, 0x0e, 0x76, 0xb1, 0x7e,
  0x55, 0x7f, 0x28, 0x31, 0x07, 0x21, 0x6b, 0x31, 0x71, 0x56, 0xd2, 0x72,
  0x8f, 0x6e, 0x4f, 0x72, 0x4d, 0x66, 0xec, 0x5d, 0xcc, 0x61, 0xab, 0x5d,
  0x8b, 0x59, 0x6a, 0x55, 0x6a, 0x51, 0x6a, 0x4d, 0x69, 0x49, 0x6a, 0x45,
  0x8c, 0x3d, 0x8c, 0x39, 0xcd, 0x41, 0xe7, 0x1c, 0x00, 0x00, 0x00, 0x00,
  0x00, 0x00, 0x00, 0x00, 0x00, 0x00, 0x00, 0x00, 0x00, 0x00, 0x00, 0x00,
  0x00, 0x00, 0x00, 0x00, 0x00, 0x00, 0x4a, 0x29, 0x30, 0x52, 0x0e, 0x6a,
  0xab, 0x65, 0xed, 0x5d, 0x0f, 0x52, 0xab, 0x5d, 0xcc, 0x55, 0x8a, 0x5d,
  0x70, 0x6e, 0xb3, 0x62, 0xd2, 0x6a, 0xf1, 0x72, 0x13, 0x77, 0xeb, 0x59,
  0x56, 0x77, 0x77, 0x77, 0xf0, 0x76, 0x0d, 0x7b, 0x74, 0x7f, 0x77, 0x7b,
  0x27, 0x41, 0x4d, 0x72, 0x79, 0x73, 0x28, 0x31, 0xe7, 0x20, 0xc6, 0x14,
  0xc6, 0x10, 0xc7, 0x10, 0x0a, 0x15, 0xe8, 0x10, 0xea, 0x10, 0x3c, 0x1e,
  0x7e, 0x22, 0x9e, 0x26, 0x3c, 0x1e, 0x1a, 0x22, 0x71, 0x15, 0x91, 0x19,
  0x2c, 0x15, 0xcc, 0x39, 0xd2, 0x7a, 0x6e, 0x7a, 0x0d, 0x72, 0xcb, 0x51,
  0x69, 0x49, 0xcc, 0x61, 0xd1, 0x7a, 0x8e, 0x76, 0xb1, 0x7a, 0xb3, 0x6a,
  0x10, 0x3a, 0x11, 0x36, 0xf8, 0x52, 0x74, 0x4a, 0x95, 0x52, 0x95, 0x52,
  0x31, 0x42, 0x10, 0x46, 0xb6, 0x56, 0xf6, 0x6e, 0x38, 0x73, 0xff, 0x7b,
  0x37, 0x73, 0x56, 0x7b, 0x15, 0x77, 0x70, 0x62, 0xcb, 0x59, 0xab, 0x69,
  0x8b, 0x39, 0xe7, 0x20, 0x89, 0x41, 0xaf, 0x7a, 0x2e, 0x7a, 0xab, 0x69,
  0x0e, 0x6e, 0x49, 0x4d, 0x69, 0x4d, 0xcc, 0x5d, 0xcc, 0x6d, 0xab, 0x71,
  0x4f, 0x7a, 0xf2, 0x7a, 0x55, 0x7f, 0x69, 0x3d, 0xed, 0x51, 0x8f, 0x6a,
  0x8f, 0x6e, 0x4e, 0x6a, 0x0d, 0x62, 0xec, 0x5d, 0xab, 0x59, 0x8b, 0x55,
  0x6a, 0x51, 0x6a, 0x51, 0x6a, 0x4d, 0x69, 0x49, 0x6a, 0x45, 0x8b, 0x45,
  0x8b, 0x39, 0x8c, 0x39, 0xe7, 0x1c, 0x00, 0x00, 0x00, 0x00, 0x00, 0x00,
  0x00, 0x00, 0x00, 0x00, 0x00, 0x00, 0x00, 0x00, 0x00, 0x00, 0x00, 0x00,
  0x00, 0x00, 0x00, 0x00, 0x00, 0x00, 0x00, 0x00, 0x00, 0x00, 0xc6, 0x18,
  0x52, 0x52, 0x4f, 0x6a, 0xab, 0x61, 0xcc, 0x55, 0xac, 0x3d, 0x69, 0x49,
  0xee, 0x4d, 0x8b, 0x51, 0x14, 0x7b, 0x2f, 0x66, 0xf2, 0x7a, 0xae, 0x7a,
  0xf0, 0x7e, 0xca, 0x59, 0xf2, 0x76, 0x12, 0x7b, 0x15, 0x73, 0xec, 0x7a,
  0x50, 0x7f, 0x34, 0x7b, 0x47, 0x51, 0xd0, 0x7a, 0x10, 0x42, 0x4b, 0x21,
  0x2b, 0x1d, 0xe9, 0x14, 0xc7, 0x10, 0xc7, 0x10, 0xe8, 0x14, 0xc7, 0x10,
  0x0a, 0x11, 0x5c, 0x22, 0x7e, 0x26, 0x9e, 0x2a, 0x5d, 0x1e, 0x5d, 0x1e,
  0x92, 0x19, 0x3a, 0x22, 0x91, 0x19, 0x8b, 0x29, 0x14, 0x67, 0xd1, 0x72,
  0xec, 0x61, 0x8b, 0x5d, 0xec, 0x6d, 0x0c, 0x72, 0xed, 0x79, 0xf3, 0x7a,
  0xb1, 0x72, 0xcd, 0x41, 0x12, 0x3a, 0xf1, 0x31, 0x6c, 0x25, 0x95, 0x52,
  0x18, 0x5f, 0x11, 0x3e, 0x53, 0x42, 0x95, 0x52, 0xb6, 0x56, 0x17, 0x6b,
  0xbc, 0x7b, 0xde, 0x7f, 0x0e, 0x5a, 0xec, 0x61, 0x2d, 0x76, 0x4d, 0x7a,
  0x6e, 0x7a, 0xaa, 0x6d, 0x48, 0x41, 0x08, 0x25, 0x49, 0x31, 0xb0, 0x76,
  0x6f, 0x7a, 0xed, 0x71, 0x89, 0x5d, 0x69, 0x55, 0x8a, 0x5d, 0x6a, 0x61,
  0x8a, 0x71, 0x2f, 0x7a, 0xb1, 0x7a, 0xf2, 0x7a, 0xf2, 0x7e, 0x6f, 0x72,
  0x6f, 0x72, 0x2e, 0x6e, 0x0c, 0x66, 0xcc, 0x5d, 0xab, 0x55, 0x6a, 0x4d,
  0x49, 0x4d, 0x49, 0x49, 0x48, 0x45, 0x69, 0x45, 0x6a, 0x3d, 0xac, 0x41,
  0xac, 0x39, 0x47, 0x29, 0x00, 0x00, 0x00, 0x00, 0x00, 0x00, 0x00, 0x00,
  0x00, 0x00, 0x00, 0x00, 0x00, 0x00, 0x00, 0x00, 0x00, 0x00, 0x00, 0x00,
  0x00, 0x00, 0x00, 0x00, 0x00, 0x00, 0x00, 0x00, 0x00, 0x00, 0x00, 0x00,
  0x00, 0x00, 0x27, 0x25, 0x94, 0x52, 0x30, 0x5a, 0x69, 0x4d, 0x6a, 0x51,
  0x8d, 0x31, 0x53, 0x4a, 0x30, 0x4a, 0x0e, 0x4e, 0x0d, 0x62, 0xeb, 0x5d,
  0x6f, 0x72, 0xae, 0x7a, 0xcf, 0x7a, 0xcc, 0x51, 0x6e, 0x6a, 0x8e, 0x7a,
  0x9b, 0x7f, 0xee, 0x7a, 0xee, 0x7a, 0x6e, 0x7a, 0x89, 0x59, 0x14, 0x6f,
  0xcf, 0x31, 0xf0, 0x31, 0xd0, 0x2d, 0x4d, 0x15, 0xf2, 0x2d, 0xc8, 0x10,
  0xc7, 0x14, 0xc7, 0x14, 0x0b, 0x11, 0x3c, 0x1e, 0x7e, 0x22, 0x7e, 0x22,
  0x5d, 0x1e, 0x3c, 0x1e, 0xb4, 0x1d, 0xbd, 0x36, 0xd0, 0x29, 0x31, 0x4a,
  0x52, 0x52, 0x69, 0x45, 0x71, 0x66, 0x50, 0x62, 0xab, 0x59, 0x0d, 0x6a,
  0x91, 0x6e, 0x92, 0x6e, 0x0e, 0x66, 0x8f, 0x25, 0x8d, 0x25, 0x0a, 0x19,
  0x09, 0x19, 0x4b, 0x21, 0x7c, 0x6f, 0x19, 0x5f, 0xd7, 0x52, 0x5a, 0x6f,
  0xb6, 0x56, 0x17, 0x6b, 0xde, 0x7f, 0x9b, 0x7b, 0xb9, 0x7f, 0xf5, 0x72,
  0xcb, 0x51, 0x48, 0x55, 0xab, 0x79, 0x49, 0x61, 0x8b, 0x59, 0xe6, 0x24,
  0xc6, 0x20, 0xf3, 0x72, 0xb0, 0x76, 0x4f, 0x7a, 0xcc, 0x71, 0x6a, 0x71,
  0x8a, 0x6d, 0x8a, 0x69, 0xac, 0x71, 0xd3, 0x76, 0x50, 0x72, 0x4f, 0x7a,
  0x70, 0x7a, 0xec, 0x69, 0xec, 0x5d, 0xcb, 0x5d, 0xab, 0x55, 0x6a, 0x4d,
  0x49, 0x45, 0x49, 0x41, 0x49, 0x3d, 0x8b, 0x3d, 0xad, 0x41, 0xcd, 0x39,
  0x8c, 0x31, 0x00, 0x00, 0x00, 0x00, 0x00, 0x00, 0x00, 0x00, 0x00, 0x00,
  0x00, 0x00, 0x00, 0x00, 0x00, 0x00, 0x00, 0x00, 0x00, 0x00, 0x00, 0x00,
  0x00, 0x00, 0x00, 0x00, 0x00, 0x00, 0x00, 0x00, 0x00, 0x00, 0x00, 0x00,
  0x00, 0x00, 0x00, 0x00, 0x00, 0x00, 0x27, 0x25, 0xf7, 0x5e, 0xf0, 0x39,
  0x29, 0x3d, 0xab, 0x55, 0xf2, 0x2d, 0x6f, 0x1d, 0x29, 0x21, 0x8d, 0x29,
  0x8c, 0x41, 0x69, 0x55, 0x69, 0x61, 0xca, 0x69, 0xae, 0x76, 0xab, 0x49,
  0x2c, 0x62, 0xac, 0x7a, 0x78, 0x77, 0xd0, 0x6e, 0xcf, 0x6e, 0x2c, 0x66,
  0x2d, 0x62, 0x30, 0x46, 0x75, 0x46, 0x6d, 0x1d, 0x6e, 0x1d, 0x0a, 0x15,
  0xb0, 0x29, 0x8d, 0x25, 0x4b, 0x1d, 0xe9, 0x14, 0x0b, 0x11, 0xf8, 0x19,
  0xf9, 0x19, 0xb6, 0x19, 0xd6, 0x19, 0xb3, 0x1d, 0x38, 0x2a, 0x14, 0x2e,
  0x74, 0x42, 0x59, 0x6b, 0xee, 0x45, 0x28, 0x41, 0x49, 0x3d, 0x29, 0x39,
  0x28, 0x39, 0x49, 0x41, 0x8a, 0x51, 0x69, 0x51, 0x8b, 0x39, 0x17, 0x26,
  0x19, 0x5b, 0xd7, 0x56, 0x2b, 0x1d, 0x8d, 0x29, 0xf8, 0x5e, 0x7b, 0x6f,
  0x75, 0x42, 0x9c, 0x77, 0xb6, 0x4e, 0xf7, 0x66, 0xbd, 0x7b, 0xcb, 0x4d,
  0x0b, 0x62, 0x4c, 0x7a, 0x6d, 0x7a, 0x13, 0x77, 0x89, 0x5d, 0x69, 0x59,
  0x6a, 0x5d, 0xe6, 0x28, 0xc6, 0x1c, 0x0d, 0x5a, 0x11, 0x7f, 0x4e, 0x72,
  0x4f, 0x72, 0x6a, 0x6d, 0x6a, 0x69, 0x8b, 0x69, 0xed, 0x71, 0xcd, 0x59,
  0xcc, 0x65, 0x4f, 0x7a, 0x4e, 0x72, 0xab, 0x5d, 0x6a, 0x55, 0x69, 0x4d,
  0x28, 0x45, 0x49, 0x3d, 0x8b, 0x41, 0x8b, 0x39, 0x8b, 0x39, 0xce, 0x41,
  0xe7, 0x1c, 0x00, 0x00, 0x00, 0x00, 0x00, 0x00, 0x00, 0x00, 0x00, 0x00,
  0x00, 0x00, 0x00, 0x00, 0x00, 0x00, 0x00, 0x00, 0x00, 0x00, 0x00, 0x00,
  0x00, 0x00, 0x00, 0x00, 0x00, 0x00, 0x00, 0x00, 0x00, 0x00, 0x00, 0x00,
  0x00, 0x00, 0x00, 0x00, 0x00, 0x00, 0x00, 0x00, 0x00, 0x00, 0x27, 0x25,
  0xd8, 0x52, 0x37, 0x2e, 0xb0, 0x2d, 0xd0, 0x35, 0xd6, 0x21, 0x6f, 0x19,
  0x09, 0x15, 0xd1, 0x2d, 0xae, 0x2d, 0x8b, 0x4d, 0x8a, 0x51, 0xac, 0x55,
  0x2d, 0x66, 0xec, 0x5d, 0x0c, 0x66, 0x0d, 0x62, 0xd2, 0x62, 0x11, 0x6f,
  0x98, 0x77, 0x0d, 0x4e, 0xcc, 0x49, 0x12, 0x3a, 0xd1, 0x2d, 0x4d, 0x1d,
  0x4d, 0x19, 0xe9, 0x14, 0x6e, 0x19, 0xb0, 0x25, 0x09, 0x19, 0x34, 0x3a,
  0x4b, 0x1d, 0x4d, 0x15, 0x6f, 0x19, 0x70, 0x19, 0xb4, 0x1d, 0xf5, 0x25,
  0xba, 0x3a, 0x54, 0x42, 0x7a, 0x6b, 0x98, 0x77, 0xb9, 0x7f, 0x56, 0x6f,
  0x93, 0x56, 0x35, 0x6f, 0x13, 0x6b, 0x15, 0x6f, 0x36, 0x77, 0x34, 0x7b,
  0x4f, 0x56, 0x57, 0x2a, 0xf4, 0x62, 0x99, 0x7b, 0x38, 0x63, 0x12, 0x3a,
  0x8e, 0x25, 0x53, 0x42, 0x96, 0x42, 0x18, 0x5f, 0x5a, 0x6b, 0x18, 0x6b,
  0x9b, 0x7f, 0x91, 0x6a, 0xec, 0x55, 0x8a, 0x5d, 0xaa, 0x61, 0x0e, 0x72,
  0x49, 0x5d, 0x49, 0x59, 0xac, 0x59, 0x28, 0x2d, 0xc6, 0x1c, 0x69, 0x41,
  0xf2, 0x7e, 0x4e, 0x76, 0x89, 0x5d, 0xab, 0x61, 0x6a, 0x5d, 0x6a, 0x51,
  0x49, 0x49, 0x8a, 0x51, 0xcc, 0x69, 0x2e, 0x7a, 0x90, 0x76, 0x8b, 0x51,
  0x28, 0x41, 0x4a, 0x3d, 0x8b, 0x3d, 0xac, 0x3d, 0xad, 0x3d, 0xef, 0x3d,
  0x00, 0x00, 0x00, 0x00, 0x00, 0x00, 0x00, 0x00, 0x00, 0x00, 0x00, 0x00,
  0x00, 0x00, 0x00, 0x00, 0x00, 0x00, 0x00, 0x00, 0x00, 0x00, 0x00, 0x00,
  0x00, 0x00, 0x00, 0x00, 0x00, 0x00, 0x00, 0x00, 0x00, 0x00, 0x00, 0x00,
  0x00, 0x00, 0x00, 0x00, 0x00, 0x00, 0x00, 0x00, 0x00, 0x00, 0x00, 0x00,
  0x00, 0x00, 0x07, 0x21, 0x55, 0x3a, 0xf7, 0x21, 0x91, 0x19, 0xb2, 0x1d,
  0xd6, 0x1d, 0x71, 0x19, 0x2c, 0x15, 0x0a, 0x19, 0xaf, 0x2d, 0x2f, 0x56,
  0x8a, 0x45, 0x8b, 0x45, 0x2e, 0x66, 0xab, 0x49, 0x29, 0x21, 0x2b, 0x1d,
  0x4c, 0x21, 0x8a, 0x31, 0xd9, 0x7f, 0x30, 0x7b, 0x0c, 0x56, 0x53, 0x42,
  0x4d, 0x1d, 0x8f, 0x1d, 0x6f, 0x19, 0x2c, 0x19, 0x0b, 0x11, 0x90, 0x1d,
  0x6d, 0x1d, 0x0b, 0x15, 0x54, 0x42, 0xb0, 0x25, 0x57, 0x36, 0xfb, 0x52,
  0x7d, 0x63, 0x1a, 0x5b, 0x56, 0x36, 0x5b, 0x6b, 0x35, 0x6f, 0x99, 0x7b,
  0x74, 0x7b, 0x8f, 0x5e, 0x74, 0x4e, 0xf5, 0x66, 0x55, 0x77, 0x77, 0x7b,
  0x98, 0x7f, 0x77, 0x77, 0xd1, 0x5e, 0x34, 0x32, 0x72, 0x52, 0xf0, 0x76,
  0x32, 0x7b, 0xdc, 0x7b, 0xde, 0x7b, 0x94, 0x52, 0x73, 0x46, 0x34, 0x36,
  0xbd, 0x77, 0xde, 0x7b, 0x7b, 0x77, 0xd2, 0x6e, 0xf1, 0x7a, 0x12, 0x7b,
  0x2d, 0x62, 0x48, 0x51, 0x49, 0x55, 0x48, 0x51, 0xce, 0x49, 0xe7, 0x1c,
  0xe6, 0x20, 0x06, 0x35, 0x90, 0x7a, 0x6e, 0x76, 0x49, 0x69, 0x49, 0x65,
  0x6a, 0x65, 0x49, 0x5d, 0x48, 0x55, 0x6a, 0x51, 0x8b, 0x55, 0x2f, 0x66,
  0x0f, 0x62, 0xee, 0x4d, 0xac, 0x3d, 0x4a, 0x2d, 0xe7, 0x1c, 0x00, 0x00,
  0x00, 0x00, 0x00, 0x00, 0x00, 0x00, 0x00, 0x00, 0x00, 0x00, 0x00, 0x00,
  0x00, 0x00, 0x00, 0x00, 0x00, 0x00, 0x00, 0x00, 0x00, 0x00, 0x00, 0x00,
  0x00, 0x00, 0x00, 0x00, 0x00, 0x00, 0x00, 0x00, 0x00, 0x00, 0x00, 0x00,
  0x00, 0x00, 0x00, 0x00, 0x00, 0x00, 0x00, 0x00, 0x00, 0x00, 0x00, 0x00,
  0x00, 0x00, 0x00, 0x00, 0x00, 0x00, 0xce, 0x35, 0x55, 0x3a, 0xf7, 0x1d,
  0xb2, 0x1d, 0x92, 0x19, 0xd6, 0x1d, 0x93, 0x19, 0x91, 0x1d, 0x8d, 0x25,
  0x2b, 0x19, 0x0e, 0x52, 0x8a, 0x45, 0x89, 0x55, 0xd0, 0x76, 0xed, 0x59,
  0x4b, 0x2d, 0x49, 0x31, 0x8b, 0x39, 0x2f, 0x52, 0x96, 0x7f, 0x2e, 0x7b,
  0xeb, 0x55, 0x51, 0x4a, 0xe8, 0x18, 0x09, 0x15, 0x2c, 0x15, 0x4d, 0x1d,
  0xb1, 0x21, 0x0b, 0x15, 0x91, 0x1d, 0xe9, 0x10, 0x8f, 0x25, 0xd0, 0x2d,
  0xf7, 0x5a, 0xfe, 0x7f, 0xde, 0x7b, 0x53, 0x3e, 0xb9, 0x3a, 0xf9, 0x52,
  0x54, 0x7b, 0xac, 0x76, 0x2c, 0x62, 0x2d, 0x62, 0x4e, 0x62, 0xf2, 0x7a,
  0xcf, 0x7a, 0xcf, 0x76, 0xd0, 0x76, 0xf0, 0x6e, 0xb0, 0x6a, 0x4f, 0x56,
  0xf1, 0x35, 0xd3, 0x5a, 0xaf, 0x6e, 0x8f, 0x72, 0x6f, 0x66, 0xd3, 0x72,
  0x79, 0x73, 0x10, 0x42, 0x5a, 0x6b, 0xde, 0x7f, 0xbc, 0x7b, 0x8a, 0x3d,
  0x0c, 0x62, 0xae, 0x7a, 0xeb, 0x6d, 0xcc, 0x59, 0xcc, 0x5d, 0xac, 0x4d,
  0xe7, 0x20, 0x28, 0x29, 0x72, 0x5a, 0x8a, 0x45, 0xed, 0x71, 0x4e, 0x7a,
  0x8b, 0x69, 0x69, 0x65, 0x49, 0x61, 0x49, 0x5d, 0x49, 0x51, 0x48, 0x4d,
  0xcc, 0x59, 0x0f, 0x5a, 0xf7, 0x6a, 0x9b, 0x77, 0xbc, 0x7b, 0x9c, 0x73,
  0x31, 0x46, 0x00, 0x00, 0x00, 0x00, 0x00, 0x00, 0x00, 0x00, 0x00, 0x00,
  0x00, 0x00, 0x00, 0x00, 0x00, 0x00, 0x00, 0x00, 0x00, 0x00, 0x00, 0x00,
  0x00, 0x00, 0x00, 0x00, 0x00, 0x00, 0x00, 0x00, 0x00, 0x00, 0x00, 0x00,
  0x00, 0x00, 0x00, 0x00, 0x00, 0x00, 0x00, 0x00, 0x00, 0x00, 0x00, 0x00,
  0x00, 0x00, 0x00, 0x00, 0x00, 0x00, 0x00, 0x00, 0x00, 0x00, 0xae, 0x2d,
  0x78, 0x3e, 0xd6, 0x1d, 0xd6, 0x1d, 0xb5, 0x19, 0xd5, 0x1d, 0xd6, 0x1d,
  0x91, 0x1d, 0x2b, 0x1d, 0x0a, 0x19, 0x0f, 0x46, 0xab, 0x49, 0x89, 0x51,
  0x12, 0x77, 0x0c, 0x6a, 0x0e, 0x6a, 0x0d, 0x62, 0x4e, 0x66, 0x4e, 0x62,
  0x8f, 0x5a, 0x6d, 0x5a, 0x69, 0x35, 0x49, 0x25, 0xc6, 0x14, 0xc6, 0x14,
  0xc6, 0x10, 0xc8, 0x10, 0x0b, 0x15, 0xb2, 0x21, 0x91, 0x1d, 0x90, 0x19,
  0x2c, 0x15, 0xd2, 0x25, 0xd0, 0x31, 0x36, 0x6b, 0x98, 0x7f, 0x53, 0x3e,
  0xd3, 0x21, 0x73, 0x46, 0xee, 0x7a, 0xef, 0x7a, 0x54, 0x7b, 0x11, 0x77,
  0xef, 0x76, 0xae, 0x6e, 0x8e, 0x6a, 0x55, 0x73, 0x79, 0x73, 0xbc, 0x7b,
  0xdc, 0x7b, 0x98, 0x7b, 0x93, 0x56, 0xf0, 0x39, 0x4e, 0x56, 0x8e, 0x62,
  0xeb, 0x65, 0x6d, 0x72, 0x12, 0x73, 0x31, 0x4e, 0x31, 0x4a, 0x94, 0x56,
  0x72, 0x5e, 0x0e, 0x52, 0x71, 0x5a, 0xf3, 0x76, 0xd2, 0x7a, 0x4d, 0x6e,
  0x4f, 0x72, 0x8b, 0x3d, 0xcd, 0x41, 0xf4, 0x6e, 0x2f, 0x5a, 0x28, 0x31,
  0xcb, 0x6d, 0xcb, 0x79, 0x8a, 0x65, 0x6a, 0x65, 0x49, 0x5d, 0x6a, 0x5d,
  0x8b, 0x61, 0xcd, 0x5d, 0xef, 0x49, 0xce, 0x3d, 0x8c, 0x31, 0x10, 0x42,
  0xf6, 0x62, 0x9a, 0x77, 0x7a, 0x73, 0x5a, 0x6b, 0xad, 0x35, 0x00, 0x00,
  0x00, 0x00, 0x00, 0x00, 0x00, 0x00, 0x00, 0x00, 0x00, 0x00, 0x00, 0x00,
  0x00, 0x00, 0x00, 0x00, 0x00, 0x00, 0x00, 0x00, 0x00, 0x00, 0x00, 0x00,
  0x00, 0x00, 0x00, 0x00, 0x00, 0x00, 0x00, 0x00, 0x00, 0x00, 0x00, 0x00,
  0x00, 0x00, 0x00, 0x00, 0x00, 0x00, 0x00, 0x00, 0x00, 0x00, 0x00, 0x00,
  0x00, 0x00, 0xd0, 0x31, 0xf5, 0x25, 0xf8, 0x21, 0xd6, 0x1d, 0x70, 0x15,
  0x93, 0x19, 0xd6, 0x1d, 0x6f, 0x1d, 0x2b, 0x19, 0x4c, 0x1d, 0x6b, 0x29,
  0x8d, 0x31, 0x6b, 0x2d, 0x6b, 0x31, 0x6b, 0x31, 0xe7, 0x20, 0xc5, 0x1c,
  0xe5, 0x28, 0x69, 0x45, 0x90, 0x6a, 0xb1, 0x6a, 0xee, 0x41, 0xe7, 0x18,
  0xc5, 0x10, 0xc6, 0x10, 0xc6, 0x10, 0xa6, 0x10, 0xa6, 0x10, 0xc7, 0x10,
  0x8f, 0x21, 0x4e, 0x19, 0x70, 0x19, 0x2b, 0x15, 0xb1, 0x25, 0x71, 0x4e,
  0x0e, 0x7b, 0x90, 0x52, 0xf2, 0x29, 0x93, 0x4a, 0xd2, 0x6e, 0x32, 0x7b,
  0x53, 0x7b, 0x10, 0x77, 0xef, 0x7a, 0x8f, 0x6e, 0xd2, 0x6e, 0xbb, 0x77,
  0xdc, 0x7b, 0xfd, 0x7f, 0x9c, 0x77, 0x9b, 0x73, 0x78, 0x73, 0x71, 0x52,
  0xf3, 0x62, 0xef, 0x76, 0xcb, 0x6d, 0x6c, 0x76, 0xce, 0x72, 0x30, 0x4e,
  0x38, 0x67, 0xf6, 0x66, 0x51, 0x56, 0xd4, 0x6e, 0x4f, 0x6e, 0x2e, 0x72,
  0xec, 0x6d, 0x2e, 0x7a, 0x0d, 0x6e, 0x8b, 0x3d, 0x6a, 0x45, 0x6a, 0x45,
  0x49, 0x35, 0x29, 0x35, 0xcd, 0x55, 0xaa, 0x79, 0x6a, 0x6d, 0x8b, 0x65,
  0x6a, 0x5d, 0x8a, 0x55, 0x8b, 0x45, 0xac, 0x35, 0xad, 0x39, 0x6c, 0x31,
  0x6c, 0x2d, 0x6c, 0x29, 0x6b, 0x2d, 0xad, 0x39, 0xf6, 0x66, 0x7b, 0x77,
  0x9c, 0x73, 0x17, 0x5f, 0xb5, 0x56, 0x00, 0x00, 0x00, 0x00, 0x00, 0x00,
  0x00, 0x00, 0x00, 0x00, 0x00, 0x00, 0x00, 0x00, 0x00, 0x00, 0x00, 0x00,
  0x00, 0x00, 0x00, 0x00, 0x00, 0x00, 0x00, 0x00, 0x00, 0x00, 0x00, 0x00,
  0x00, 0x00, 0x00, 0x00, 0x00, 0x00, 0x00, 0x00, 0x00, 0x00, 0x00, 0x00,
  0x00, 0x00, 0x00, 0x00, 0x00, 0x00, 0x13, 0x32, 0xd6, 0x1d, 0xd6, 0x1d,
  0xb5, 0x1d, 0x4f, 0x1d, 0x6f, 0x19, 0xb5, 0x1d, 0x4d, 0x19, 0x4d, 0x1d,
  0x2b, 0x19, 0xc7, 0x14, 0xc7, 0x14, 0x8d, 0x29, 0x27, 0x29, 0x29, 0x31,
  0x28, 0x35, 0xab, 0x4d, 0x4e, 0x62, 0x4f, 0x6e, 0xed, 0x65, 0x48, 0x49,
  0x51, 0x5a, 0x51, 0x4a, 0xe7, 0x18, 0xc6, 0x10, 0xc6, 0x14, 0xc6, 0x14,
  0xa5, 0x10, 0xc6, 0x10, 0x0a, 0x15, 0x4c, 0x21, 0x6e, 0x1d, 0x8f, 0x21,
  0x0a, 0x11, 0xcf, 0x39, 0xae, 0x6a, 0xed, 0x72, 0xce, 0x35, 0x7d, 0x26,
  0x74, 0x46, 0x0f, 0x7b, 0x12, 0x77, 0xf2, 0x76, 0x8f, 0x6a, 0xcb, 0x5d,
  0x71, 0x62, 0x79, 0x73, 0x78, 0x73, 0xdc, 0x7f, 0xde, 0x7b, 0xdc, 0x7f,
  0xf3, 0x6a, 0x53, 0x42, 0x0f, 0x4a, 0xed, 0x49, 0xf6, 0x62, 0x6f, 0x62,
  0x6f, 0x5a, 0x7a, 0x73, 0x30, 0x52, 0xd3, 0x72, 0x90, 0x6e, 0xcb, 0x65,
  0x4d, 0x76, 0x0c, 0x6e, 0xeb, 0x69, 0x4e, 0x7a, 0xcb, 0x65, 0x48, 0x3d,
  0x91, 0x66, 0x6b, 0x31, 0x8c, 0x41, 0xac, 0x59, 0x6a, 0x4d, 0x69, 0x61,
  0x6a, 0x5d, 0x6a, 0x5d, 0x49, 0x3d, 0x8c, 0x35, 0xee, 0x41, 0xcf, 0x3d,
  0xae, 0x39, 0xce, 0x39, 0x8c, 0x2d, 0x4b, 0x25, 0x4b, 0x21, 0x4a, 0x21,
  0x0f, 0x42, 0x7a, 0x77, 0xbc, 0x7b, 0xdd, 0x7f, 0xf6, 0x5e, 0x00, 0x00,
  0x00, 0x00, 0x00, 0x00, 0x00, 0x00, 0x00, 0x00, 0x00, 0x00, 0x00, 0x00,
  0x00, 0x00, 0x00, 0x00, 0x00, 0x00, 0x00, 0x00, 0x00, 0x00, 0x00, 0x00,
  0x00, 0x00, 0x00, 0x00, 0x00, 0x00, 0x00, 0x00, 0x00, 0x00, 0x00, 0x00,
  0x00, 0x00, 0x00, 0x00, 0x00, 0x00, 0x00, 0x00, 0x24, 0x11, 0xf3, 0x29,
  0xd7, 0x1d, 0xb5, 0x1d, 0xd6, 0x1d, 0x6f, 0x21, 0x4d, 0x1d, 0xb5, 0x1d,
  0x2c, 0x19, 0x6e, 0x1d, 0x4c, 0x19, 0xe8, 0x14, 0xcf, 0x35, 0x69, 0x31,
  0x0c, 0x62, 0x69, 0x5d, 0x6a, 0x61, 0x69, 0x65, 0x6e, 0x76, 0xea, 0x71,
  0x0c, 0x76, 0x0d, 0x6a, 0x6a, 0x49, 0xcb, 0x41, 0x30, 0x4e, 0x0f, 0x3e,
  0x07, 0x1d, 0xc6, 0x14, 0xc6, 0x14, 0x09, 0x1d, 0xe8, 0x14, 0x4e, 0x19,
  0xf3, 0x2d, 0xb0, 0x29, 0x8f, 0x25, 0x6c, 0x21, 0x71, 0x5a, 0xef, 0x72,
  0xd3, 0x5e, 0xb0, 0x21, 0xf1, 0x39, 0x4e, 0x6a, 0xab, 0x65, 0xeb, 0x6d,
  0x0c, 0x6a, 0x69, 0x69, 0x0b, 0x76, 0xd2, 0x72, 0x91, 0x6a, 0x6e, 0x66,
  0x51, 0x7f, 0x2f, 0x7b, 0x8f, 0x5e, 0xae, 0x29, 0x94, 0x4a, 0x4a, 0x25,
  0xed, 0x45, 0x13, 0x77, 0xec, 0x65, 0x6f, 0x72, 0xcb, 0x61, 0xcb, 0x65,
  0xb0, 0x76, 0x8b, 0x69, 0x8a, 0x61, 0x8a, 0x5d, 0xcc, 0x69, 0xac, 0x6d,
  0x49, 0x49, 0x28, 0x35, 0x90, 0x76, 0x8a, 0x49, 0x8b, 0x3d, 0xac, 0x49,
  0x49, 0x51, 0x8b, 0x4d, 0x8b, 0x45, 0x6a, 0x31, 0xae, 0x35, 0x10, 0x46,
  0x0f, 0x46, 0x31, 0x4e, 0xad, 0x31, 0x8d, 0x31, 0x8d, 0x31, 0x6b, 0x31,
  0x6a, 0x41, 0xac, 0x51, 0x4a, 0x3d, 0x30, 0x4e, 0xbc, 0x7b, 0x9b, 0x7b,
  0x9c, 0x77, 0x6b, 0x2d, 0x00, 0x00, 0x00, 0x00, 0x00, 0x00, 0x00, 0x00,
  0x00, 0x00, 0x00, 0x00, 0x00, 0x00, 0x00, 0x00, 0x00, 0x00, 0x00, 0x00,
  0x00, 0x00, 0x00, 0x00, 0x00, 0x00, 0x00, 0x00, 0x00, 0x00, 0x00, 0x00,
  0x00, 0x00, 0x00, 0x00, 0x00, 0x00, 0x00, 0x00, 0x00, 0x00, 0xef, 0x3d,
  0x12, 0x36, 0xf6, 0x25, 0xf8, 0x21, 0xd7, 0x1d, 0xd6, 0x1d, 0x6e, 0x21,
  0x4c, 0x21, 0xd5, 0x1d, 0x2c, 0x19, 0x6f, 0x1d, 0x6d, 0x25, 0x10, 0x42,
  0x8a, 0x35, 0x48, 0x3d, 0x69, 0x4d, 0x28, 0x51, 0x49, 0x55, 0xed, 0x5d,
  0x0d, 0x5e, 0xec, 0x65, 0xeb, 0x6d, 0x8f, 0x6a, 0xec, 0x61, 0x69, 0x45,
  0x69, 0x45, 0xab, 0x45, 0xed, 0x4d, 0x30, 0x52, 0xac, 0x3d, 0xb2, 0x5e,
  0x0e, 0x4e, 0xcc, 0x41, 0xac, 0x41, 0x30, 0x62, 0x0e, 0x5e, 0x2f, 0x5a,
  0x0f, 0x5e, 0x0d, 0x62, 0x0e, 0x5a, 0x0e, 0x5a, 0xcc, 0x59, 0xab, 0x71,
  0x69, 0x61, 0xaa, 0x75, 0x2c, 0x6e, 0x48, 0x65, 0xea, 0x75, 0x8a, 0x45,
  0x6c, 0x2d, 0x8c, 0x35, 0x4f, 0x52, 0x6d, 0x5e, 0xae, 0x6e, 0x70, 0x56,
  0x6b, 0x29, 0x51, 0x4e, 0x8f, 0x7a, 0x4d, 0x7a, 0xec, 0x69, 0x0d, 0x76,
  0x8a, 0x65, 0xaa, 0x6d, 0x2d, 0x72, 0x69, 0x5d, 0xab, 0x55, 0x8a, 0x51,
  0xec, 0x65, 0xac, 0x61, 0x6a, 0x39, 0x6a, 0x39, 0xcb, 0x5d, 0x8a, 0x59,
  0xef, 0x49, 0xce, 0x39, 0x6c, 0x25, 0x32, 0x46, 0x8c, 0x35, 0x8d, 0x35,
  0x31, 0x4a, 0x10, 0x46, 0x31, 0x4a, 0xef, 0x41, 0xef, 0x45, 0xce, 0x3d,
  0xac, 0x4d, 0xcc, 0x69, 0xcc, 0x75, 0xac, 0x75, 0x8b, 0x75, 0x6b, 0x69,
  0x30, 0x6a, 0xf6, 0x6e, 0x59, 0x77, 0x5a, 0x6b, 0x00, 0x00, 0x00, 0x00,
  0x00, 0x00, 0x00, 0x00, 0x00, 0x00, 0x00, 0x00, 0x00, 0x00, 0x00, 0x00,
  0x00, 0x00, 0x00, 0x00, 0x00, 0x00, 0x00, 0x00, 0x00, 0x00, 0x00, 0x00,
  0x00, 0x00, 0x00, 0x00, 0x00, 0x00, 0x00, 0x00, 0x00, 0x00, 0x00, 0x00,
  0x00, 0x00, 0x13, 0x3a, 0x35, 0x32, 0xd6, 0x21, 0xf8, 0x21, 0xf8, 0x21,
  0xd6, 0x1d, 0x8f, 0x25, 0x4d, 0x25, 0xb4, 0x21, 0x4d, 0x21, 0xf1, 0x35,
  0x95, 0x4e, 0xad, 0x35, 0x8a, 0x49, 0x2d, 0x6a, 0x48, 0x51, 0x69, 0x55,
  0x0e, 0x62, 0x57, 0x77, 0x0c, 0x66, 0x4e, 0x6a, 0xeb, 0x61, 0x8f, 0x62,
  0x2d, 0x62, 0xab, 0x55, 0xed, 0x5d, 0xab, 0x51, 0xab, 0x51, 0x69, 0x59,
  0xf4, 0x66, 0xcb, 0x61, 0x0e, 0x6a, 0xaa, 0x5d, 0x05, 0x31, 0x8a, 0x59,
  0xca, 0x69, 0xec, 0x71, 0x0d, 0x66, 0xeb, 0x71, 0x4e, 0x6a, 0xc9, 0x6d,
  0xec, 0x65, 0x89, 0x71, 0x2e, 0x72, 0x89, 0x75, 0x4c, 0x72, 0x48, 0x5d,
  0x0a, 0x7a, 0x68, 0x3d, 0xc6, 0x14, 0xc7, 0x10, 0x4c, 0x21, 0x53, 0x46,
  0xaf, 0x29, 0x2a, 0x1d, 0xc6, 0x18, 0x16, 0x67, 0xae, 0x7a, 0x2d, 0x7e,
  0x0c, 0x72, 0xab, 0x79, 0x6a, 0x6d, 0xab, 0x79, 0xcb, 0x6d, 0x48, 0x49,
  0xe6, 0x24, 0x49, 0x35, 0x49, 0x41, 0x28, 0x45, 0x69, 0x51, 0x2c, 0x72,
  0x2e, 0x7a, 0xcd, 0x4d, 0xef, 0x3d, 0x4b, 0x1d, 0x12, 0x3a, 0x32, 0x42,
  0xce, 0x3d, 0x51, 0x4e, 0x0f, 0x42, 0x10, 0x4e, 0xef, 0x45, 0x10, 0x46,
  0xcd, 0x41, 0x0e, 0x66, 0xed, 0x71, 0xed, 0x71, 0xab, 0x71, 0xab, 0x75,
  0x8b, 0x79, 0x6a, 0x75, 0x4a, 0x75, 0x6a, 0x65, 0x39, 0x73, 0xbd, 0x7b,
  0xef, 0x45, 0x00, 0x00, 0x00, 0x00, 0x00, 0x00, 0x00, 0x00, 0x00, 0x00,
  0x00, 0x00, 0x00, 0x00, 0x00, 0x00, 0x00, 0x00, 0x00, 0x00, 0x00, 0x00,
  0x00, 0x00, 0x00, 0x00, 0x00, 0x00, 0x00, 0x00, 0x00, 0x00, 0x00, 0x00,
  0x00, 0x00, 0x00, 0x00, 0x00, 0x00, 0xd0, 0x31, 0xf5, 0x25, 0xf8, 0x21,
  0xd6, 0x21, 0xb5, 0x1d, 0xd3, 0x21, 0x11, 0x42, 0x73, 0x56, 0x74, 0x4a,
  0xf7, 0x5e, 0xac, 0x39, 0x6a, 0x35, 0x48, 0x3d, 0x89, 0x51, 0x27, 0x45,
  0x48, 0x49, 0x49, 0x4d, 0x0f, 0x56, 0x51, 0x56, 0xac, 0x51, 0x2d, 0x5e,
  0x6f, 0x6e, 0xb0, 0x6e, 0x6f, 0x62, 0xaa, 0x55, 0x4f, 0x66, 0xeb, 0x71,
  0x89, 0x71, 0x69, 0x51, 0x71, 0x66, 0x16, 0x6f, 0x9a, 0x7f, 0xea, 0x75,
  0x28, 0x3d, 0x8a, 0x4d, 0x0a, 0x7a, 0x8b, 0x7a, 0x4c, 0x6a, 0x2b, 0x7a,
  0x6e, 0x6e, 0x0a, 0x7a, 0x6e, 0x72, 0x88, 0x69, 0x2d, 0x76, 0x89, 0x6d,
  0x2b, 0x7a, 0x26, 0x4d, 0x0a, 0x76, 0x0b, 0x66, 0xeb, 0x45, 0x47, 0x2d,
  0xe5, 0x18, 0xa5, 0x10, 0xc6, 0x14, 0x2b, 0x1d, 0x4b, 0x29, 0x92, 0x62,
  0x8e, 0x76, 0x0d, 0x7a, 0x2c, 0x7a, 0xac, 0x79, 0xab, 0x79, 0xac, 0x7d,
  0xaa, 0x6d, 0xab, 0x55, 0x07, 0x25, 0x07, 0x29, 0x28, 0x41, 0xcc, 0x71,
  0x4d, 0x7a, 0x2c, 0x76, 0xee, 0x59, 0xce, 0x39, 0x4c, 0x21, 0xaf, 0x29,
  0x95, 0x4e, 0x10, 0x42, 0x52, 0x4a, 0xee, 0x41, 0x30, 0x4a, 0xef, 0x45,
  0xcd, 0x39, 0xac, 0x45, 0x50, 0x6a, 0x0f, 0x62, 0xad, 0x4d, 0xee, 0x55,
  0xac, 0x55, 0x8b, 0x5d, 0xab, 0x71, 0x4a, 0x75, 0x29, 0x75, 0x49, 0x75,
  0xac, 0x61, 0xbc, 0x7b, 0x39, 0x6f, 0xad, 0x35, 0x00, 0x00, 0x00, 0x00,
  0x00, 0x00, 0x00, 0x00, 0x00, 0x00, 0x00, 0x00, 0x00, 0x00, 0x00, 0x00,
  0x00, 0x00, 0x00, 0x00, 0x00, 0x00, 0x00, 0x00, 0x00, 0x00, 0x00, 0x00,
  0x00, 0x00, 0x00, 0x00, 0x00, 0x00, 0x00, 0x00, 0x00, 0x00, 0x2b, 0x1d,
  0xd3, 0x21, 0xd5, 0x21, 0xb3, 0x1d, 0x13, 0x36, 0xd6, 0x56, 0xd1, 0x62,
  0x89, 0x3d, 0x73, 0x5a, 0x6a, 0x31, 0xcc, 0x4d, 0x4e, 0x5a, 0xeb, 0x59,
  0x48, 0x4d, 0x06, 0x49, 0x27, 0x49, 0x69, 0x51, 0xab, 0x55, 0x2f, 0x5e,
  0xec, 0x5d, 0x2d, 0x62, 0x0d, 0x66, 0x2c, 0x6e, 0x2b, 0x72, 0xb0, 0x7a,
  0x11, 0x7f, 0x2b, 0x7a, 0xab, 0x71, 0x89, 0x4d, 0xea, 0x51, 0x11, 0x73,
  0x10, 0x7b, 0xea, 0x75, 0x27, 0x41, 0x68, 0x3d, 0x2b, 0x7a, 0xef, 0x7a,
  0x4c, 0x62, 0xed, 0x7a, 0x8e, 0x6e, 0x8b, 0x7a, 0xf0, 0x72, 0x47, 0x49,
  0x47, 0x51, 0x48, 0x4d, 0xca, 0x65, 0x69, 0x4d, 0x89, 0x59, 0x0a, 0x62,
  0xad, 0x76, 0xd2, 0x66, 0x29, 0x25, 0xe6, 0x18, 0x70, 0x4e, 0x90, 0x5e,
  0xec, 0x55, 0x0d, 0x5a, 0x8e, 0x7a, 0x2c, 0x7e, 0x0c, 0x7a, 0xab, 0x79,
  0x8a, 0x79, 0xab, 0x79, 0x8a, 0x69, 0x6a, 0x49, 0xe6, 0x28, 0x07, 0x39,
  0xab, 0x65, 0x0b, 0x7a, 0x6d, 0x76, 0x4f, 0x66, 0xad, 0x39, 0x6d, 0x25,
  0xd0, 0x2d, 0x96, 0x4a, 0x94, 0x4e, 0x73, 0x4e, 0xb5, 0x56, 0x72, 0x56,
  0xf0, 0x45, 0xef, 0x39, 0xad, 0x39, 0x72, 0x5e, 0x51, 0x5a, 0x51, 0x56,
  0xd6, 0x66, 0xb5, 0x66, 0x73, 0x5e, 0x31, 0x5a, 0xee, 0x59, 0x6b, 0x69,
  0x49, 0x75, 0x29, 0x75, 0x4a, 0x75, 0x30, 0x6e, 0xdd, 0x7b, 0x93, 0x52,
  0x00, 0x00, 0x00, 0x00, 0x00, 0x00, 0x00, 0x00, 0x00, 0x00, 0x00, 0x00,
  0x00, 0x00, 0x00, 0x00, 0x00, 0x00, 0x00, 0x00, 0x00, 0x00, 0x00, 0x00,
  0x00, 0x00, 0x00, 0x00, 0x00, 0x00, 0x00, 0x00, 0x00, 0x00, 0x00, 0x00,
  0x00, 0x00, 0x29, 0x21, 0xf0, 0x39, 0x31, 0x46, 0x94, 0x52, 0x15, 0x67,
  0x0c, 0x4a, 0x48, 0x39, 0x69, 0x4d, 0xac, 0x4d, 0x71, 0x5a, 0xd2, 0x76,
  0x4e, 0x72, 0x8a, 0x6d, 0x6a, 0x6d, 0x69, 0x6d, 0x89, 0x71, 0x69, 0x71,
  0xaa, 0x71, 0x0c, 0x76, 0x2c, 0x7a, 0xca, 0x69, 0xeb, 0x69, 0x0c, 0x6e,
  0x0c, 0x72, 0x6e, 0x6a, 0x13, 0x73, 0x4e, 0x6e, 0xec, 0x65, 0x0d, 0x56,
  0xaa, 0x4d, 0xac, 0x72, 0xcc, 0x7a, 0x0a, 0x6e, 0xc4, 0x28, 0x8a, 0x41,
  0x6d, 0x6e, 0xb1, 0x6e, 0x2c, 0x62, 0xce, 0x72, 0xeb, 0x5d, 0xae, 0x72,
  0xd2, 0x66, 0x8d, 0x35, 0xcd, 0x3d, 0x8c, 0x3d, 0xec, 0x4d, 0xee, 0x4d,
  0x0e, 0x4a, 0xb1, 0x6a, 0xf4, 0x6e, 0x73, 0x4a, 0xad, 0x2d, 0xcc, 0x31,
  0x56, 0x6f, 0x13, 0x6f, 0x2f, 0x56, 0x30, 0x52, 0x15, 0x77, 0x92, 0x76,
  0x92, 0x76, 0x71, 0x76, 0x50, 0x76, 0x30, 0x72, 0x30, 0x66, 0x10, 0x4e,
  0xce, 0x41, 0xee, 0x49, 0x10, 0x62, 0x0e, 0x66, 0x71, 0x62, 0x10, 0x4e,
  0xae, 0x35, 0xd0, 0x31, 0xf0, 0x35, 0x11, 0x3e, 0xef, 0x3d, 0xb5, 0x56,
  0x52, 0x4a, 0x52, 0x52, 0xf0, 0x3d, 0x11, 0x3e, 0x52, 0x56, 0x72, 0x5a,
  0x73, 0x5a, 0x93, 0x5e, 0x30, 0x56, 0xee, 0x4d, 0xee, 0x51, 0xef, 0x51,
  0x0f, 0x56, 0xcd, 0x5d, 0x4a, 0x69, 0x29, 0x75, 0x4a, 0x75, 0x8b, 0x6d,
  0xdd, 0x7f, 0x18, 0x67, 0x00, 0x00, 0x00, 0x00, 0x00, 0x00, 0x00, 0x00,
  0x00, 0x00, 0x00, 0x00, 0x00, 0x00, 0x00, 0x00, 0x00, 0x00, 0x00, 0x00,
  0x00, 0x00, 0x00, 0x00, 0x00, 0x00, 0x00, 0x00, 0x00, 0x00, 0x00, 0x00,
  0x00, 0x00, 0x00, 0x00, 0x00, 0x00, 0x49, 0x2d, 0x6b, 0x39, 0xe6, 0x20,
  0x28, 0x2d, 0x93, 0x5e, 0xee, 0x49, 0xcb, 0x61, 0x6d, 0x6e, 0x48, 0x49,
  0xcd, 0x51, 0x0e, 0x66, 0x49, 0x6d, 0x89, 0x71, 0x69, 0x71, 0x68, 0x71,
  0x8a, 0x79, 0x8a, 0x75, 0xaa, 0x71, 0x34, 0x7f, 0x76, 0x7f, 0x28, 0x2d,
  0x6c, 0x2d, 0x11, 0x3e, 0x11, 0x42, 0x32, 0x3e, 0x53, 0x42, 0x32, 0x42,
  0x53, 0x46, 0x53, 0x42, 0x10, 0x42, 0xea, 0x5d, 0x8b, 0x76, 0xac, 0x76,
  0x27, 0x3d, 0x68, 0x49, 0x4b, 0x7e, 0xcf, 0x76, 0x6a, 0x6e, 0xf0, 0x72,
  0x8b, 0x72, 0xce, 0x76, 0x16, 0x6b, 0x32, 0x3e, 0x32, 0x42, 0x52, 0x46,
  0x32, 0x46, 0x52, 0x46, 0x53, 0x4a, 0x32, 0x46, 0x52, 0x46, 0x73, 0x4a,
  0x73, 0x4e, 0x74, 0x4a, 0x52, 0x4a, 0x52, 0x4a, 0x73, 0x4a, 0x73, 0x4a,
  0x73, 0x4e, 0x73, 0x4e, 0x94, 0x4e, 0x74, 0x4e, 0x73, 0x4e, 0x74, 0x4e,
  0x73, 0x4e, 0x53, 0x4a, 0x73, 0x4a, 0x51, 0x46, 0x51, 0x46, 0x30, 0x42,
  0x11, 0x42, 0x10, 0x3e, 0x10, 0x42, 0xef, 0x3d, 0xce, 0x39, 0x8c, 0x31,
  0x6b, 0x31, 0x94, 0x56, 0x94, 0x56, 0x10, 0x46, 0x32, 0x42, 0x94, 0x56,
  0x94, 0x5a, 0x73, 0x56, 0xcd, 0x45, 0xee, 0x4d, 0xee, 0x4d, 0xce, 0x4d,
  0xee, 0x51, 0xef, 0x51, 0x0f, 0x56, 0x10, 0x56, 0xcd, 0x5d, 0x4a, 0x71,
  0x49, 0x7d, 0x6a, 0x71, 0x9b, 0x7b, 0x9b, 0x73, 0xe7, 0x1c, 0x00, 0x00,
  0x00, 0x00, 0x00, 0x00, 0x00, 0x00, 0x00, 0x00, 0x00, 0x00, 0x00, 0x00,
  0x00, 0x00, 0x00, 0x00, 0x00, 0x00, 0x00, 0x00, 0x00, 0x00, 0x00, 0x00,
  0x00, 0x00, 0x00, 0x00, 0x00, 0x00, 0x00, 0x00, 0x00, 0x00, 0x09, 0x21,
  0x4a, 0x29, 0xc6, 0x14, 0xc6, 0x14, 0xe6, 0x20, 0xee, 0x4d, 0x50, 0x5e,
  0x6a, 0x51, 0x89, 0x65, 0x48, 0x59, 0x0e, 0x5e, 0x8a, 0x6d, 0x69, 0x75,
  0x89, 0x79, 0x69, 0x75, 0x89, 0x79, 0x89, 0x79, 0xca, 0x79, 0x74, 0x7f,
  0x95, 0x7f, 0x28, 0x2d, 0x73, 0x4a, 0xef, 0x39, 0xcd, 0x35, 0xee, 0x39,
  0xee, 0x39, 0xee, 0x39, 0xee, 0x39, 0xef, 0x39, 0xcc, 0x39, 0xaa, 0x59,
  0x67, 0x4d, 0x67, 0x4d, 0x48, 0x51, 0x47, 0x49, 0xc9, 0x65, 0x88, 0x55,
  0xe9, 0x6d, 0x0b, 0x62, 0x2a, 0x6a, 0x33, 0x77, 0xb1, 0x56, 0xef, 0x3d,
  0xef, 0x3d, 0xef, 0x3d, 0xce, 0x39, 0xcd, 0x3d, 0xcd, 0x39, 0xce, 0x3d,
  0xcd, 0x3d, 0xce, 0x39, 0xad, 0x39, 0xad, 0x3d, 0xac, 0x3d, 0xad, 0x3d,
  0xad, 0x39, 0xcd, 0x3d, 0xce, 0x3d, 0xce, 0x3d, 0xcd, 0x41, 0xcd, 0x3d,
  0xad, 0x3d, 0xac, 0x3d, 0xac, 0x3d, 0xac, 0x3d, 0xac, 0x3d, 0xac, 0x39,
  0xac, 0x39, 0xad, 0x39, 0xad, 0x3d, 0xac, 0x39, 0x8b, 0x35, 0x6a, 0x2d,
  0xce, 0x39, 0x52, 0x4a, 0x4b, 0x2d, 0xf6, 0x62, 0x94, 0x5a, 0xad, 0x35,
  0x93, 0x56, 0xb5, 0x62, 0x31, 0x52, 0xef, 0x4d, 0x52, 0x5a, 0x51, 0x5a,
  0xee, 0x4d, 0xef, 0x51, 0xef, 0x51, 0xee, 0x4d, 0xee, 0x4d, 0xef, 0x51,
  0x0f, 0x56, 0xac, 0x59, 0x4a, 0x75, 0x4a, 0x75, 0x18, 0x77, 0x7b, 0x73,
  0x31, 0x46, 0x00, 0x00, 0x00, 0x00, 0x00, 0x00, 0x00, 0x00, 0x00, 0x00,
  0x00, 0x00, 0x00, 0x00, 0x00, 0x00, 0x00, 0x00, 0x00, 0x00, 0x00, 0x00,
  0x00, 0x00, 0x00, 0x00, 0x00, 0x00, 0x00, 0x00, 0x00, 0x00, 0x00, 0x00,
  0x00, 0x00, 0xe7, 0x1c, 0x6b, 0x2d, 0xc6, 0x18, 0x08, 0x1d, 0x8c, 0x35,
  0x07, 0x2d, 0x0f, 0x4e, 0x0e, 0x66, 0x0b, 0x76, 0x2c, 0x7a, 0xaa, 0x59,
  0x8a, 0x61, 0x89, 0x75, 0xa9, 0x79, 0xa9, 0x79, 0x89, 0x79, 0x89, 0x79,
  0xa9, 0x75, 0x54, 0x7f, 0x73, 0x7f, 0x48, 0x29, 0x53, 0x42, 0xc6, 0x14,
  0xc6, 0x14, 0xe7, 0x18, 0x28, 0x21, 0x29, 0x21, 0x28, 0x21, 0x08, 0x1d,
  0xe7, 0x1c, 0x49, 0x31, 0x69, 0x3d, 0x49, 0x39, 0x29, 0x39, 0x48, 0x39,
  0x48, 0x51, 0x26, 0x49, 0x8a, 0x61, 0x47, 0x51, 0xa9, 0x5d, 0xf1, 0x6e,
  0x48, 0x31, 0xe7, 0x1c, 0x08, 0x1d, 0xe7, 0x1c, 0x08, 0x21, 0x08, 0x21,
  0x08, 0x1d, 0xe7, 0x1c, 0xe7, 0x1c, 0x08, 0x21, 0x08, 0x21, 0x08, 0x1d,
  0xe8, 0x1c, 0xe7, 0x1c, 0x08, 0x1d, 0x08, 0x1d, 0x08, 0x21, 0x08, 0x21,
  0x08, 0x1d, 0xe7, 0x1c, 0x63, 0x0c, 0x63, 0x08, 0x63, 0x08, 0x42, 0x08,
  0x42, 0x08, 0x42, 0x08, 0x42, 0x08, 0x42, 0x08, 0x42, 0x08, 0x42, 0x08,
  0x62, 0x08, 0x63, 0x0c, 0xc7, 0x18, 0x74, 0x4e, 0x8b, 0x35, 0x38, 0x6b,
  0xef, 0x41, 0xb5, 0x56, 0xb5, 0x5e, 0xb5, 0x62, 0x17, 0x6b, 0x17, 0x6b,
  0x52, 0x5a, 0xef, 0x4d, 0xee, 0x4d, 0x10, 0x52, 0x0f, 0x52, 0xcd, 0x49,
  0xcd, 0x49, 0xee, 0x4d, 0xee, 0x51, 0x0f, 0x56, 0x8b, 0x59, 0x4a, 0x71,
  0xd5, 0x72, 0x9c, 0x77, 0x10, 0x42, 0x00, 0x00, 0x00, 0x00, 0x00, 0x00,
  0x00, 0x00, 0x00, 0x00, 0x00, 0x00, 0x00, 0x00, 0x00, 0x00, 0x00, 0x00,
  0x00, 0x00, 0x00, 0x00, 0x00, 0x00, 0x00, 0x00, 0x00, 0x00, 0x00, 0x00,
  0x00, 0x00, 0x00, 0x00, 0x00, 0x00, 0xe7, 0x1c, 0x4b, 0x25, 0x08, 0x21,
  0x6b, 0x31, 0x8b, 0x3d, 0x49, 0x3d, 0x07, 0x31, 0x0e, 0x56, 0x4d, 0x6e,
  0x6c, 0x76, 0x0b, 0x6a, 0xec, 0x5d, 0x69, 0x6d, 0x89, 0x79, 0x89, 0x79,
  0x89, 0x79, 0x89, 0x79, 0xa9, 0x79, 0x11, 0x7f, 0x31, 0x7b, 0x27, 0x2d,
  0x52, 0x46, 0xc6, 0x14, 0xef, 0x39, 0x08, 0x1d, 0xe7, 0x18, 0xe6, 0x14,
  0xc6, 0x14, 0xc5, 0x10, 0xc6, 0x14, 0xa6, 0x10, 0xa5, 0x10, 0xa5, 0x10,
  0xa5, 0x10, 0xc5, 0x18, 0x27, 0x39, 0xe6, 0x38, 0x48, 0x49, 0x47, 0x45,
  0x48, 0x49, 0x47, 0x39, 0xa4, 0x14, 0xa5, 0x10, 0xa5, 0x10, 0xa4, 0x14,
  0xa4, 0x14, 0x84, 0x10, 0xa4, 0x14, 0x84, 0x10, 0x84, 0x14, 0x84, 0x14,
  0x84, 0x10, 0x84, 0x10, 0x84, 0x10, 0x84, 0x0c, 0x84, 0x10, 0x84, 0x10,
  0x84, 0x0c, 0x84, 0x10, 0xa4, 0x10, 0x29, 0x21, 0xe7, 0x1c, 0xcf, 0x31,
  0x6c, 0x29, 0x4b, 0x25, 0x2a, 0x21, 0x29, 0x25, 0x29, 0x25, 0x4b, 0x29,
  0x4b, 0x25, 0x4b, 0x25, 0x4a, 0x29, 0x6b, 0x2d, 0xc6, 0x18, 0x53, 0x4a,
  0x8c, 0x35, 0xd6, 0x5a, 0xae, 0x35, 0xd6, 0x5e, 0x39, 0x6f, 0x38, 0x6f,
  0xb5, 0x62, 0x73, 0x5a, 0x10, 0x52, 0x10, 0x56, 0x51, 0x5a, 0x30, 0x56,
  0xce, 0x4d, 0xce, 0x4d, 0xcd, 0x49, 0xac, 0x49, 0xcd, 0x49, 0xce, 0x45,
  0xef, 0x4d, 0x8b, 0x65, 0xd4, 0x76, 0xbc, 0x77, 0x31, 0x46, 0x00, 0x00,
  0x00, 0x00, 0x00, 0x00, 0x00, 0x00, 0x00, 0x00, 0x00, 0x00, 0x00, 0x00,
  0x00, 0x00, 0x00, 0x00, 0x00, 0x00, 0x00, 0x00, 0x00, 0x00, 0x00, 0x00,
  0x00, 0x00, 0x00, 0x00, 0x00, 0x00, 0x00, 0x00, 0x00, 0x00, 0x29, 0x25,
  0x8c, 0x45, 0x71, 0x62, 0xcd, 0x4d, 0x49, 0x5d, 0x69, 0x55, 0x07, 0x35,
  0x07, 0x31, 0x91, 0x6a, 0x4c, 0x72, 0xea, 0x71, 0xaa, 0x59, 0x88, 0x65,
  0x89, 0x79, 0x89, 0x79, 0x89, 0x79, 0x89, 0x79, 0x89, 0x79, 0xce, 0x7e,
  0x30, 0x7b, 0x27, 0x2d, 0x52, 0x46, 0xe6, 0x18, 0xf6, 0x5e, 0x0f, 0x42,
  0xe6, 0x14, 0xc6, 0x10, 0xa5, 0x10, 0x84, 0x0c, 0x63, 0x08, 0x63, 0x08,
  0x63, 0x08, 0x63, 0x08, 0x63, 0x08, 0x63, 0x08, 0x62, 0x0c, 0x63, 0x08,
  0x83, 0x0c, 0x63, 0x0c, 0x63, 0x0c, 0x83, 0x0c, 0x64, 0x08, 0x84, 0x0c,
  0x63, 0x08, 0x63, 0x0c, 0x63, 0x08, 0x63, 0x0c, 0x63, 0x0c, 0x63, 0x08,
  0x63, 0x0c, 0x63, 0x0c, 0x64, 0x0c, 0x63, 0x0c, 0x63, 0x0c, 0x63, 0x0c,
  0x63, 0x0c, 0x63, 0x0c, 0x63, 0x0c, 0x84, 0x0c, 0x07, 0x1d, 0xd4, 0x5a,
  0xe7, 0x20, 0xcf, 0x31, 0x83, 0x10, 0x84, 0x14, 0x83, 0x14, 0x63, 0x0c,
  0x84, 0x0c, 0xc6, 0x18, 0x08, 0x1d, 0x4b, 0x29, 0x4a, 0x29, 0x6b, 0x2d,
  0xe7, 0x1c, 0x73, 0x4e, 0x8c, 0x31, 0x32, 0x46, 0x52, 0x4a, 0x59, 0x73,
  0xb5, 0x62, 0x51, 0x52, 0xef, 0x49, 0x0f, 0x4e, 0x31, 0x52, 0x94, 0x62,
  0x52, 0x5a, 0xcd, 0x49, 0xad, 0x49, 0xce, 0x4d, 0xad, 0x49, 0xcd, 0x45,
  0xee, 0x45, 0xef, 0x3d, 0xf0, 0x41, 0xef, 0x55, 0xf6, 0x6e, 0x9c, 0x73,
  0xef, 0x3d, 0x00, 0x00, 0x00, 0x00, 0x00, 0x00, 0x00, 0x00, 0x00, 0x00,
  0x00, 0x00, 0x00, 0x00, 0x00, 0x00, 0x00, 0x00, 0x00, 0x00, 0x00, 0x00,
  0x00, 0x00, 0x00, 0x00, 0x00, 0x00, 0x00, 0x00, 0x00, 0x00, 0x00, 0x00,
  0x00, 0x00, 0x29, 0x31, 0xaa, 0x59, 0xeb, 0x69, 0x0d, 0x56, 0x2e, 0x5a,
  0xca, 0x71, 0x69, 0x61, 0x28, 0x41, 0x48, 0x41, 0x2d, 0x66, 0xca, 0x71,
  0x48, 0x4d, 0xaa, 0x65, 0x89, 0x75, 0x89, 0x79, 0x89, 0x79, 0x89, 0x79,
  0x89, 0x79, 0x6c, 0x7e, 0x51, 0x7f, 0x27, 0x2d, 0x32, 0x46, 0xe6, 0x18,
  0x38, 0x6b, 0x38, 0x6f, 0x8b, 0x31, 0x84, 0x0c, 0x84, 0x0c, 0x63, 0x0c,
  0x64, 0x08, 0x64, 0x08, 0x64, 0x08, 0x84, 0x08, 0x64, 0x08, 0x84, 0x08,
  0x64, 0x08, 0x85, 0x08, 0x85, 0x08, 0x85, 0x08, 0x85, 0x08, 0x85, 0x08,
  0x64, 0x08, 0x64, 0x08, 0x65, 0x08, 0x85, 0x08, 0x64, 0x08, 0x64, 0x08,
  0x64, 0x08, 0x85, 0x08, 0x64, 0x08, 0x64, 0x08, 0x64, 0x08, 0x64, 0x08,
  0x84, 0x08, 0x85, 0x08, 0x64, 0x0c, 0x63, 0x0c, 0x63, 0x0c, 0x84, 0x0c,
  0x50, 0x46, 0xd4, 0x5a, 0x07, 0x21, 0x8d, 0x2d, 0x84, 0x0c, 0x85, 0x10,
  0x84, 0x10, 0x63, 0x08, 0x85, 0x0c, 0xe7, 0x18, 0xc7, 0x18, 0x08, 0x21,
  0x29, 0x25, 0x6c, 0x2d, 0x08, 0x21, 0x73, 0x4e, 0x6b, 0x31, 0xb5, 0x5a,
  0xd5, 0x62, 0x52, 0x5a, 0x31, 0x52, 0xef, 0x49, 0x51, 0x52, 0x94, 0x5e,
  0x93, 0x5e, 0x0f, 0x4e, 0xac, 0x45, 0xac, 0x45, 0x8c, 0x45, 0xad, 0x49,
  0xac, 0x45, 0xce, 0x41, 0xf0, 0x41, 0xef, 0x3d, 0x11, 0x3e, 0xb4, 0x5a,
  0xdd, 0x7b, 0x59, 0x6b, 0xef, 0x35, 0x00, 0x00, 0x00, 0x00, 0x00, 0x00,
  0x00, 0x00, 0x00, 0x00, 0x00, 0x00, 0x00, 0x00, 0x00, 0x00, 0x00, 0x00,
  0x00, 0x00, 0x00, 0x00, 0x00, 0x00, 0x00, 0x00, 0x00, 0x00, 0x00, 0x00,
  0x00, 0x00, 0x00, 0x00, 0x00, 0x00, 0x08, 0x29, 0xab, 0x4d, 0x8a, 0x51,
  0x28, 0x35, 0x47, 0x3d, 0xea, 0x75, 0xc9, 0x79, 0xec, 0x69, 0x28, 0x49,
  0xec, 0x59, 0xaa, 0x61, 0x48, 0x55, 0x69, 0x5d, 0x89, 0x75, 0x89, 0x79,
  0x89, 0x79, 0xa9, 0x79, 0x89, 0x79, 0x2c, 0x6e, 0xf2, 0x6e, 0x08, 0x29,
  0x52, 0x46, 0xe6, 0x18, 0x59, 0x6f, 0x7a, 0x77, 0x08, 0x21, 0x84, 0x0c,
  0x84, 0x0c, 0x84, 0x0c, 0xe9, 0x0c, 0x8f, 0x1d, 0x4d, 0x15, 0x4c, 0x15,
  0x4c, 0x15, 0x4c, 0x15, 0x4d, 0x15, 0x4d, 0x19, 0x4d, 0x19, 0x4d, 0x19,
  0x4d, 0x19, 0x90, 0x1d, 0x8f, 0x1d, 0x4d, 0x19, 0x4c, 0x1d, 0x4d, 0x19,
  0x4d, 0x19, 0x4d, 0x15, 0x4d, 0x19, 0x4d, 0x19, 0x4d, 0x19, 0x4d, 0x19,
  0x4d, 0x19, 0x4d, 0x19, 0x4d, 0x19, 0xb1, 0x21, 0xa6, 0x10, 0x63, 0x0c,
  0x63, 0x0c, 0x63, 0x0c, 0x2e, 0x3e, 0xb2, 0x52, 0xe7, 0x1c, 0x6b, 0x25,
  0x8d, 0x2d, 0x8d, 0x2d, 0x8d, 0x31, 0x8d, 0x2d, 0x6c, 0x2d, 0x8c, 0x31,
  0x6b, 0x2d, 0x6b, 0x2d, 0x6b, 0x2d, 0x6c, 0x2d, 0x08, 0x21, 0x73, 0x4a,
  0x4a, 0x31, 0xb5, 0x62, 0x52, 0x5a, 0x73, 0x5e, 0x93, 0x5e, 0xb4, 0x5e,
  0xd5, 0x62, 0x73, 0x5a, 0x31, 0x52, 0x10, 0x52, 0xac, 0x45, 0xcd, 0x49,
  0xcd, 0x4d, 0xcd, 0x49, 0xce, 0x45, 0xef, 0x41, 0x32, 0x46, 0x11, 0x3e,
  0x53, 0x42, 0xf8, 0x5e, 0xde, 0x7f, 0x39, 0x67, 0x4a, 0x29, 0x00, 0x00,
  0x00, 0x00, 0x00, 0x00, 0x00, 0x00, 0x00, 0x00, 0x00, 0x00, 0x00, 0x00,
  0x00, 0x00, 0x00, 0x00, 0x00, 0x00, 0x00, 0x00, 0x00, 0x00, 0x00, 0x00,
  0x00, 0x00, 0x00, 0x00, 0x00, 0x00, 0x00, 0x00, 0x00, 0x00, 0xc6, 0x18,
  0x28, 0x2d, 0x49, 0x35, 0x28, 0x31, 0x0c, 0x62, 0xea, 0x79, 0xea, 0x79,
  0x33, 0x7b, 0xcb, 0x61, 0x69, 0x49, 0xec, 0x5d, 0x68, 0x59, 0xaa, 0x5d,
  0x89, 0x75, 0x89, 0x79, 0xa9, 0x79, 0x89, 0x79, 0xcc, 0x69, 0x70, 0x66,
  0xac, 0x4d, 0x08, 0x29, 0x53, 0x46, 0xe7, 0x18, 0x9b, 0x77, 0xbc, 0x7b,
  0xc5, 0x14, 0x84, 0x0c, 0x84, 0x0c, 0x84, 0x10, 0x0a, 0x11, 0x0a, 0x15,
  0x63, 0x08, 0x63, 0x0c, 0x63, 0x08, 0x63, 0x08, 0x63, 0x0c, 0x63, 0x0c,
  0x84, 0x0c, 0x84, 0x0c, 0x84, 0x0c, 0x2c, 0x11, 0xe9, 0x10, 0x63, 0x0c,
  0x64, 0x08, 0x64, 0x08, 0x63, 0x08, 0x63, 0x0c, 0x62, 0x0c, 0x63, 0x0c,
  0x84, 0x0c, 0x64, 0x0c, 0x64, 0x0c, 0x84, 0x0c, 0x64, 0x08, 0x2d, 0x11,
  0xa7, 0x10, 0x63, 0x0c, 0x63, 0x0c, 0x63, 0x0c, 0xcc, 0x35, 0x91, 0x4e,
  0x08, 0x1d, 0xae, 0x29, 0x2a, 0x1d, 0xf1, 0x35, 0xf0, 0x35, 0x8d, 0x29,
  0x31, 0x3e, 0x11, 0x3e, 0x8c, 0x2d, 0x31, 0x46, 0xce, 0x35, 0x73, 0x4a,
  0x08, 0x21, 0x52, 0x4a, 0x6a, 0x39, 0x72, 0x62, 0x93, 0x6a, 0xd5, 0x66,
  0xb5, 0x62, 0x72, 0x5e, 0x31, 0x4e, 0x52, 0x56, 0x72, 0x5e, 0xce, 0x4d,
  0xcd, 0x49, 0xee, 0x51, 0xce, 0x49, 0xef, 0x49, 0xef, 0x45, 0x10, 0x42,
  0x32, 0x3e, 0x34, 0x3e, 0x75, 0x42, 0x7b, 0x6b, 0xde, 0x7b, 0xf7, 0x5a,
  0x00, 0x00, 0x00, 0x00, 0x00, 0x00, 0x00, 0x00, 0x00, 0x00, 0x00, 0x00,
  0x00, 0x00, 0x00, 0x00, 0x00, 0x00, 0x00, 0x00, 0x00, 0x00, 0x00, 0x00,
  0x00, 0x00, 0x00, 0x00, 0x00, 0x00, 0x00, 0x00, 0x00, 0x00, 0x00, 0x00,
  0x00, 0x00, 0x00, 0x00, 0x49, 0x29, 0x29, 0x35, 0x69, 0x41, 0xd1, 0x7a,
  0xea, 0x79, 0xea, 0x79, 0x95, 0x7f, 0x10, 0x7b, 0x47, 0x45, 0xcc, 0x4d,
  0x6a, 0x51, 0x0d, 0x62, 0x89, 0x75, 0x89, 0x79, 0xa9, 0x79, 0xec, 0x6d,
  0xab, 0x51, 0x89, 0x59, 0x0d, 0x66, 0x07, 0x2d, 0x32, 0x46, 0xe7, 0x1c,
  0xbc, 0x77, 0xbc, 0x77, 0x84, 0x0c, 0x84, 0x0c, 0x84, 0x0c, 0x84, 0x0c,
  0x0b, 0x11, 0x0a, 0x11, 0x63, 0x08, 0xa7, 0x0c, 0xc9, 0x0c, 0xc8, 0x08,
  0x86, 0x08, 0x63, 0x08, 0x85, 0x08, 0x85, 0x08, 0x85, 0x0c, 0x0b, 0x15,
  0xe8, 0x10, 0x84, 0x0c, 0x85, 0x08, 0xeb, 0x10, 0x0c, 0x11, 0xea, 0x10,
  0x64, 0x08, 0x86, 0x08, 0x0c, 0x11, 0x0c, 0x11, 0x0c, 0x11, 0xa5, 0x10,
  0x63, 0x0c, 0x2c, 0x11, 0xa6, 0x0c, 0x63, 0x0c, 0x63, 0x0c, 0x63, 0x0c,
  0x8a, 0x2d, 0x50, 0x46, 0x07, 0x1d, 0x8d, 0x25, 0xe7, 0x18, 0x12, 0x36,
  0xcf, 0x31, 0x8d, 0x25, 0x32, 0x3a, 0xcf, 0x35, 0x8c, 0x2d, 0x32, 0x42,
  0xad, 0x2d, 0x73, 0x4a, 0x29, 0x21, 0x52, 0x4a, 0x49, 0x39, 0x50, 0x66,
  0xcc, 0x61, 0x8b, 0x69, 0xee, 0x59, 0x52, 0x5a, 0x94, 0x62, 0xd5, 0x66,
  0x10, 0x56, 0xef, 0x51, 0xcd, 0x4d, 0xce, 0x49, 0x0f, 0x4a, 0x10, 0x46,
  0x11, 0x46, 0x52, 0x46, 0x12, 0x36, 0x75, 0x42, 0xf8, 0x5a, 0xdd, 0x7f,
  0xde, 0x7b, 0xd6, 0x5a, 0x00, 0x00, 0x00, 0x00, 0x00, 0x00, 0x00, 0x00,
  0x00, 0x00, 0x00, 0x00, 0x00, 0x00, 0x00, 0x00, 0x00, 0x00, 0x00, 0x00,
  0x00, 0x00, 0x00, 0x00, 0x00, 0x00, 0x00, 0x00, 0x00, 0x00, 0x00, 0x00,
  0x00, 0x00, 0x00, 0x00, 0x00, 0x00, 0x00, 0x00, 0x6b, 0x35, 0x28, 0x3d,
  0xaa, 0x55, 0x8f, 0x76, 0xea, 0x79, 0xeb, 0x79, 0x96, 0x7f, 0x30, 0x7f,
  0x68, 0x4d, 0x28, 0x2d, 0x07, 0x3d, 0x90, 0x72, 0xa9, 0x75, 0x89, 0x79,
  0x89, 0x71, 0xcb, 0x55, 0x69, 0x59, 0x6f, 0x66, 0xab, 0x39, 0x08, 0x21,
  0x31, 0x42, 0xe7, 0x18, 0x9c, 0x77, 0x9b, 0x73, 0x83, 0x0c, 0x63, 0x0c,
  0x63, 0x0c, 0x63, 0x0c, 0xea, 0x10, 0xe9, 0x14, 0x63, 0x0c, 0x85, 0x10,
  0x4a, 0x1d, 0xc7, 0x10, 0x84, 0x10, 0x63, 0x08, 0xa5, 0x0c, 0x2c, 0x19,
  0xa5, 0x10, 0x85, 0x0c, 0x0a, 0x19, 0xf1, 0x31, 0xa6, 0x10, 0xa7, 0x0c,
  0xa6, 0x0c, 0xa6, 0x0c, 0xc6, 0x1c, 0xa5, 0x14, 0xe9, 0x14, 0xd1, 0x25,
  0x2b, 0x19, 0x09, 0x1d, 0xe7, 0x18, 0x2b, 0x15, 0xa6, 0x0c, 0x63, 0x0c,
  0x63, 0x0c, 0x63, 0x0c, 0x49, 0x25, 0x2f, 0x42, 0xe6, 0x1c, 0xae, 0x29,
  0x11, 0x36, 0x33, 0x3a, 0x53, 0x3e, 0x33, 0x3e, 0x75, 0x42, 0x54, 0x3e,
  0x31, 0x42, 0x53, 0x46, 0x31, 0x46, 0x10, 0x42, 0x29, 0x21, 0x31, 0x46,
  0x28, 0x39, 0xcc, 0x69, 0x8b, 0x6d, 0x8a, 0x69, 0x8b, 0x65, 0xac, 0x65,
  0x30, 0x62, 0x30, 0x5a, 0x0f, 0x56, 0xef, 0x51, 0xee, 0x4d, 0x10, 0x4a,
  0x10, 0x46, 0x11, 0x42, 0x11, 0x42, 0x53, 0x4a, 0x32, 0x3e, 0x73, 0x52,
  0x7a, 0x77, 0x7a, 0x73, 0xde, 0x7b, 0xd6, 0x5a, 0x00, 0x00, 0x00, 0x00,
  0x00, 0x00, 0x00, 0x00, 0x00, 0x00, 0x00, 0x00, 0x00, 0x00, 0x00, 0x00,
  0x00, 0x00, 0x00, 0x00, 0x00, 0x00, 0x00, 0x00, 0x00, 0x00, 0x00, 0x00,
  0x00, 0x00, 0x00, 0x00, 0x00, 0x00, 0x00, 0x00, 0x00, 0x00, 0x05, 0x21,
  0x8b, 0x3d, 0x27, 0x3d, 0x07, 0x2d, 0x68, 0x4d, 0xea, 0x79, 0x2c, 0x7a,
  0x96, 0x7f, 0x2f, 0x7f, 0x68, 0x4d, 0xe6, 0x28, 0x8a, 0x5d, 0xd1, 0x7a,
  0xca, 0x75, 0x89, 0x75, 0x0d, 0x72, 0x89, 0x55, 0xec, 0x61, 0x28, 0x31,
  0xe6, 0x18, 0xe7, 0x1c, 0x32, 0x46, 0xe7, 0x18, 0x9c, 0x73, 0x5b, 0x6b,
  0x63, 0x08, 0x63, 0x0c, 0x63, 0x08, 0x63, 0x08, 0xea, 0x10, 0x0a, 0x15,
  0x83, 0x0c, 0x63, 0x0c, 0xe6, 0x18, 0x63, 0x0c, 0x63, 0x0c, 0x63, 0x08,
  0xa6, 0x0c, 0x4d, 0x19, 0x08, 0x1d, 0xc6, 0x14, 0x4c, 0x21, 0x76, 0x3e,
  0xa5, 0x0c, 0x64, 0x08, 0x64, 0x0c, 0x63, 0x0c, 0xe7, 0x24, 0xc6, 0x18,
  0x2b, 0x1d, 0x97, 0x42, 0x6d, 0x25, 0x08, 0x1d, 0xe7, 0x1c, 0x2b, 0x15,
  0xa6, 0x10, 0x63, 0x0c, 0x63, 0x0c, 0x63, 0x0c, 0x29, 0x21, 0x0f, 0x3e,
  0xe6, 0x1c, 0xd7, 0x4e, 0x7d, 0x63, 0x9d, 0x67, 0x7d, 0x63, 0x7d, 0x63,
  0x7c, 0x67, 0x5b, 0x63, 0xd7, 0x56, 0xb5, 0x52, 0x95, 0x52, 0x31, 0x46,
  0x29, 0x25, 0x31, 0x42, 0x49, 0x41, 0x0d, 0x7a, 0xab, 0x75, 0x49, 0x6d,
  0x6a, 0x6d, 0xab, 0x69, 0x6a, 0x61, 0xac, 0x59, 0x0f, 0x5a, 0x10, 0x52,
  0x10, 0x4a, 0x31, 0x46, 0x11, 0x42, 0x12, 0x3e, 0x75, 0x42, 0x54, 0x42,
  0x10, 0x3e, 0x59, 0x73, 0xb5, 0x66, 0x7a, 0x77, 0xbc, 0x77, 0x4f, 0x4a,
  0x00, 0x00, 0x00, 0x00, 0x00, 0x00, 0x00, 0x00, 0x00, 0x00, 0x00, 0x00,
  0x00, 0x00, 0x00, 0x00, 0x00, 0x00, 0x00, 0x00, 0x00, 0x00, 0x00, 0x00,
  0x00, 0x00, 0x00, 0x00, 0x00, 0x00, 0x00, 0x00, 0x00, 0x00, 0x00, 0x00,
  0x00, 0x00, 0x6a, 0x2d, 0x8b, 0x45, 0x07, 0x39, 0x07, 0x25, 0x26, 0x41,
  0xea, 0x79, 0x4d, 0x7a, 0x95, 0x7f, 0x0d, 0x7f, 0x68, 0x4d, 0xe6, 0x2c,
  0x89, 0x6d, 0xb0, 0x7a, 0x0b, 0x76, 0x89, 0x75, 0x4f, 0x6a, 0x88, 0x5d,
  0xec, 0x55, 0xe7, 0x14, 0xe6, 0x18, 0xe8, 0x1c, 0x32, 0x46, 0xe7, 0x18,
  0x9c, 0x73, 0x5a, 0x6b, 0x63, 0x08, 0x63, 0x0c, 0x63, 0x0c, 0x64, 0x0c,
  0xea, 0x10, 0x0a, 0x15, 0x63, 0x0c, 0xc8, 0x10, 0x84, 0x08, 0x64, 0x0c,
  0xe9, 0x0c, 0x63, 0x0c, 0xa6, 0x08, 0x2b, 0x1d, 0x09, 0x1d, 0xc6, 0x10,
  0x4d, 0x15, 0x6f, 0x19, 0x90, 0x19, 0x4d, 0x15, 0x2c, 0x11, 0xc7, 0x10,
  0x63, 0x0c, 0x85, 0x0c, 0x0a, 0x15, 0x8c, 0x2d, 0x09, 0x1d, 0x85, 0x0c,
  0x63, 0x10, 0x2c, 0x15, 0xa6, 0x10, 0x63, 0x0c, 0x63, 0x0c, 0x63, 0x0c,
  0x08, 0x1d, 0xee, 0x39, 0xe6, 0x1c, 0xf8, 0x56, 0xbe, 0x6b, 0x9d, 0x6b,
  0xbe, 0x6b, 0x9d, 0x6b, 0x9c, 0x6f, 0x5b, 0x67, 0xf1, 0x35, 0xce, 0x3d,
  0x6b, 0x2d, 0x31, 0x42, 0x2a, 0x25, 0x11, 0x42, 0x6a, 0x41, 0x0d, 0x7e,
  0xcc, 0x7d, 0x8b, 0x79, 0x49, 0x65, 0x49, 0x69, 0x49, 0x65, 0x49, 0x69,
  0x8b, 0x5d, 0xef, 0x51, 0x10, 0x42, 0x11, 0x42, 0x33, 0x3e, 0x54, 0x3e,
  0xb8, 0x46, 0xf0, 0x31, 0x52, 0x4e, 0x73, 0x5e, 0x94, 0x62, 0xdd, 0x7f,
  0x5a, 0x6f, 0xef, 0x3d, 0x00, 0x00, 0x00, 0x00, 0x00, 0x00, 0x00, 0x00,
  0x00, 0x00, 0x00, 0x00, 0x00, 0x00, 0x00, 0x00, 0x00, 0x00, 0x00, 0x00,
  0x00, 0x00, 0x00, 0x00, 0x00, 0x00, 0x00, 0x00, 0x00, 0x00, 0x00, 0x00,
  0x00, 0x00, 0x00, 0x00, 0x00, 0x00, 0x6a, 0x39, 0x8b, 0x51, 0x07, 0x39,
  0xc6, 0x20, 0x88, 0x55, 0xea, 0x7d, 0x6d, 0x7a, 0x94, 0x7f, 0x0e, 0x7f,
  0x68, 0x4d, 0xe7, 0x28, 0x48, 0x59, 0x6f, 0x76, 0x4d, 0x7a, 0xab, 0x75,
  0xcb, 0x65, 0x89, 0x59, 0xab, 0x4d, 0xe6, 0x14, 0xe7, 0x14, 0xe8, 0x1c,
  0x32, 0x42, 0xe7, 0x18, 0xbd, 0x77, 0x39, 0x67, 0x63, 0x0c, 0x63, 0x0c,
  0x63, 0x0c, 0x64, 0x08, 0x0a, 0x11, 0x0a, 0x15, 0x64, 0x0c, 0x6e, 0x1d,
  0xa6, 0x08, 0x64, 0x0c, 0xb1, 0x1d, 0x63, 0x0c, 0x84, 0x0c, 0x63, 0x0c,
  0x08, 0x19, 0x85, 0x0c, 0xa5, 0x0c, 0xa6, 0x0c, 0xb1, 0x21, 0xa6, 0x0c,
  0xa6, 0x0c, 0x84, 0x0c, 0x63, 0x0c, 0xc8, 0x10, 0x2b, 0x15, 0x63, 0x0c,
  0xc8, 0x10, 0x0b, 0x15, 0x63, 0x0c, 0x4c, 0x15, 0xa6, 0x10, 0x63, 0x0c,
  0x63, 0x0c, 0x63, 0x0c, 0x07, 0x1d, 0xed, 0x35, 0xe6, 0x1c, 0xcf, 0x31,
  0x53, 0x42, 0x53, 0x46, 0x52, 0x4a, 0x73, 0x4e, 0x73, 0x4e, 0x52, 0x4e,
  0x73, 0x4e, 0x72, 0x4e, 0x72, 0x4e, 0xce, 0x39, 0x29, 0x25, 0x10, 0x42,
  0x6a, 0x41, 0x4f, 0x7a, 0x0d, 0x7a, 0xcc, 0x79, 0x6a, 0x79, 0x49, 0x6d,
  0x28, 0x61, 0x49, 0x69, 0xab, 0x65, 0x6a, 0x59, 0x10, 0x4e, 0x12, 0x3a,
  0x55, 0x3a, 0x97, 0x42, 0x8e, 0x2d, 0x10, 0x46, 0x51, 0x56, 0x52, 0x5a,
  0x17, 0x6f, 0xdd, 0x7b, 0xd5, 0x56, 0x00, 0x00, 0x00, 0x00, 0x00, 0x00,
  0x00, 0x00, 0x00, 0x00, 0x00, 0x00, 0x00, 0x00, 0x00, 0x00, 0x00, 0x00,
  0x00, 0x00, 0x00, 0x00, 0x00, 0x00, 0x00, 0x00, 0x00, 0x00, 0x00, 0x00,
  0x00, 0x00, 0x00, 0x00, 0x00, 0x00, 0x00, 0x00, 0x00, 0x00, 0x49, 0x35,
  0xcc, 0x65, 0x48, 0x35, 0xe6, 0x2c, 0xe9, 0x65, 0x0a, 0x7e, 0x8e, 0x7a,
  0x73, 0x7f, 0x0d, 0x7f, 0x68, 0x49, 0xe6, 0x28, 0x27, 0x41, 0x0c, 0x76,
  0x8e, 0x7a, 0xeb, 0x65, 0x8a, 0x55, 0x68, 0x61, 0xcb, 0x55, 0xe7, 0x18,
  0xc6, 0x14, 0xe7, 0x1c, 0x32, 0x46, 0xe7, 0x18, 0xbd, 0x77, 0x19, 0x63,
  0x63, 0x08, 0x63, 0x0c, 0x63, 0x0c, 0x63, 0x08, 0x0b, 0x11, 0x0a, 0x15,
  0x84, 0x0c, 0x6e, 0x19, 0xae, 0x2d, 0x4a, 0x29, 0xb1, 0x1d, 0x84, 0x08,
  0x84, 0x08, 0x85, 0x10, 0x09, 0x21, 0xa5, 0x10, 0x63, 0x0c, 0x84, 0x0c,
  0xd1, 0x25, 0x84, 0x08, 0x84, 0x0c, 0x64, 0x08, 0x64, 0x08, 0xe9, 0x0c,
  0x2b, 0x19, 0x63, 0x0c, 0xc8, 0x10, 0x0a, 0x11, 0x63, 0x0c, 0x4d, 0x15,
  0xa6, 0x10, 0x63, 0x0c, 0x63, 0x0c, 0x63, 0x0c, 0x07, 0x1d, 0xce, 0x35,
  0xe6, 0x18, 0x55, 0x3a, 0x3b, 0x57, 0x3b, 0x5b, 0x3a, 0x5f, 0x19, 0x5b,
  0xf8, 0x56, 0xd7, 0x52, 0xd7, 0x52, 0xb6, 0x52, 0xb5, 0x56, 0xef, 0x3d,
  0x4a, 0x25, 0xef, 0x3d, 0x28, 0x41, 0xab, 0x79, 0x8b, 0x79, 0x6a, 0x7d,
  0x4a, 0x7d, 0x49, 0x7d, 0x29, 0x75, 0x27, 0x61, 0x6a, 0x61, 0xcd, 0x5d,
  0x8b, 0x51, 0x32, 0x42, 0x76, 0x3e, 0xaf, 0x31, 0x6c, 0x2d, 0xce, 0x45,
  0x30, 0x56, 0x31, 0x5a, 0x9b, 0x77, 0xbd, 0x7b, 0x29, 0x25, 0x00, 0x00,
  0x00, 0x00, 0x00, 0x00, 0x00, 0x00, 0x00, 0x00, 0x00, 0x00, 0x00, 0x00,
  0x00, 0x00, 0x00, 0x00, 0x00, 0x00, 0x00, 0x00, 0x00, 0x00, 0x00, 0x00,
  0x00, 0x00, 0x00, 0x00, 0x00, 0x00, 0x00, 0x00, 0x00, 0x00, 0x00, 0x00,
  0x00, 0x00, 0x8b, 0x41, 0xcc, 0x65, 0x48, 0x31, 0x28, 0x35, 0x0a, 0x6e,
  0x2a, 0x7e, 0xb0, 0x7a, 0x73, 0x7f, 0x0d, 0x7f, 0x47, 0x45, 0xe6, 0x24,
  0xe6, 0x30, 0xca, 0x6d, 0x90, 0x66, 0x0e, 0x56, 0x89, 0x51, 0xa9, 0x69,
  0xaa, 0x5d, 0x27, 0x2d, 0xe6, 0x18, 0xe7, 0x1c, 0x52, 0x46, 0xe7, 0x18,
  0xbd, 0x77, 0xf8, 0x5e, 0x63, 0x08, 0x63, 0x08, 0x63, 0x0c, 0x63, 0x08,
  0x0a, 0x11, 0x0a, 0x15, 0x63, 0x0c, 0x0a, 0x19, 0x84, 0x0c, 0x84, 0x0c,
  0xd3, 0x21, 0x8f, 0x21, 0x8f, 0x21, 0x6c, 0x29, 0x4a, 0x2d, 0x6b, 0x2d,
  0x84, 0x10, 0x63, 0x08, 0xe9, 0x14, 0x63, 0x0c, 0x63, 0x08, 0x2b, 0x1d,
  0x8f, 0x1d, 0xb1, 0x21, 0x2b, 0x15, 0x63, 0x0c, 0xc7, 0x10, 0xe8, 0x10,
  0x63, 0x0c, 0x4d, 0x19, 0xc7, 0x10, 0x63, 0x0c, 0x63, 0x0c, 0x63, 0x0c,
  0xe6, 0x18, 0xad, 0x31, 0xe6, 0x18, 0xb8, 0x46, 0xbf, 0x6b, 0xdf, 0x6f,
  0xbf, 0x6b, 0x9d, 0x67, 0x5c, 0x63, 0x5b, 0x5f, 0x5b, 0x5f, 0x5b, 0x63,
  0x3a, 0x63, 0x53, 0x4a, 0x2a, 0x25, 0xce, 0x3d, 0x28, 0x49, 0x6a, 0x79,
  0x49, 0x7d, 0x49, 0x7d, 0x29, 0x7d, 0x49, 0x79, 0x29, 0x79, 0x29, 0x71,
  0x28, 0x69, 0x8b, 0x61, 0xcd, 0x51, 0xce, 0x49, 0xae, 0x35, 0x6b, 0x2d,
  0xce, 0x41, 0x10, 0x56, 0x0f, 0x56, 0x93, 0x62, 0xbd, 0x7f, 0xbd, 0x7b,
  0x00, 0x00, 0x00, 0x00, 0x00, 0x00, 0x00, 0x00, 0x00, 0x00, 0x00, 0x00,
  0x00, 0x00, 0x00, 0x00, 0x00, 0x00, 0x00, 0x00, 0x00, 0x00, 0x00, 0x00,
  0x00, 0x00, 0x00, 0x00, 0x00, 0x00, 0x00, 0x00, 0x00, 0x00, 0x00, 0x00,
  0x00, 0x00, 0x00, 0x00, 0xe7, 0x1c, 0xac, 0x49, 0xed, 0x65, 0x49, 0x35,
  0x6a, 0x3d, 0x2b, 0x76, 0x2a, 0x7e, 0xd0, 0x7a, 0x73, 0x7f, 0x0d, 0x7f,
  0x47, 0x3d, 0xe7, 0x28, 0x28, 0x35, 0xcc, 0x4d, 0xaa, 0x39, 0x06, 0x3d,
  0x89, 0x51, 0xeb, 0x65, 0xcb, 0x65, 0x4d, 0x62, 0x48, 0x31, 0xe7, 0x1c,
  0x52, 0x46, 0xe6, 0x18, 0xbd, 0x77, 0xb6, 0x56, 0x63, 0x08, 0x63, 0x08,
  0x63, 0x08, 0x62, 0x08, 0xea, 0x10, 0x09, 0x11, 0x83, 0x0c, 0x84, 0x0c,
  0x63, 0x0c, 0x84, 0x0c, 0x90, 0x1d, 0x84, 0x08, 0x6b, 0x29, 0xef, 0x3d,
  0x4a, 0x25, 0x4b, 0x25, 0xc6, 0x14, 0x63, 0x08, 0x63, 0x08, 0x63, 0x08,
  0x63, 0x08, 0xc7, 0x14, 0x63, 0x0c, 0xe9, 0x10, 0x0a, 0x15, 0x63, 0x0c,
  0x84, 0x0c, 0x84, 0x0c, 0x63, 0x0c, 0x4c, 0x15, 0xa6, 0x10, 0x63, 0x0c,
  0x63, 0x0c, 0x63, 0x0c, 0xe6, 0x18, 0x8c, 0x2d, 0xe6, 0x18, 0xd9, 0x4a,
  0xbf, 0x6b, 0xdf, 0x6f, 0x9d, 0x67, 0x7c, 0x63, 0x3b, 0x5f, 0x3b, 0x5f,
  0x5b, 0x63, 0x5b, 0x63, 0x5b, 0x67, 0x73, 0x4a, 0x29, 0x25, 0xce, 0x3d,
  0x28, 0x45, 0x49, 0x79, 0x49, 0x7d, 0x29, 0x79, 0x29, 0x79, 0x29, 0x75,
  0x29, 0x71, 0x29, 0x71, 0x49, 0x69, 0x27, 0x59, 0xcd, 0x59, 0x6a, 0x2d,
  0x29, 0x2d, 0xce, 0x39, 0x30, 0x52, 0x30, 0x5a, 0x30, 0x5a, 0x38, 0x73,
  0xde, 0x7f, 0x9c, 0x77, 0x00, 0x00, 0x00, 0x00, 0x00, 0x00, 0x00, 0x00,
  0x00, 0x00, 0x00, 0x00, 0x00, 0x00, 0x00, 0x00, 0x00, 0x00, 0x00, 0x00,
  0x00, 0x00, 0x00, 0x00, 0x00, 0x00, 0x00, 0x00, 0x00, 0x00, 0x00, 0x00,
  0x00, 0x00, 0x00, 0x00, 0x00, 0x00, 0x00, 0x00, 0x07, 0x25, 0xcd, 0x55,
  0xcb, 0x59, 0x28, 0x31, 0xac, 0x45, 0x6c, 0x7a, 0x2a, 0x7e, 0xd1, 0x7a,
  0x73, 0x7f, 0x0d, 0x7f, 0x47, 0x3d, 0xe6, 0x20, 0xe6, 0x20, 0xc5, 0x24,
  0x2d, 0x5a, 0xca, 0x71, 0x69, 0x69, 0x89, 0x55, 0xec, 0x5d, 0x2d, 0x5e,
  0xcc, 0x4d, 0x08, 0x25, 0x52, 0x46, 0xe6, 0x18, 0xbc, 0x77, 0xd6, 0x56,
  0x63, 0x08, 0x63, 0x0c, 0x63, 0x08, 0x63, 0x08, 0xea, 0x0c, 0x2c, 0x15,
  0xc7, 0x0c, 0xa7, 0x0c, 0x63, 0x0c, 0x64, 0x08, 0x8f, 0x1d, 0x84, 0x0c,
  0x84, 0x10, 0xe8, 0x18, 0x10, 0x3e, 0x6b, 0x2d, 0xa6, 0x0c, 0xa6, 0x0c,
  0xa6, 0x0c, 0x63, 0x0c, 0x63, 0x0c, 0xad, 0x35, 0x84, 0x10, 0xe8, 0x10,
  0x09, 0x15, 0x63, 0x0c, 0x63, 0x0c, 0xa6, 0x0c, 0xa7, 0x0c, 0x6e, 0x19,
  0xa6, 0x0c, 0x63, 0x0c, 0x63, 0x0c, 0x63, 0x0c, 0xc6, 0x18, 0x6b, 0x2d,
  0xc6, 0x18, 0xf9, 0x4e, 0xdf, 0x6f, 0xdf, 0x6f, 0x9e, 0x67, 0x5b, 0x5f,
  0x3a, 0x5f, 0x3a, 0x5f, 0x5b, 0x63, 0x7d, 0x6b, 0x9c, 0x6b, 0x94, 0x4e,
  0x29, 0x25, 0xad, 0x39, 0x07, 0x45, 0x49, 0x75, 0x29, 0x79, 0x29, 0x75,
  0x29, 0x75, 0x29, 0x75, 0x29, 0x79, 0x28, 0x71, 0x48, 0x61, 0x48, 0x49,
  0x28, 0x2d, 0x29, 0x25, 0x8c, 0x35, 0xce, 0x41, 0xef, 0x4d, 0x30, 0x5a,
  0xb4, 0x62, 0x7a, 0x77, 0xde, 0x7f, 0x5a, 0x6b, 0x00, 0x00, 0x00, 0x00,
  0x00, 0x00, 0x00, 0x00, 0x00, 0x00, 0x00, 0x00, 0x00, 0x00, 0x00, 0x00,
  0x00, 0x00, 0x00, 0x00, 0x00, 0x00, 0x00, 0x00, 0x00, 0x00, 0x00, 0x00,
  0x00, 0x00, 0x00, 0x00, 0x00, 0x00, 0x00, 0x00, 0x00, 0x00, 0x00, 0x00,
  0x4a, 0x35, 0xec, 0x61, 0x8a, 0x4d, 0x27, 0x35, 0x48, 0x41, 0x6c, 0x7e,
  0x2b, 0x7e, 0xf1, 0x7a, 0x72, 0x7f, 0xed, 0x7e, 0x47, 0x39, 0xe7, 0x24,
  0xe7, 0x20, 0xc4, 0x20, 0x8f, 0x6a, 0x0a, 0x7a, 0xa9, 0x79, 0x88, 0x61,
  0x89, 0x4d, 0xcc, 0x59, 0x0f, 0x52, 0x08, 0x21, 0x53, 0x46, 0xe6, 0x18,
  0x7a, 0x73, 0x94, 0x52, 0x63, 0x08, 0x63, 0x0c, 0x63, 0x0c, 0x63, 0x08,
  0x85, 0x0c, 0x0b, 0x15, 0x2b, 0x15, 0xe8, 0x10, 0x63, 0x0c, 0x63, 0x08,
  0xe8, 0x14, 0x11, 0x42, 0xe8, 0x10, 0x4c, 0x19, 0x8d, 0x31, 0x0a, 0x15,
  0x90, 0x21, 0x8f, 0x21, 0xf4, 0x25, 0x63, 0x0c, 0x63, 0x08, 0x63, 0x08,
  0x63, 0x08, 0x85, 0x0c, 0xa5, 0x0c, 0x63, 0x0c, 0x63, 0x0c, 0x0a, 0x15,
  0x2b, 0x15, 0x2b, 0x19, 0x84, 0x0c, 0x63, 0x0c, 0x63, 0x0c, 0x63, 0x0c,
  0xc6, 0x14, 0x6c, 0x29, 0xe6, 0x18, 0xd9, 0x4a, 0xdf, 0x6f, 0xdf, 0x6f,
  0xbe, 0x67, 0x3c, 0x57, 0x1a, 0x5b, 0x3b, 0x5f, 0x7c, 0x67, 0x9d, 0x6f,
  0xbd, 0x73, 0xb5, 0x52, 0x29, 0x25, 0xac, 0x35, 0x07, 0x45, 0x29, 0x71,
  0x29, 0x75, 0x28, 0x71, 0x28, 0x71, 0x28, 0x71, 0x28, 0x71, 0x27, 0x59,
  0x49, 0x51, 0x08, 0x29, 0x09, 0x21, 0x6c, 0x2d, 0xce, 0x3d, 0xef, 0x49,
  0x30, 0x56, 0x51, 0x5e, 0xb5, 0x66, 0x7a, 0x73, 0x7b, 0x73, 0xef, 0x3d,
  0x00, 0x00, 0x00, 0x00, 0x00, 0x00, 0x00, 0x00, 0x00, 0x00, 0x00, 0x00,
  0x00, 0x00, 0x00, 0x00, 0x00, 0x00, 0x00, 0x00, 0x00, 0x00, 0x00, 0x00,
  0x00, 0x00, 0x00, 0x00, 0x00, 0x00, 0x00, 0x00, 0x00, 0x00, 0x00, 0x00,
  0x00, 0x00, 0x00, 0x00, 0x8b, 0x41, 0x0d, 0x6a, 0x28, 0x3d, 0x2d, 0x5a,
  0x6e, 0x66, 0x4b, 0x7e, 0x2b, 0x7a, 0x13, 0x7b, 0x51, 0x7f, 0xed, 0x7a,
  0x47, 0x39, 0x28, 0x31, 0x28, 0x2d, 0xc5, 0x20, 0x4d, 0x62, 0x6d, 0x7a,
  0xea, 0x75, 0xea, 0x75, 0xaa, 0x61, 0x48, 0x39, 0xac, 0x45, 0xe7, 0x20,
  0x52, 0x42, 0xe6, 0x18, 0x39, 0x6b, 0x94, 0x4e, 0x64, 0x08, 0x63, 0x08,
  0x63, 0x0c, 0x63, 0x0c, 0x42, 0x08, 0x63, 0x08, 0x63, 0x0c, 0x63, 0x08,
  0x63, 0x0c, 0x63, 0x0c, 0x63, 0x0c, 0xa5, 0x14, 0xc6, 0x0c, 0x4d, 0x19,
  0xae, 0x31, 0x0a, 0x15, 0x8e, 0x29, 0x10, 0x42, 0xd2, 0x21, 0x84, 0x0c,
  0x63, 0x08, 0x63, 0x08, 0x63, 0x08, 0x63, 0x0c, 0x63, 0x0c, 0x63, 0x0c,
  0x63, 0x0c, 0x63, 0x0c, 0x63, 0x0c, 0x63, 0x0c, 0x63, 0x0c, 0x63, 0x0c,
  0x63, 0x0c, 0x63, 0x0c, 0xc6, 0x14, 0x6c, 0x29, 0xe7, 0x1c, 0xd9, 0x4a,
  0xdf, 0x6f, 0xdf, 0x6f, 0xbf, 0x6b, 0x7d, 0x5b, 0x5b, 0x63, 0x3b, 0x5f,
  0x7c, 0x6b, 0x9d, 0x6f, 0x9d, 0x6f, 0x95, 0x52, 0x2a, 0x25, 0xad, 0x35,
  0x28, 0x45, 0x29, 0x71, 0x28, 0x71, 0x28, 0x71, 0x28, 0x71, 0x28, 0x69,
  0x28, 0x55, 0x28, 0x4d, 0x09, 0x29, 0x09, 0x1d, 0x8c, 0x2d, 0xce, 0x41,
  0x30, 0x52, 0x31, 0x56, 0x30, 0x5a, 0x73, 0x62, 0x94, 0x66, 0x9c, 0x7b,
  0xd6, 0x5e, 0x00, 0x00, 0x00, 0x00, 0x00, 0x00, 0x00, 0x00, 0x00, 0x00,
  0x00, 0x00, 0x00, 0x00, 0x00, 0x00, 0x00, 0x00, 0x00, 0x00, 0x00, 0x00,
  0x00, 0x00, 0x00, 0x00, 0x00, 0x00, 0x00, 0x00, 0x00, 0x00, 0x00, 0x00,
  0x00, 0x00, 0x00, 0x00, 0x00, 0x00, 0x00, 0x00, 0xc5, 0x20, 0xab, 0x4d,
  0x06, 0x31, 0xeb, 0x55, 0xd0, 0x7a, 0x2b, 0x7e, 0x4b, 0x7a, 0x55, 0x7b,
  0x53, 0x7f, 0xd2, 0x6e, 0x07, 0x2d, 0x49, 0x35, 0x07, 0x35, 0xe6, 0x28,
  0xaa, 0x49, 0x8f, 0x6e, 0x4f, 0x66, 0x90, 0x6e, 0x71, 0x72, 0x2e, 0x72,
  0xab, 0x59, 0xe7, 0x20, 0x32, 0x3e, 0xe6, 0x18, 0x38, 0x63, 0x73, 0x4a,
  0x64, 0x08, 0x63, 0x0c, 0x64, 0x0c, 0x84, 0x0c, 0x85, 0x0c, 0x85, 0x08,
  0x65, 0x08, 0x64, 0x08, 0x64, 0x08, 0x85, 0x08, 0x85, 0x08, 0x64, 0x0c,
  0x86, 0x08, 0x4d, 0x1d, 0x8d, 0x2d, 0x0a, 0x19, 0xe8, 0x18, 0xc6, 0x18,
  0xd2, 0x25, 0x63, 0x08, 0x63, 0x08, 0x63, 0x08, 0x63, 0x0c, 0x64, 0x08,
  0x84, 0x08, 0x64, 0x0c, 0x63, 0x08, 0x64, 0x08, 0x64, 0x08, 0x64, 0x08,
  0x63, 0x0c, 0x63, 0x0c, 0x63, 0x0c, 0x63, 0x0c, 0xc6, 0x14, 0x6c, 0x29,
  0x08, 0x19, 0xd9, 0x4a, 0xbf, 0x67, 0xff, 0x73, 0xdf, 0x6f, 0x9e, 0x63,
  0x5b, 0x5f, 0x3a, 0x5f, 0x5a, 0x67, 0x7b, 0x6b, 0x7c, 0x6f, 0x74, 0x4e,
  0x29, 0x25, 0x8c, 0x31, 0x07, 0x41, 0x28, 0x6d, 0x28, 0x6d, 0x28, 0x69,
  0x27, 0x5d, 0x07, 0x4d, 0x28, 0x45, 0x08, 0x21, 0x08, 0x1d, 0x6c, 0x2d,
  0xce, 0x41, 0x30, 0x52, 0x10, 0x56, 0xee, 0x4d, 0x10, 0x56, 0x93, 0x62,
  0x93, 0x62, 0x9b, 0x77, 0x10, 0x42, 0x00, 0x00, 0x00, 0x00, 0x00, 0x00,
  0x00, 0x00, 0x00, 0x00, 0x00, 0x00, 0x00, 0x00, 0x00, 0x00, 0x00, 0x00,
  0x00, 0x00, 0x00, 0x00, 0x00, 0x00, 0x00, 0x00, 0x00, 0x00, 0x00, 0x00,
  0x00, 0x00, 0x00, 0x00, 0x00, 0x00, 0x00, 0x00, 0x00, 0x00, 0x08, 0x1d,
  0x29, 0x25, 0x28, 0x39, 0x28, 0x4d, 0x68, 0x55, 0x0b, 0x62, 0xca, 0x5d,
  0xea, 0x61, 0x4e, 0x62, 0xcb, 0x51, 0x8a, 0x39, 0x29, 0x25, 0x07, 0x31,
  0x6a, 0x45, 0x28, 0x39, 0xe6, 0x28, 0xb0, 0x6a, 0xcf, 0x7a, 0xca, 0x75,
  0xca, 0x79, 0xca, 0x75, 0xaa, 0x61, 0xe6, 0x20, 0x52, 0x42, 0xe6, 0x18,
  0x17, 0x63, 0x52, 0x46, 0x63, 0x08, 0x63, 0x0c, 0x63, 0x0c, 0x64, 0x0c,
  0xe9, 0x0c, 0x4d, 0x15, 0x0a, 0x11, 0xea, 0x10, 0xf2, 0x2d, 0xd0, 0x31,
  0x6e, 0x1d, 0x63, 0x0c, 0x64, 0x08, 0xa6, 0x0c, 0x8c, 0x2d, 0xa4, 0x0c,
  0xa5, 0x10, 0x08, 0x21, 0x85, 0x0c, 0x85, 0x10, 0xc6, 0x14, 0x63, 0x0c,
  0x64, 0x0c, 0xc7, 0x10, 0x0a, 0x15, 0x64, 0x0c, 0x83, 0x0c, 0xe9, 0x14,
  0xea, 0x14, 0x90, 0x1d, 0xa6, 0x0c, 0x63, 0x0c, 0x63, 0x0c, 0x63, 0x08,
  0xa5, 0x10, 0x4b, 0x25, 0xe7, 0x18, 0xd9, 0x46, 0x9e, 0x5f, 0xdf, 0x73,
  0xdf, 0x6f, 0x7d, 0x63, 0x5b, 0x5f, 0x1a, 0x5f, 0x3a, 0x63, 0x7b, 0x6b,
  0x7b, 0x6b, 0x73, 0x4a, 0x29, 0x25, 0x8c, 0x31, 0x07, 0x45, 0x28, 0x69,
  0x07, 0x55, 0x07, 0x51, 0x28, 0x4d, 0x28, 0x35, 0xe7, 0x20, 0x29, 0x1d,
  0x4b, 0x29, 0xad, 0x39, 0xef, 0x49, 0xce, 0x4d, 0xcd, 0x4d, 0xce, 0x4d,
  0x94, 0x5e, 0xb4, 0x62, 0xd5, 0x66, 0x51, 0x4e, 0x00, 0x00, 0x00, 0x00,
  0x00, 0x00, 0x00, 0x00, 0x00, 0x00, 0x00, 0x00, 0x00, 0x00, 0x00, 0x00,
  0x00, 0x00, 0x00, 0x00, 0x00, 0x00, 0x00, 0x00, 0x00, 0x00, 0x00, 0x00,
  0x00, 0x00, 0x00, 0x00, 0x00, 0x00, 0x00, 0x00, 0x00, 0x00, 0x00, 0x00,
  0x00, 0x00, 0x6c, 0x29, 0x29, 0x21, 0x0f, 0x56, 0xa9, 0x6d, 0x69, 0x65,
  0x69, 0x51, 0x49, 0x49, 0xab, 0x55, 0xa9, 0x51, 0x12, 0x73, 0x94, 0x7b,
  0x15, 0x67, 0xcc, 0x45, 0x8b, 0x45, 0x28, 0x3d, 0xc5, 0x20, 0xcc, 0x49,
  0xca, 0x55, 0x69, 0x59, 0x69, 0x51, 0x8a, 0x4d, 0x8b, 0x45, 0x08, 0x21,
  0x52, 0x42, 0xe7, 0x18, 0xf6, 0x5e, 0x31, 0x42, 0x63, 0x08, 0x63, 0x08,
  0x63, 0x0c, 0x64, 0x08, 0xc9, 0x0c, 0xe9, 0x10, 0x84, 0x0c, 0xa6, 0x0c,
  0x14, 0x32, 0xf2, 0x2d, 0x91, 0x19, 0x63, 0x0c, 0x63, 0x0c, 0x63, 0x0c,
  0x08, 0x21, 0x29, 0x25, 0x4a, 0x25, 0xe7, 0x18, 0x64, 0x08, 0xc7, 0x18,
  0xad, 0x35, 0x63, 0x0c, 0x63, 0x0c, 0xe8, 0x10, 0x2c, 0x19, 0x64, 0x0c,
  0x63, 0x0c, 0x63, 0x0c, 0x63, 0x0c, 0x6e, 0x19, 0xa6, 0x0c, 0x63, 0x08,
  0x63, 0x0c, 0x63, 0x0c, 0xc5, 0x14, 0x4a, 0x25, 0xc6, 0x14, 0xd9, 0x46,
  0x9e, 0x63, 0xff, 0x73, 0xff, 0x77, 0x9e, 0x67, 0x5c, 0x63, 0x3a, 0x5f,
  0x39, 0x63, 0x5a, 0x67, 0x5a, 0x6b, 0x73, 0x4a, 0x29, 0x25, 0x6b, 0x31,
  0x07, 0x39, 0x27, 0x55, 0x27, 0x5d, 0x28, 0x55, 0x28, 0x35, 0xe7, 0x1c,
  0x08, 0x1d, 0x8c, 0x2d, 0xad, 0x39, 0xce, 0x49, 0xce, 0x49, 0xad, 0x45,
  0xce, 0x49, 0x31, 0x56, 0x38, 0x6f, 0xb4, 0x66, 0x17, 0x6b, 0x2d, 0x46,
  0x90, 0x5a, 0xd3, 0x62, 0xab, 0x35, 0x00, 0x00, 0x00, 0x00, 0x00, 0x00,
  0x00, 0x00, 0x00, 0x00, 0x00, 0x00, 0x00, 0x00, 0x00, 0x00, 0x00, 0x00,
  0x00, 0x00, 0x00, 0x00, 0x00, 0x00, 0x00, 0x00, 0x00, 0x00, 0x00, 0x00,
  0x00, 0x00, 0x00, 0x00, 0x29, 0x25, 0x8c, 0x2d, 0x07, 0x1d, 0x90, 0x62,
  0xca, 0x79, 0x89, 0x71, 0xcb, 0x55, 0x76, 0x7f, 0x75, 0x7f, 0x6e, 0x6a,
  0xa8, 0x51, 0xf0, 0x72, 0x52, 0x73, 0xb7, 0x7b, 0x72, 0x56, 0x49, 0x35,
  0x6a, 0x35, 0x0e, 0x4e, 0x13, 0x73, 0xb1, 0x72, 0x6e, 0x72, 0x2d, 0x72,
  0xcb, 0x61, 0x07, 0x25, 0x32, 0x42, 0xe8, 0x1c, 0xb4, 0x56, 0xf0, 0x39,
  0x63, 0x08, 0x63, 0x08, 0x63, 0x0c, 0x64, 0x08, 0xe9, 0x0c, 0xe9, 0x10,
  0x63, 0x0c, 0xe8, 0x10, 0x8f, 0x1d, 0x6f, 0x19, 0xd3, 0x21, 0x63, 0x0c,
  0x64, 0x0c, 0x85, 0x08, 0x63, 0x0c, 0xc8, 0x10, 0x6f, 0x19, 0x8f, 0x1d,
  0x6f, 0x19, 0x64, 0x0c, 0x84, 0x0c, 0x0a, 0x11, 0x6f, 0x19, 0xb1, 0x1d,
  0xd3, 0x25, 0x6f, 0x1d, 0x2b, 0x19, 0x64, 0x0c, 0x84, 0x10, 0x6e, 0x19,
  0xa6, 0x0c, 0x64, 0x0c, 0x63, 0x0c, 0x63, 0x0c, 0xc6, 0x14, 0x4a, 0x25,
  0xe7, 0x18, 0xfa, 0x4a, 0xbf, 0x67, 0xff, 0x77, 0xff, 0x7b, 0xdf, 0x6f,
  0x9d, 0x67, 0x5c, 0x63, 0x5a, 0x67, 0x5a, 0x67, 0x9c, 0x6f, 0x95, 0x52,
  0x4a, 0x25, 0x6b, 0x31, 0x08, 0x45, 0x48, 0x61, 0x49, 0x49, 0xe7, 0x24,
  0xc7, 0x18, 0x09, 0x21, 0x6c, 0x2d, 0xad, 0x39, 0xce, 0x41, 0xee, 0x45,
  0xef, 0x45, 0xcd, 0x41, 0x10, 0x52, 0x17, 0x6f, 0x59, 0x73, 0xf5, 0x6a,
  0x72, 0x52, 0x4b, 0x29, 0x28, 0x31, 0x4e, 0x4e, 0xab, 0x31, 0x00, 0x00,
  0x00, 0x00, 0x00, 0x00, 0x00, 0x00, 0x00, 0x00, 0x00, 0x00, 0x00, 0x00,
  0x00, 0x00, 0x00, 0x00, 0x00, 0x00, 0x00, 0x00, 0x00, 0x00, 0x00, 0x00,
  0x00, 0x00, 0x00, 0x00, 0x00, 0x00, 0x00, 0x00, 0x8c, 0x31, 0xad, 0x35,
  0xcd, 0x41, 0x91, 0x62, 0xaa, 0x69, 0xa9, 0x65, 0xb0, 0x72, 0xb6, 0x7f,
  0x73, 0x7f, 0x2f, 0x7f, 0xcd, 0x7a, 0x0a, 0x62, 0x2c, 0x62, 0x73, 0x7b,
  0xb7, 0x7f, 0x57, 0x6f, 0x8b, 0x3d, 0xec, 0x51, 0xf1, 0x7a, 0x2b, 0x76,
  0xeb, 0x71, 0xec, 0x69, 0xaa, 0x51, 0xe7, 0x20, 0x32, 0x3e, 0xe6, 0x18,
  0x30, 0x46, 0x8c, 0x2d, 0x63, 0x08, 0x63, 0x0c, 0x63, 0x0c, 0x64, 0x0c,
  0xc9, 0x0c, 0x4c, 0x1d, 0xad, 0x31, 0x64, 0x0c, 0x85, 0x0c, 0x64, 0x0c,
  0x84, 0x0c, 0x63, 0x08, 0x86, 0x08, 0x4d, 0x1d, 0x62, 0x0c, 0x2a, 0x21,
  0x6b, 0x29, 0x86, 0x0c, 0xd2, 0x25, 0x63, 0x0c, 0x63, 0x0c, 0x08, 0x19,
  0x29, 0x1d, 0xa5, 0x10, 0xa6, 0x10, 0xa6, 0x0c, 0xa5, 0x0c, 0x4b, 0x21,
  0xc7, 0x14, 0x6e, 0x19, 0xc7, 0x10, 0x84, 0x0c, 0x63, 0x0c, 0x63, 0x0c,
  0xe6, 0x14, 0x4b, 0x25, 0xc6, 0x18, 0x1a, 0x53, 0xdf, 0x6f, 0xff, 0x77,
  0xff, 0x7f, 0xff, 0x77, 0xdf, 0x6f, 0x9d, 0x67, 0x7b, 0x6b, 0x7b, 0x6b,
  0x9d, 0x6f, 0x94, 0x4e, 0x4a, 0x29, 0x4a, 0x31, 0x28, 0x31, 0x6a, 0x35,
  0xe7, 0x18, 0xc7, 0x18, 0x29, 0x21, 0x6b, 0x29, 0x8d, 0x2d, 0xad, 0x35,
  0xad, 0x35, 0xad, 0x39, 0xce, 0x49, 0x0f, 0x52, 0x17, 0x6f, 0xbc, 0x7b,
  0x9b, 0x77, 0x39, 0x6f, 0x6b, 0x31, 0x6a, 0x29, 0x28, 0x25, 0xe7, 0x1c,
  0x00, 0x00, 0x00, 0x00, 0x00, 0x00, 0x00, 0x00, 0x00, 0x00, 0x00, 0x00,
  0x00, 0x00, 0x00, 0x00, 0x00, 0x00, 0x00, 0x00, 0x00, 0x00, 0x00, 0x00,
  0x00, 0x00, 0x00, 0x00, 0x00, 0x00, 0x00, 0x00, 0x00, 0x00, 0x00, 0x00,
  0x6a, 0x25, 0x69, 0x25, 0xcb, 0x3d, 0xd1, 0x6a, 0x0d, 0x5e, 0xec, 0x65,
  0x0b, 0x76, 0x2c, 0x72, 0xf1, 0x7a, 0x52, 0x7f, 0x0e, 0x7f, 0x0d, 0x7b,
  0x8d, 0x72, 0x2c, 0x62, 0xcf, 0x6e, 0x54, 0x73, 0x55, 0x73, 0x0f, 0x4e,
  0x4f, 0x5e, 0xeb, 0x61, 0x0c, 0x6a, 0xec, 0x6d, 0x0c, 0x66, 0x06, 0x21,
  0x32, 0x42, 0xc6, 0x18, 0xad, 0x35, 0x29, 0x21, 0x84, 0x0c, 0x63, 0x0c,
  0x64, 0x0c, 0x83, 0x0c, 0xea, 0x0c, 0x2c, 0x15, 0x29, 0x1d, 0x86, 0x08,
  0x85, 0x08, 0x85, 0x08, 0x85, 0x08, 0x85, 0x08, 0xa8, 0x08, 0x6e, 0x19,
  0x85, 0x08, 0xc7, 0x14, 0x08, 0x1d, 0xa7, 0x08, 0xd3, 0x25, 0x85, 0x08,
  0x85, 0x08, 0xe7, 0x18, 0xe8, 0x18, 0xa6, 0x0c, 0xa6, 0x10, 0xa5, 0x0c,
  0xa5, 0x0c, 0xc7, 0x10, 0xa6, 0x08, 0x4e, 0x19, 0xc7, 0x10, 0x63, 0x0c,
  0x63, 0x0c, 0x63, 0x0c, 0xc6, 0x14, 0x4a, 0x21, 0xc6, 0x14, 0xfa, 0x4e,
  0xbf, 0x67, 0xff, 0x7b, 0xff, 0x7b, 0xff, 0x77, 0xff, 0x7b, 0xde, 0x7b,
  0xde, 0x77, 0xbd, 0x73, 0x9c, 0x6f, 0x73, 0x4e, 0x2a, 0x25, 0x6b, 0x2d,
  0x07, 0x21, 0xe6, 0x18, 0xc7, 0x18, 0x09, 0x1d, 0x4a, 0x25, 0x4a, 0x29,
  0x6c, 0x31, 0xad, 0x39, 0xac, 0x3d, 0xee, 0x49, 0x30, 0x56, 0xb4, 0x66,
  0x7a, 0x77, 0x59, 0x73, 0xbc, 0x7b, 0x17, 0x63, 0x07, 0x21, 0x28, 0x25,
  0x6f, 0x4e, 0x90, 0x56, 0x00, 0x00, 0x00, 0x00, 0x00, 0x00, 0x00, 0x00,
  0x00, 0x00, 0x00, 0x00, 0x00, 0x00, 0x00, 0x00, 0x00, 0x00, 0x00, 0x00,
  0x00, 0x00, 0x00, 0x00, 0x00, 0x00, 0x00, 0x00, 0x00, 0x00, 0x00, 0x00,
  0x00, 0x00, 0x00, 0x00, 0x2a, 0x21, 0xae, 0x31, 0xcb, 0x39, 0x6f, 0x5a,
  0x68, 0x45, 0xcb, 0x5d, 0x89, 0x61, 0xea, 0x71, 0xaa, 0x75, 0x2d, 0x72,
  0x11, 0x77, 0x30, 0x7f, 0x0d, 0x7b, 0x6c, 0x6a, 0xca, 0x5d, 0x6d, 0x6a,
  0x31, 0x77, 0x97, 0x7b, 0x35, 0x73, 0x2c, 0x72, 0xea, 0x75, 0xea, 0x75,
  0xcb, 0x69, 0x06, 0x21, 0x32, 0x42, 0xe6, 0x18, 0x8b, 0x2d, 0x08, 0x1d,
  0x83, 0x0c, 0x64, 0x0c, 0x64, 0x08, 0x63, 0x0c, 0xa7, 0x0c, 0x8f, 0x1d,
  0xb0, 0x25, 0xb0, 0x25, 0x8f, 0x21, 0x8f, 0x21, 0x8e, 0x21, 0x8e, 0x25,
  0x8f, 0x1d, 0xb0, 0x1d, 0xb0, 0x21, 0xd0, 0x25, 0xd0, 0x25, 0xb0, 0x21,
  0xd1, 0x25, 0xaf, 0x25, 0xd0, 0x25, 0x8f, 0x21, 0xb1, 0x21, 0xf3, 0x29,
  0xd2, 0x25, 0xd1, 0x21, 0xd2, 0x25, 0xd1, 0x25, 0x8f, 0x1d, 0xb0, 0x21,
  0xa7, 0x0c, 0x64, 0x0c, 0x64, 0x0c, 0x64, 0x0c, 0xc6, 0x14, 0x29, 0x1d,
  0xe6, 0x14, 0xfa, 0x4a, 0xbf, 0x67, 0xff, 0x7b, 0xff, 0x73, 0xdf, 0x73,
  0xff, 0x7b, 0xff, 0x7f, 0xff, 0x7f, 0xff, 0x7b, 0x9c, 0x6f, 0x73, 0x4a,
  0x29, 0x25, 0x6b, 0x31, 0xc6, 0x1c, 0xe7, 0x18, 0xe8, 0x18, 0x29, 0x25,
  0x4b, 0x25, 0x8c, 0x2d, 0x8c, 0x39, 0x8c, 0x3d, 0xef, 0x51, 0x31, 0x5a,
  0x93, 0x62, 0xf6, 0x6a, 0x7b, 0x77, 0x39, 0x6f, 0x38, 0x6f, 0xad, 0x3d,
  0x49, 0x29, 0x28, 0x25, 0x8a, 0x35, 0x90, 0x56, 0xd0, 0x5e, 0xb2, 0x62,
  0xef, 0x3d, 0x00, 0x00, 0x00, 0x00, 0x00, 0x00, 0x00, 0x00, 0x00, 0x00,
  0x00, 0x00, 0x00, 0x00, 0x00, 0x00, 0x00, 0x00, 0x00, 0x00, 0x00, 0x00,
  0x00, 0x00, 0x00, 0x00, 0x00, 0x00, 0x00, 0x00, 0xe7, 0x1c, 0x8c, 0x25,
  0xc6, 0x18, 0x0e, 0x42, 0xcb, 0x55, 0xcb, 0x61, 0x6a, 0x5d, 0x28, 0x41,
  0xa8, 0x59, 0xe9, 0x79, 0xaa, 0x71, 0x4d, 0x6e, 0xd1, 0x6e, 0x88, 0x41,
  0x0d, 0x7b, 0x6b, 0x72, 0xca, 0x55, 0x11, 0x77, 0x8f, 0x56, 0xb2, 0x6a,
  0x68, 0x51, 0x89, 0x51, 0xcb, 0x59, 0x07, 0x25, 0x73, 0x4a, 0xe7, 0x1c,
  0xad, 0x35, 0x4a, 0x2d, 0x85, 0x10, 0x63, 0x0c, 0x83, 0x08, 0x84, 0x10,
  0x84, 0x0c, 0x84, 0x08, 0x88, 0x3d, 0x6c, 0x62, 0xa9, 0x49, 0xea, 0x4d,
  0x4c, 0x5e, 0x0c, 0x52, 0x29, 0x2d, 0x49, 0x35, 0xca, 0x45, 0xeb, 0x49,
  0xaa, 0x3d, 0x47, 0x31, 0x88, 0x35, 0xaa, 0x3d, 0xa9, 0x35, 0x83, 0x10,
  0xef, 0x39, 0xb5, 0x52, 0xd6, 0x5a, 0xf7, 0x5e, 0xd6, 0x56, 0xd6, 0x56,
  0x6a, 0x29, 0xa4, 0x0c, 0xa4, 0x10, 0xa5, 0x10, 0x84, 0x10, 0x84, 0x0c,
  0xe7, 0x14, 0x29, 0x1d, 0x07, 0x19, 0x1b, 0x53, 0xdf, 0x6f, 0xff, 0x77,
  0xdf, 0x6f, 0xdf, 0x6f, 0xff, 0x7b, 0xff, 0x7f, 0xff, 0x7f, 0xff, 0x7f,
  0xbd, 0x73, 0x94, 0x4e, 0x4b, 0x29, 0x4a, 0x2d, 0xe6, 0x1c, 0xe8, 0x18,
  0x4a, 0x25, 0xae, 0x35, 0x8d, 0x2d, 0x4b, 0x2d, 0x8c, 0x41, 0x0f, 0x56,
  0x72, 0x5e, 0x72, 0x5e, 0x73, 0x62, 0x38, 0x73, 0x59, 0x6f, 0x9b, 0x77,
  0x72, 0x56, 0x29, 0x2d, 0x49, 0x2d, 0xac, 0x2d, 0x8b, 0x29, 0x29, 0x21,
  0x28, 0x29, 0x8f, 0x5a, 0xb1, 0x56, 0x00, 0x00, 0x00, 0x00, 0x00, 0x00,
  0x00, 0x00, 0x00, 0x00, 0x00, 0x00, 0x00, 0x00, 0x00, 0x00, 0x00, 0x00,
  0x00, 0x00, 0x00, 0x00, 0x00, 0x00, 0x00, 0x00, 0x00, 0x00, 0x00, 0x00,
  0x00, 0x00, 0x4b, 0x25, 0x4b, 0x25, 0x24, 0x25, 0x8b, 0x2d, 0xec, 0x59,
  0xc9, 0x75, 0xa9, 0x71, 0x69, 0x5d, 0x47, 0x51, 0x88, 0x5d, 0xca, 0x71,
  0x48, 0x4d, 0x0b, 0x62, 0x32, 0x7b, 0xce, 0x6e, 0x68, 0x45, 0x2c, 0x62,
  0xec, 0x49, 0xb4, 0x5e, 0xaa, 0x59, 0xea, 0x79, 0xeb, 0x71, 0x06, 0x29,
  0xb4, 0x56, 0xf5, 0x62, 0x77, 0x73, 0x56, 0x73, 0xf5, 0x62, 0xe6, 0x1c,
  0x63, 0x0c, 0x64, 0x0c, 0x63, 0x0c, 0x63, 0x0c, 0xc5, 0x20, 0x05, 0x31,
  0x06, 0x2d, 0x26, 0x31, 0x05, 0x2d, 0x06, 0x25, 0x84, 0x14, 0xa4, 0x18,
  0xa4, 0x14, 0xc5, 0x18, 0xa5, 0x18, 0x84, 0x10, 0x84, 0x10, 0xa4, 0x14,
  0xa4, 0x18, 0x84, 0x10, 0xe7, 0x1c, 0xac, 0x35, 0xad, 0x35, 0xad, 0x35,
  0xad, 0x39, 0xad, 0x39, 0xe6, 0x1c, 0xa5, 0x10, 0x84, 0x10, 0x84, 0x0c,
  0xa5, 0x0c, 0x85, 0x0c, 0xe7, 0x18, 0x08, 0x1d, 0x07, 0x1d, 0x3b, 0x57,
  0xdf, 0x73, 0xdf, 0x6f, 0xbf, 0x6b, 0xbf, 0x6b, 0xff, 0x77, 0xff, 0x7f,
  0xff, 0x7f, 0xfe, 0x7f, 0xbe, 0x77, 0x94, 0x4e, 0x4a, 0x29, 0x4a, 0x2d,
  0x08, 0x21, 0x6c, 0x29, 0xae, 0x31, 0xae, 0x35, 0x29, 0x25, 0x8b, 0x39,
  0xcd, 0x49, 0x52, 0x5e, 0x52, 0x5a, 0xef, 0x49, 0x72, 0x5e, 0x17, 0x6b,
  0x38, 0x6b, 0x39, 0x6f, 0xef, 0x45, 0x07, 0x29, 0x49, 0x35, 0x88, 0x31,
  0xab, 0x2d, 0x69, 0x25, 0x29, 0x29, 0x07, 0x21, 0xec, 0x41, 0xe7, 0x1c,
  0x00, 0x00, 0x00, 0x00, 0x00, 0x00, 0x00, 0x00, 0x00, 0x00, 0x00, 0x00,
  0x00, 0x00, 0x00, 0x00, 0x00, 0x00, 0x00, 0x00, 0x00, 0x00, 0x00, 0x00,
  0x00, 0x00, 0x00, 0x00, 0x00, 0x00, 0x00, 0x00, 0x4a, 0x25, 0x6b, 0x25,
  0x6b, 0x21, 0xcc, 0x49, 0x0b, 0x7a, 0xc9, 0x79, 0xa9, 0x79, 0x89, 0x6d,
  0x49, 0x61, 0x68, 0x55, 0x48, 0x4d, 0xab, 0x75, 0xca, 0x6d, 0x68, 0x41,
  0xb0, 0x6e, 0x53, 0x7b, 0x4e, 0x5e, 0x69, 0x41, 0x47, 0x39, 0x2c, 0x66,
  0x4d, 0x66, 0x70, 0x66, 0xf2, 0x7a, 0x31, 0x7f, 0x11, 0x77, 0xd0, 0x6a,
  0x54, 0x6f, 0x16, 0x63, 0xa4, 0x10, 0x83, 0x0c, 0x63, 0x08, 0x63, 0x0c,
  0x63, 0x0c, 0x84, 0x0c, 0x63, 0x0c, 0x63, 0x0c, 0x63, 0x0c, 0x62, 0x0c,
  0x63, 0x0c, 0x84, 0x0c, 0x85, 0x0c, 0x85, 0x0c, 0x84, 0x0c, 0x64, 0x0c,
  0x64, 0x0c, 0x84, 0x0c, 0x84, 0x0c, 0xa5, 0x10, 0x84, 0x0c, 0xa5, 0x10,
  0xa5, 0x10, 0xa5, 0x10, 0xa5, 0x10, 0xa5, 0x10, 0xa5, 0x10, 0xa5, 0x10,
  0x85, 0x10, 0x84, 0x0c, 0xa5, 0x0c, 0x29, 0x1d, 0xe8, 0x18, 0x08, 0x1d,
  0x08, 0x19, 0xfa, 0x4a, 0x9e, 0x63, 0x9e, 0x5f, 0x9e, 0x63, 0xbf, 0x6b,
  0xff, 0x77, 0xff, 0x7f, 0xfe, 0x7f, 0xde, 0x7f, 0xbd, 0x7b, 0x95, 0x52,
  0x4a, 0x25, 0x4a, 0x2d, 0x4a, 0x2d, 0xce, 0x35, 0x8d, 0x2d, 0x29, 0x25,
  0x29, 0x2d, 0xcd, 0x45, 0x0f, 0x52, 0x0f, 0x4a, 0x8b, 0x3d, 0x51, 0x5a,
  0x72, 0x5e, 0xf6, 0x6a, 0x7b, 0x77, 0xf6, 0x66, 0xb4, 0x5a, 0x08, 0x25,
  0x69, 0x35, 0x4d, 0x46, 0xcb, 0x35, 0x49, 0x25, 0x8b, 0x31, 0x6a, 0x2d,
  0xe7, 0x1c, 0x00, 0x00, 0x00, 0x00, 0x00, 0x00, 0x00, 0x00, 0x00, 0x00,
  0x00, 0x00, 0x00, 0x00, 0x00, 0x00, 0x00, 0x00, 0x00, 0x00, 0x00, 0x00,
  0x00, 0x00, 0x00, 0x00, 0x00, 0x00, 0x00, 0x00, 0x00, 0x00, 0x00, 0x00,
  0x00, 0x00, 0x00, 0x00, 0xc6, 0x18, 0x49, 0x31, 0xd2, 0x6e, 0x8e, 0x7a,
  0x0a, 0x7a, 0xc9, 0x79, 0x68, 0x59, 0x69, 0x51, 0x28, 0x49, 0x26, 0x4d,
  0xca, 0x61, 0x68, 0x5d, 0xca, 0x69, 0x8f, 0x72, 0x68, 0x45, 0x69, 0x41,
  0xcb, 0x4d, 0x56, 0x7f, 0x97, 0x7f, 0x77, 0x7b, 0xd1, 0x72, 0x0c, 0x6a,
  0xcb, 0x65, 0xeb, 0x5d, 0xab, 0x45, 0xcd, 0x39, 0x4a, 0x25, 0x29, 0x21,
  0x08, 0x1d, 0x08, 0x19, 0x08, 0x1d, 0x08, 0x19, 0x08, 0x19, 0xe8, 0x18,
  0x09, 0x19, 0x2a, 0x1d, 0x2a, 0x1d, 0x2a, 0x1d, 0x2b, 0x1d, 0x2b, 0x1d,
  0x2b, 0x19, 0x0a, 0x19, 0x2a, 0x19, 0x2a, 0x19, 0x2a, 0x19, 0x2a, 0x19,
  0x2b, 0x1d, 0x4b, 0x1d, 0x4b, 0x21, 0x4c, 0x21, 0x6d, 0x25, 0x8e, 0x29,
  0xae, 0x2d, 0xf0, 0x35, 0xf0, 0x39, 0x10, 0x3a, 0x32, 0x3e, 0xd6, 0x52,
  0x74, 0x4a, 0x4b, 0x21, 0xe7, 0x14, 0xb8, 0x46, 0x1b, 0x4f, 0x1b, 0x4f,
  0x3b, 0x5b, 0x5c, 0x63, 0xff, 0x7b, 0xff, 0x7f, 0x7a, 0x73, 0x7a, 0x73,
  0xde, 0x7f, 0xd6, 0x5a, 0x4b, 0x29, 0x6b, 0x2d, 0x4a, 0x35, 0x8d, 0x31,
  0x08, 0x1d, 0xe6, 0x1c, 0xad, 0x39, 0xcd, 0x45, 0x8c, 0x35, 0x29, 0x2d,
  0xee, 0x49, 0x93, 0x62, 0x93, 0x62, 0xd6, 0x66, 0x9b, 0x77, 0xd5, 0x5e,
  0xad, 0x3d, 0x28, 0x29, 0x68, 0x2d, 0x0b, 0x3e, 0xec, 0x39, 0xab, 0x2d,
  0xcc, 0x35, 0x6e, 0x4e, 0xcb, 0x35, 0x00, 0x00, 0x00, 0x00, 0x00, 0x00,
  0x00, 0x00, 0x00, 0x00, 0x00, 0x00, 0x00, 0x00, 0x00, 0x00, 0x00, 0x00,
  0x00, 0x00, 0x00, 0x00, 0x00, 0x00, 0x00, 0x00, 0x00, 0x00, 0x00, 0x00,
  0x00, 0x00, 0x00, 0x00, 0x00, 0x00, 0x00, 0x00, 0x00, 0x00, 0x00, 0x00,
  0xac, 0x35, 0x0d, 0x42, 0x14, 0x6f, 0x70, 0x7a, 0x68, 0x61, 0xeb, 0x69,
  0xcb, 0x65, 0x6a, 0x65, 0x48, 0x49, 0x68, 0x55, 0xca, 0x71, 0x48, 0x55,
  0x28, 0x41, 0xe5, 0x3c, 0x69, 0x5d, 0xca, 0x59, 0x53, 0x7b, 0x96, 0x7f,
  0x95, 0x7f, 0x73, 0x7b, 0x12, 0x6f, 0x0e, 0x4a, 0xed, 0x39, 0xee, 0x35,
  0xef, 0x39, 0xf0, 0x39, 0x10, 0x3e, 0x31, 0x42, 0x52, 0x46, 0xb6, 0x52,
  0x18, 0x5f, 0x5a, 0x6b, 0xbd, 0x73, 0xde, 0x77, 0xde, 0x7b, 0xde, 0x7b,
  0xdf, 0x7b, 0xdf, 0x7b, 0xde, 0x7b, 0xde, 0x7b, 0xdf, 0x7b, 0xdf, 0x7b,
  0xdf, 0x7b, 0xde, 0x7b, 0xde, 0x7b, 0xde, 0x7b, 0xde, 0x7b, 0xde, 0x7b,
  0xfe, 0x7b, 0xff, 0x7b, 0xdf, 0x7b, 0xbd, 0x77, 0x5a, 0x6b, 0x39, 0x63,
  0xd6, 0x52, 0xb5, 0x4e, 0xb5, 0x52, 0x39, 0x5f, 0x08, 0x1d, 0xf1, 0x35,
  0x76, 0x42, 0x96, 0x46, 0xd7, 0x52, 0x18, 0x5f, 0x39, 0x63, 0x39, 0x67,
  0x18, 0x67, 0x17, 0x63, 0x18, 0x63, 0xcf, 0x39, 0x8c, 0x2d, 0x4a, 0x2d,
  0x08, 0x25, 0x29, 0x21, 0x08, 0x1d, 0x08, 0x21, 0x29, 0x29, 0xe7, 0x20,
  0x2a, 0x29, 0xad, 0x39, 0x31, 0x52, 0x94, 0x62, 0x73, 0x62, 0x94, 0x62,
  0x38, 0x6f, 0x5a, 0x6f, 0x4a, 0x31, 0x28, 0x2d, 0x48, 0x2d, 0x6d, 0x4a,
  0xeb, 0x39, 0xcc, 0x35, 0x48, 0x25, 0x2e, 0x4a, 0x2e, 0x4e, 0x00, 0x00,
  0x00, 0x00, 0x00, 0x00, 0x00, 0x00, 0x00, 0x00, 0x00, 0x00, 0x00, 0x00,
  0x00, 0x00, 0x00, 0x00, 0x00, 0x00, 0x00, 0x00, 0x00, 0x00, 0x00, 0x00,
  0x00, 0x00, 0x00, 0x00, 0x00, 0x00, 0x00, 0x00, 0x00, 0x00, 0x00, 0x00,
  0x00, 0x00, 0x00, 0x00, 0x00, 0x00, 0x00, 0x00, 0x8b, 0x31, 0x2e, 0x4a,
  0x0e, 0x4e, 0xec, 0x5d, 0xcb, 0x65, 0x2d, 0x66, 0xab, 0x4d, 0x27, 0x49,
  0x28, 0x4d, 0x07, 0x41, 0x06, 0x3d, 0x06, 0x4d, 0x48, 0x69, 0x88, 0x6d,
  0x89, 0x65, 0x70, 0x6a, 0x95, 0x7f, 0x72, 0x7f, 0x51, 0x7b, 0xf2, 0x62,
  0x6b, 0x2d, 0xc7, 0x14, 0xc7, 0x10, 0xc7, 0x14, 0xc7, 0x14, 0xa6, 0x10,
  0xc6, 0x10, 0xc6, 0x14, 0xc7, 0x14, 0xe8, 0x18, 0x09, 0x1d, 0x09, 0x1d,
  0x29, 0x1d, 0x2a, 0x21, 0x4b, 0x21, 0x4b, 0x25, 0x4a, 0x25, 0x6b, 0x25,
  0x6c, 0x29, 0x6c, 0x29, 0x8c, 0x29, 0x4b, 0x25, 0x6c, 0x29, 0x6b, 0x29,
  0x6c, 0x29, 0x8c, 0x2d, 0x8c, 0x2d, 0x4b, 0x29, 0x4a, 0x25, 0x2a, 0x25,
  0x29, 0x25, 0x29, 0x1d, 0x29, 0x1d, 0x08, 0x1d, 0x08, 0x1d, 0x08, 0x1d,
  0xe7, 0x18, 0xe7, 0x14, 0xe8, 0x14, 0xe8, 0x10, 0xe8, 0x14, 0x4b, 0x25,
  0x09, 0x1d, 0xe7, 0x18, 0xe7, 0x18, 0xe8, 0x18, 0xe7, 0x18, 0xe7, 0x18,
  0xcf, 0x39, 0x6b, 0x2d, 0x29, 0x25, 0x6b, 0x29, 0x08, 0x1d, 0x29, 0x21,
  0x29, 0x25, 0x6b, 0x31, 0xef, 0x41, 0x73, 0x52, 0x94, 0x56, 0x73, 0x56,
  0x72, 0x5e, 0x73, 0x5e, 0x73, 0x5e, 0xb5, 0x5a, 0x29, 0x29, 0x28, 0x29,
  0x8a, 0x2d, 0x2c, 0x42, 0x0c, 0x3e, 0xab, 0x31, 0x69, 0x25, 0x49, 0x2d,
  0x0e, 0x52, 0x6a, 0x31, 0x00, 0x00, 0x00, 0x00, 0x00, 0x00, 0x00, 0x00,
  0x00, 0x00, 0x00, 0x00, 0x00, 0x00, 0x00, 0x00, 0x00, 0x00, 0x00, 0x00,
  0x00, 0x00, 0x00, 0x00, 0x00, 0x00, 0x00, 0x00, 0x00, 0x00, 0x00, 0x00,
  0x00, 0x00, 0x00, 0x00, 0x00, 0x00, 0x00, 0x00, 0x00, 0x00, 0x00, 0x00,
  0x00, 0x00, 0x28, 0x21, 0x6a, 0x31, 0x27, 0x39, 0x69, 0x51, 0x4e, 0x66,
  0x0e, 0x5e, 0x89, 0x61, 0x68, 0x61, 0x28, 0x3d, 0xe5, 0x30, 0x27, 0x59,
  0x48, 0x6d, 0xc9, 0x79, 0xea, 0x79, 0x89, 0x69, 0xaa, 0x61, 0xce, 0x72,
  0x14, 0x73, 0x13, 0x6b, 0x75, 0x7b, 0x16, 0x67, 0x39, 0x5f, 0xd7, 0x52,
  0x39, 0x5f, 0xf5, 0x5e, 0x53, 0x42, 0x74, 0x42, 0x74, 0x42, 0x54, 0x3a,
  0x54, 0x3a, 0x75, 0x3e, 0x54, 0x3a, 0x54, 0x3a, 0x33, 0x3a, 0x33, 0x3a,
  0x54, 0x3a, 0x12, 0x36, 0xc7, 0x10, 0x2a, 0x1d, 0x8e, 0x25, 0x8e, 0x25,
  0xaf, 0x29, 0x8e, 0x29, 0x8d, 0x25, 0xe8, 0x14, 0xa6, 0x0c, 0xf1, 0x35,
  0x53, 0x3e, 0x53, 0x3e, 0x53, 0x42, 0x73, 0x4a, 0x73, 0x4a, 0x73, 0x4a,
  0x53, 0x4a, 0x53, 0x46, 0x53, 0x4a, 0x53, 0x4a, 0x52, 0x46, 0x32, 0x42,
  0x52, 0x46, 0x52, 0x46, 0x32, 0x46, 0x52, 0x4a, 0x52, 0x46, 0x52, 0x46,
  0x31, 0x46, 0x51, 0x4a, 0x30, 0x46, 0x29, 0x25, 0xe7, 0x20, 0x2a, 0x21,
  0x4a, 0x25, 0x4b, 0x2d, 0x8d, 0x35, 0xf0, 0x3d, 0x11, 0x42, 0x52, 0x4e,
  0x51, 0x4e, 0xee, 0x45, 0xef, 0x45, 0x8c, 0x35, 0x29, 0x25, 0x08, 0x21,
  0x28, 0x29, 0x29, 0x29, 0x48, 0x29, 0x4c, 0x46, 0x0c, 0x3e, 0xcb, 0x31,
  0x8b, 0x2d, 0x8a, 0x31, 0x2c, 0x4a, 0x0e, 0x42, 0x00, 0x00, 0x00, 0x00,
  0x00, 0x00, 0x00, 0x00, 0x00, 0x00, 0x00, 0x00, 0x00, 0x00, 0x00, 0x00,
  0x00, 0x00, 0x00, 0x00, 0x00, 0x00, 0x00, 0x00, 0x00, 0x00, 0x00, 0x00,
  0x00, 0x00, 0x00, 0x00, 0x00, 0x00, 0x00, 0x00, 0x00, 0x00, 0x00, 0x00,
  0x00, 0x00, 0x00, 0x00, 0x00, 0x00, 0x28, 0x21, 0x6a, 0x35, 0xe6, 0x30,
  0x27, 0x39, 0x26, 0x3d, 0x0e, 0x5a, 0x0e, 0x62, 0xec, 0x69, 0x49, 0x3d,
  0xc4, 0x28, 0x28, 0x65, 0x48, 0x6d, 0x68, 0x6d, 0xab, 0x79, 0xa9, 0x65,
  0xaa, 0x71, 0x68, 0x55, 0x2e, 0x5a, 0x12, 0x77, 0x73, 0x7b, 0x73, 0x7b,
  0xb7, 0x7f, 0x97, 0x7b, 0x4d, 0x5a, 0x0d, 0x52, 0xa5, 0x10, 0xc6, 0x10,
  0xc6, 0x10, 0xc7, 0x10, 0xc7, 0x10, 0xe8, 0x14, 0xe8, 0x10, 0xc8, 0x10,
  0xc8, 0x10, 0xc7, 0x10, 0xe9, 0x10, 0xc7, 0x10, 0xa5, 0x10, 0xa5, 0x10,
  0xa6, 0x10, 0xc7, 0x10, 0xc7, 0x10, 0xc7, 0x10, 0xc6, 0x10, 0xa6, 0x10,
  0xa5, 0x10, 0xc7, 0x10, 0xa6, 0x10, 0xc7, 0x10, 0xc7, 0x10, 0xc7, 0x10,
  0xc7, 0x14, 0xe8, 0x18, 0xe8, 0x14, 0xe9, 0x10, 0xe8, 0x10, 0xc8, 0x10,
  0xc7, 0x10, 0xc6, 0x10, 0xc7, 0x10, 0xa7, 0x10, 0xc7, 0x10, 0xc7, 0x10,
  0xe8, 0x14, 0xc7, 0x14, 0xc6, 0x18, 0xc7, 0x18, 0xe7, 0x18, 0xc6, 0x1c,
  0xe6, 0x1c, 0x08, 0x1d, 0x08, 0x21, 0x08, 0x21, 0x4a, 0x25, 0x6a, 0x2d,
  0x6a, 0x31, 0x49, 0x31, 0x0f, 0x4a, 0x31, 0x52, 0x93, 0x5a, 0x6b, 0x31,
  0x29, 0x25, 0x29, 0x25, 0x28, 0x2d, 0x6b, 0x35, 0xaa, 0x35, 0x0a, 0x3e,
  0xa9, 0x31, 0x68, 0x25, 0x48, 0x29, 0x6a, 0x31, 0xcb, 0x39, 0xcc, 0x39,
  0x00, 0x00, 0x00, 0x00, 0x00, 0x00, 0x00, 0x00, 0x00, 0x00, 0x00, 0x00,
  0x00, 0x00, 0x00, 0x00, 0x00, 0x00, 0x00, 0x00, 0x00, 0x00, 0x00, 0x00,
  0x00, 0x00, 0x00, 0x00, 0x00, 0x00, 0x00, 0x00, 0x00, 0x00, 0x00, 0x00,
  0x00, 0x00, 0x00, 0x00, 0x00, 0x00, 0x00, 0x00, 0x00, 0x00, 0x6b, 0x2d,
  0x31, 0x52, 0xe7, 0x2c, 0x27, 0x49, 0x48, 0x61, 0x69, 0x65, 0x69, 0x65,
  0x89, 0x65, 0x26, 0x41, 0x48, 0x45, 0x28, 0x61, 0x28, 0x65, 0x48, 0x6d,
  0x69, 0x71, 0x68, 0x61, 0x8b, 0x71, 0x2e, 0x66, 0x27, 0x49, 0x27, 0x4d,
  0xaa, 0x61, 0x0c, 0x62, 0x4d, 0x66, 0x2c, 0x66, 0xcb, 0x49, 0x69, 0x35,
  0x8c, 0x2d, 0xad, 0x35, 0xae, 0x35, 0xcf, 0x39, 0xf0, 0x3d, 0xf0, 0x3d,
  0xcf, 0x39, 0xce, 0x39, 0xae, 0x35, 0xae, 0x35, 0xad, 0x35, 0xad, 0x31,
  0xe8, 0x14, 0x09, 0x19, 0x0a, 0x19, 0x0a, 0x19, 0x0a, 0x19, 0x0a, 0x19,
  0x0a, 0x19, 0xe7, 0x10, 0xa6, 0x0c, 0x09, 0x1d, 0x2a, 0x21, 0x2a, 0x21,
  0x2a, 0x21, 0x6b, 0x2d, 0xcd, 0x39, 0xad, 0x35, 0xce, 0x39, 0xad, 0x35,
  0x8c, 0x31, 0x6b, 0x2d, 0x6c, 0x2d, 0x6b, 0x2d, 0x8c, 0x31, 0xad, 0x35,
  0xad, 0x35, 0xad, 0x35, 0xad, 0x35, 0x8c, 0x31, 0x8a, 0x2d, 0x8a, 0x31,
  0xac, 0x35, 0x29, 0x25, 0x4a, 0x29, 0x6b, 0x29, 0xae, 0x31, 0xce, 0x39,
  0x6f, 0x4e, 0xd1, 0x5a, 0x4d, 0x4a, 0x6e, 0x4e, 0x4d, 0x4e, 0x30, 0x52,
  0xb4, 0x62, 0x6b, 0x31, 0x4a, 0x29, 0x4a, 0x31, 0x8a, 0x35, 0x8b, 0x39,
  0xa9, 0x35, 0x0b, 0x42, 0x89, 0x2d, 0x8a, 0x2d, 0x89, 0x2d, 0xcb, 0x39,
  0xef, 0x3d, 0x00, 0x00, 0x00, 0x00, 0x00, 0x00, 0x00, 0x00, 0x00, 0x00,
  0x00, 0x00, 0x00, 0x00, 0x00, 0x00, 0x00, 0x00, 0x00, 0x00, 0x00, 0x00,
  0x00, 0x00, 0x00, 0x00, 0x00, 0x00, 0x00, 0x00, 0x00, 0x00, 0x00, 0x00,
  0x00, 0x00, 0x00, 0x00, 0x00, 0x00, 0x00, 0x00, 0x00, 0x00, 0x00, 0x00,
  0x00, 0x00, 0xe7, 0x1c, 0xad, 0x41, 0x07, 0x39, 0x28, 0x4d, 0x48, 0x55,
  0x68, 0x55, 0x89, 0x59, 0x8a, 0x61, 0x8a, 0x69, 0x6a, 0x65, 0x69, 0x5d,
  0x48, 0x65, 0x28, 0x6d, 0x49, 0x5d, 0x48, 0x5d, 0x6a, 0x61, 0x89, 0x49,
  0xe5, 0x34, 0x27, 0x49, 0xaa, 0x61, 0xcb, 0x69, 0x2b, 0x6e, 0xca, 0x55,
  0xed, 0x45, 0x31, 0x3e, 0x10, 0x3a, 0x10, 0x36, 0x10, 0x3a, 0x11, 0x3a,
  0x32, 0x3a, 0x31, 0x3a, 0x11, 0x36, 0xf0, 0x35, 0xef, 0x35, 0xf0, 0x35,
  0xf0, 0x35, 0xad, 0x2d, 0xc7, 0x14, 0x2b, 0x19, 0x4c, 0x19, 0x4c, 0x1d,
  0x2b, 0x19, 0x2b, 0x1d, 0x2b, 0x19, 0x2a, 0x1d, 0xc6, 0x14, 0xcf, 0x2d,
  0x32, 0x3a, 0x33, 0x3e, 0x32, 0x3a, 0x32, 0x3e, 0x32, 0x3e, 0x32, 0x42,
  0x53, 0x3e, 0x32, 0x3e, 0x32, 0x3e, 0x52, 0x3e, 0x52, 0x3e, 0x53, 0x3e,
  0x31, 0x42, 0xa6, 0x14, 0x84, 0x0c, 0x84, 0x0c, 0x84, 0x10, 0x84, 0x0c,
  0x84, 0x0c, 0xc6, 0x18, 0x29, 0x25, 0x4a, 0x29, 0x8c, 0x31, 0xad, 0x31,
  0xce, 0x31, 0x6f, 0x52, 0x4d, 0x46, 0x48, 0x29, 0x48, 0x29, 0x89, 0x31,
  0x0b, 0x3e, 0x2c, 0x46, 0x0e, 0x42, 0x6b, 0x31, 0x4b, 0x29, 0x4a, 0x29,
  0x69, 0x2d, 0xa9, 0x35, 0xea, 0x39, 0x0b, 0x42, 0xab, 0x31, 0x8a, 0x2d,
  0xa9, 0x39, 0xaa, 0x39, 0x00, 0x00, 0x00, 0x00, 0x00, 0x00, 0x00, 0x00,
  0x00, 0x00, 0x00, 0x00, 0x00, 0x00, 0x00, 0x00, 0x00, 0x00, 0x00, 0x00,
  0x00, 0x00, 0x00, 0x00, 0x00, 0x00, 0x00, 0x00, 0x00, 0x00, 0x00, 0x00,
  0x00, 0x00, 0x00, 0x00, 0x00, 0x00, 0x00, 0x00, 0x00, 0x00, 0x00, 0x00,
  0x00, 0x00, 0x00, 0x00, 0x00, 0x00, 0x28, 0x25, 0x71, 0x5e, 0x27, 0x49,
  0x48, 0x61, 0x48, 0x5d, 0x47, 0x61, 0x0b, 0x76, 0x0c, 0x66, 0xaa, 0x55,
  0xaa, 0x61, 0x48, 0x5d, 0xaa, 0x5d, 0x48, 0x5d, 0x28, 0x59, 0x28, 0x61,
  0x8a, 0x55, 0x48, 0x49, 0x07, 0x49, 0x27, 0x49, 0x27, 0x45, 0x69, 0x49,
  0xe9, 0x51, 0x4e, 0x5e, 0xd5, 0x5a, 0x9c, 0x73, 0xbd, 0x77, 0xbd, 0x77,
  0xbd, 0x77, 0x9c, 0x77, 0xbd, 0x7b, 0xf8, 0x5a, 0xae, 0x2d, 0x8c, 0x29,
  0x6c, 0x2d, 0x6c, 0x29, 0x8d, 0x29, 0x6b, 0x29, 0xc6, 0x10, 0xc7, 0x10,
  0xc7, 0x10, 0xc7, 0x10, 0xa5, 0x0c, 0x85, 0x0c, 0x85, 0x0c, 0x85, 0x0c,
  0xa6, 0x10, 0x4b, 0x25, 0x8d, 0x2d, 0xf0, 0x35, 0xf0, 0x35, 0xf0, 0x39,
  0x10, 0x3a, 0xf0, 0x39, 0x11, 0x3a, 0x12, 0x36, 0x33, 0x3a, 0x33, 0x3a,
  0x32, 0x3e, 0xbe, 0x77, 0xff, 0x7b, 0x31, 0x46, 0xa5, 0x10, 0xa5, 0x10,
  0xc6, 0x14, 0xa5, 0x14, 0xa5, 0x14, 0x29, 0x25, 0x2a, 0x25, 0x4b, 0x2d,
  0x6c, 0x31, 0xae, 0x35, 0xcc, 0x35, 0xb0, 0x56, 0x48, 0x29, 0x07, 0x1d,
  0x28, 0x29, 0x8a, 0x35, 0x68, 0x2d, 0x0c, 0x3e, 0x68, 0x2d, 0x6b, 0x2d,
  0x29, 0x29, 0x6a, 0x35, 0x47, 0x29, 0xca, 0x35, 0xeb, 0x3d, 0xcb, 0x35,
  0xcb, 0x31, 0xab, 0x2d, 0xac, 0x41, 0xeb, 0x49, 0x00, 0x00, 0x00, 0x00,
  0x00, 0x00, 0x00, 0x00, 0x00, 0x00, 0x00, 0x00, 0x00, 0x00, 0x00, 0x00,
  0x00, 0x00, 0x00, 0x00, 0x00, 0x00, 0x00, 0x00, 0x00, 0x00, 0x00, 0x00,
  0x00, 0x00, 0x00, 0x00, 0x00, 0x00, 0x00, 0x00, 0x00, 0x00, 0x00, 0x00,
  0x00, 0x00, 0x00, 0x00, 0x00, 0x00, 0x00, 0x00, 0x00, 0x00, 0xcd, 0x3d,
  0x51, 0x62, 0x07, 0x49, 0x28, 0x65, 0x27, 0x61, 0x48, 0x61, 0xa9, 0x79,
  0xea, 0x79, 0x2b, 0x7e, 0x6e, 0x72, 0x89, 0x4d, 0x6a, 0x59, 0xab, 0x51,
  0x27, 0x41, 0x28, 0x55, 0x8b, 0x45, 0x06, 0x3d, 0x27, 0x4d, 0x48, 0x5d,
  0xca, 0x61, 0x0b, 0x6e, 0x2c, 0x6a, 0xab, 0x41, 0x7b, 0x73, 0x53, 0x46,
  0xb5, 0x52, 0x95, 0x52, 0x95, 0x4e, 0xbc, 0x77, 0xde, 0x7b, 0x74, 0x42,
  0xd0, 0x2d, 0xd0, 0x2d, 0xcf, 0x2d, 0xae, 0x29, 0xcf, 0x31, 0xf0, 0x35,
  0xa5, 0x10, 0xc6, 0x1c, 0xc5, 0x18, 0xe7, 0x1c, 0xc6, 0x18, 0xc6, 0x18,
  0xc5, 0x1c, 0xa4, 0x18, 0xa6, 0x10, 0x8d, 0x2d, 0x32, 0x3a, 0xf0, 0x35,
  0x09, 0x1d, 0x2b, 0x1d, 0x08, 0x29, 0x09, 0x25, 0x0a, 0x1d, 0x09, 0x1d,
  0xc6, 0x14, 0xe7, 0x14, 0x4b, 0x25, 0x95, 0x52, 0xff, 0x7f, 0x5a, 0x6b,
  0x4a, 0x25, 0x6b, 0x29, 0x4b, 0x29, 0x4a, 0x29, 0x2a, 0x29, 0x4a, 0x29,
  0x4a, 0x29, 0x6c, 0x31, 0x4b, 0x2d, 0xce, 0x39, 0xab, 0x31, 0x2c, 0x42,
  0x69, 0x29, 0x8b, 0x2d, 0x4b, 0x29, 0x6a, 0x31, 0x8a, 0x35, 0x48, 0x29,
  0x4f, 0x46, 0x28, 0x21, 0x29, 0x2d, 0x6a, 0x39, 0x68, 0x2d, 0x0c, 0x3e,
  0xea, 0x39, 0xaa, 0x2d, 0xcb, 0x31, 0xac, 0x35, 0xcb, 0x41, 0xcb, 0x41,
  0x00, 0x00, 0x00, 0x00, 0x00, 0x00, 0x00, 0x00, 0x00, 0x00, 0x00, 0x00,
  0x00, 0x00, 0x00, 0x00, 0x00, 0x00, 0x00, 0x00, 0x00, 0x00, 0x00, 0x00,
  0x00, 0x00, 0x00, 0x00, 0x00, 0x00, 0x00, 0x00, 0x00, 0x00, 0x00, 0x00,
  0x00, 0x00, 0x00, 0x00, 0x00, 0x00, 0x00, 0x00, 0x00, 0x00, 0x00, 0x00,
  0x00, 0x00, 0x30, 0x4e, 0x51, 0x5e, 0x07, 0x45, 0x28, 0x61, 0x28, 0x61,
  0x48, 0x65, 0xa9, 0x75, 0xe9, 0x79, 0x0a, 0x7e, 0x0a, 0x7a, 0x6e, 0x7a,
  0x0c, 0x62, 0x89, 0x55, 0x69, 0x4d, 0x6b, 0x3d, 0x49, 0x49, 0x48, 0x61,
  0x27, 0x59, 0x68, 0x55, 0xa9, 0x61, 0x0b, 0x6a, 0x4f, 0x62, 0x72, 0x52,
  0xff, 0x7f, 0xde, 0x7b, 0xde, 0x7b, 0xde, 0x77, 0xde, 0x77, 0xff, 0x7f,
  0xde, 0x77, 0x95, 0x46, 0x54, 0x3e, 0x54, 0x42, 0x11, 0x3a, 0x52, 0x3e,
  0x94, 0x4a, 0x10, 0x3e, 0xc4, 0x1c, 0xaa, 0x5d, 0xca, 0x65, 0x89, 0x5d,
  0x89, 0x59, 0xca, 0x61, 0x69, 0x55, 0xe6, 0x2c, 0xc6, 0x14, 0xae, 0x2d,
  0x74, 0x4a, 0x54, 0x42, 0xcf, 0x35, 0x32, 0x42, 0x28, 0x45, 0x28, 0x41,
  0x52, 0x4a, 0x32, 0x46, 0x09, 0x1d, 0xc7, 0x10, 0x09, 0x19, 0xae, 0x31,
  0xbe, 0x7b, 0xde, 0x7f, 0xef, 0x3d, 0x4a, 0x29, 0x4b, 0x29, 0x4a, 0x29,
  0x4b, 0x2d, 0x29, 0x25, 0x6b, 0x2d, 0x8c, 0x31, 0x8c, 0x31, 0xce, 0x39,
  0x0d, 0x3e, 0x2c, 0x42, 0xca, 0x31, 0xce, 0x35, 0xcf, 0x31, 0x4a, 0x29,
  0x8b, 0x35, 0x8a, 0x35, 0x27, 0x21, 0x47, 0x25, 0x6a, 0x31, 0x69, 0x31,
  0xec, 0x39, 0xeb, 0x39, 0x89, 0x2d, 0x89, 0x2d, 0x8a, 0x2d, 0x8a, 0x35,
  0xd0, 0x66, 0x0c, 0x4a, 0x00, 0x00, 0x00, 0x00, 0x00, 0x00, 0x00, 0x00,
  0x00, 0x00, 0x00, 0x00, 0x00, 0x00, 0x00, 0x00, 0x00, 0x00, 0x00, 0x00,
  0x00, 0x00, 0x00, 0x00, 0x00, 0x00, 0x00, 0x00, 0x00, 0x00, 0x00, 0x00,
  0x00, 0x00, 0x00, 0x00, 0x00, 0x00, 0x00, 0x00, 0x00, 0x00, 0x00, 0x00,
  0x00, 0x00, 0x00, 0x00, 0x00, 0x00, 0x50, 0x4e, 0x2f, 0x5a, 0x07, 0x45,
  0x28, 0x65, 0x27, 0x5d, 0x28, 0x69, 0x89, 0x75, 0xe9, 0x79, 0x0a, 0x7a,
  0x2a, 0x7e, 0x8e, 0x7e, 0x2e, 0x72, 0xcb, 0x55, 0x48, 0x3d, 0xe6, 0x20,
  0xe5, 0x2c, 0x28, 0x45, 0x28, 0x4d, 0x28, 0x51, 0x68, 0x55, 0x68, 0x4d,
  0x8b, 0x49, 0x9d, 0x73, 0xff, 0x7f, 0xff, 0x7f, 0xff, 0x7f, 0xff, 0x7f,
  0xff, 0x7f, 0xff, 0x7f, 0xdf, 0x7b, 0x19, 0x5b, 0x94, 0x46, 0x95, 0x4a,
  0x95, 0x4a, 0x95, 0x4a, 0xb6, 0x52, 0x74, 0x46, 0x10, 0x3a, 0x72, 0x52,
  0xb3, 0x62, 0x92, 0x5a, 0xb3, 0x5e, 0xd3, 0x62, 0x51, 0x4e, 0xf0, 0x39,
  0xf0, 0x35, 0x53, 0x42, 0xb5, 0x4e, 0x74, 0x46, 0x10, 0x3a, 0xf0, 0x39,
  0x31, 0x46, 0x31, 0x42, 0x10, 0x3e, 0x10, 0x3a, 0x11, 0x3a, 0x11, 0x3a,
  0x32, 0x3e, 0xb6, 0x4e, 0xbd, 0x73, 0xff, 0x7f, 0x5b, 0x6b, 0x6b, 0x2d,
  0x4b, 0x2d, 0x6b, 0x2d, 0x6b, 0x2d, 0x4b, 0x25, 0x4b, 0x29, 0x8d, 0x31,
  0x8d, 0x35, 0x8c, 0x31, 0xac, 0x35, 0x4d, 0x46, 0xeb, 0x39, 0xec, 0x35,
  0xcc, 0x31, 0x28, 0x21, 0x4a, 0x2d, 0x69, 0x35, 0x49, 0x2d, 0x07, 0x21,
  0x69, 0x2d, 0x89, 0x2d, 0xca, 0x35, 0xaa, 0x31, 0x2e, 0x42, 0xcc, 0x35,
  0x49, 0x25, 0x0e, 0x4a, 0x4e, 0x52, 0x4a, 0x29, 0x00, 0x00, 0x00, 0x00,
  0x00, 0x00, 0x00, 0x00, 0x00, 0x00, 0x00, 0x00, 0x00, 0x00, 0x00, 0x00,
  0x00, 0x00, 0x00, 0x00, 0x00, 0x00, 0x00, 0x00, 0x00, 0x00, 0x00, 0x00,
  0x00, 0x00, 0x00, 0x00, 0x00, 0x00, 0x00, 0x00, 0x00, 0x00, 0x00, 0x00,
  0x00, 0x00, 0x00, 0x00, 0x00, 0x00, 0x00, 0x00, 0x00, 0x00, 0x90, 0x52,
  0x0d, 0x56, 0x07, 0x45, 0x27, 0x61, 0x27, 0x5d, 0x28, 0x69, 0x68, 0x71,
  0xc9, 0x79, 0x0a, 0x7e, 0x2a, 0x7e, 0x8e, 0x7e, 0x2d, 0x72, 0x4e, 0x6a,
  0x07, 0x29, 0xc6, 0x1c, 0xe7, 0x20, 0x09, 0x1d, 0x2a, 0x25, 0xe6, 0x24,
  0x8b, 0x4d, 0xaa, 0x55, 0xb4, 0x62, 0xff, 0x7f, 0xff, 0x7f, 0xff, 0x7f,
  0xff, 0x7f, 0xff, 0x7f, 0xff, 0x7f, 0xff, 0x7b, 0xff, 0x7b, 0xff, 0x7b,
  0xff, 0x7b, 0xff, 0x7b, 0xff, 0x7b, 0xff, 0x7f, 0xff, 0x7f, 0xff, 0x7f,
  0xff, 0x7b, 0xfe, 0x7f, 0xfe, 0x7b, 0xff, 0x7f, 0xde, 0x7f, 0xff, 0x7f,
  0xde, 0x7b, 0xff, 0x7f, 0xff, 0x7b, 0xff, 0x7b, 0xdf, 0x7b, 0xdf, 0x7b,
  0xff, 0x7b, 0xff, 0x7b, 0xff, 0x7b, 0xdf, 0x7b, 0xde, 0x7b, 0xde, 0x7b,
  0xde, 0x7b, 0xde, 0x7b, 0xde, 0x7b, 0xde, 0x7b, 0xde, 0x7b, 0xde, 0x7b,
  0xde, 0x7b, 0xad, 0x35, 0x4b, 0x29, 0x6b, 0x29, 0x8c, 0x31, 0x2a, 0x21,
  0x8d, 0x2d, 0x8c, 0x2d, 0xad, 0x35, 0x8c, 0x31, 0x8b, 0x31, 0x2f, 0x42,
  0xeb, 0x39, 0x88, 0x31, 0x89, 0x31, 0x28, 0x21, 0x49, 0x29, 0x8a, 0x31,
  0x8a, 0x2d, 0x28, 0x21, 0x8a, 0x2d, 0x8a, 0x2d, 0x8a, 0x2d, 0xab, 0x31,
  0xaa, 0x31, 0xab, 0x35, 0x08, 0x21, 0x00, 0x00, 0x00, 0x00, 0x00, 0x00,
  0x00, 0x00, 0x00, 0x00, 0x00, 0x00, 0x00, 0x00, 0x00, 0x00, 0x00, 0x00,
  0x00, 0x00, 0x00, 0x00, 0x00, 0x00, 0x00, 0x00, 0x00, 0x00, 0x00, 0x00,
  0x00, 0x00, 0x00, 0x00, 0x00, 0x00, 0x00, 0x00, 0x00, 0x00, 0x00, 0x00,
  0x00, 0x00, 0x00, 0x00, 0x00, 0x00, 0x00, 0x00, 0x00, 0x00, 0x00, 0x00,
  0x00, 0x00, 0x91, 0x52, 0xed, 0x51, 0x07, 0x49, 0x28, 0x65, 0x27, 0x5d,
  0x28, 0x69, 0x48, 0x6d, 0xc9, 0x79, 0x0a, 0x7a, 0x2b, 0x7a, 0xaf, 0x7e,
  0x2e, 0x6e, 0x4e, 0x6a, 0x07, 0x29, 0xc5, 0x20, 0xc5, 0x20, 0xa6, 0x10,
  0xe7, 0x1c, 0x08, 0x21, 0xcd, 0x49, 0x0c, 0x5a, 0x7b, 0x6f, 0xbd, 0x73,
  0xbe, 0x73, 0xbd, 0x73, 0xbd, 0x73, 0xbd, 0x73, 0xbd, 0x73, 0xbd, 0x73,
  0x9d, 0x73, 0xbd, 0x73, 0xbe, 0x73, 0xdf, 0x73, 0xbe, 0x73, 0xde, 0x73,
  0xde, 0x77, 0xde, 0x77, 0xbe, 0x73, 0xde, 0x77, 0xde, 0x77, 0xde, 0x77,
  0xbd, 0x73, 0xbd, 0x77, 0x9c, 0x73, 0xbd, 0x73, 0xbd, 0x73, 0xbd, 0x73,
  0x9d, 0x73, 0x9d, 0x73, 0xbd, 0x6f, 0xbd, 0x73, 0xbd, 0x73, 0xbd, 0x6f,
  0x9c, 0x6f, 0x9c, 0x6b, 0x7c, 0x67, 0x5c, 0x63, 0x5b, 0x63, 0x7c, 0x67,
  0x9c, 0x6b, 0x9c, 0x6f, 0xbd, 0x73, 0xb6, 0x56, 0x4b, 0x29, 0x6b, 0x2d,
  0x8c, 0x35, 0xe7, 0x18, 0x2a, 0x21, 0xad, 0x31, 0x8d, 0x31, 0xad, 0x35,
  0x6c, 0x31, 0x28, 0x25, 0xcb, 0x35, 0xcb, 0x35, 0xab, 0x31, 0x29, 0x25,
  0x28, 0x25, 0xec, 0x39, 0x06, 0x1d, 0x27, 0x1d, 0xcc, 0x35, 0xcb, 0x35,
  0x8a, 0x2d, 0x68, 0x2d, 0x0d, 0x4a, 0xac, 0x35, 0x00, 0x00, 0x00, 0x00,
  0x00, 0x00, 0x00, 0x00, 0x00, 0x00, 0x00, 0x00, 0x00, 0x00, 0x00, 0x00,
  0x00, 0x00, 0x00, 0x00, 0x00, 0x00, 0x00, 0x00, 0x00, 0x00, 0x00, 0x00,
  0x00, 0x00, 0x00, 0x00, 0x00, 0x00, 0x00, 0x00, 0x00, 0x00, 0x00, 0x00,
  0x00, 0x00, 0x00, 0x00, 0x00, 0x00, 0x00, 0x00, 0x00, 0x00, 0x00, 0x00,
  0x00, 0x00, 0x00, 0x00, 0x00, 0x00, 0x92, 0x56, 0xcd, 0x4d, 0x07, 0x49,
  0x28, 0x65, 0x27, 0x5d, 0x27, 0x65, 0x69, 0x6d, 0xea, 0x75, 0x0a, 0x7e,
  0x4c, 0x7a, 0x6e, 0x76, 0x2e, 0x62, 0xec, 0x59, 0xe6, 0x20, 0xc6, 0x20,
  0xc6, 0x20, 0xc6, 0x14, 0xe7, 0x1c, 0xe6, 0x20, 0x8a, 0x39, 0xb4, 0x5a,
  0xff, 0x7b, 0xde, 0x77, 0xde, 0x77, 0xde, 0x77, 0xde, 0x77, 0xbd, 0x77,
  0xde, 0x77, 0xb5, 0x52, 0x8d, 0x29, 0x8d, 0x29, 0x8d, 0x29, 0x6c, 0x29,
  0x6c, 0x29, 0x8d, 0x29, 0x6c, 0x29, 0x6c, 0x29, 0x6d, 0x25, 0x6d, 0x29,
  0x6d, 0x29, 0x8e, 0x29, 0x8d, 0x29, 0x8d, 0x29, 0xad, 0x2d, 0xad, 0x31,
  0xcf, 0x35, 0xcf, 0x35, 0xf0, 0x35, 0xf1, 0x39, 0xf1, 0x39, 0x11, 0x3a,
  0x12, 0x3a, 0x12, 0x3e, 0x11, 0x3a, 0x33, 0x3a, 0x34, 0x3a, 0x34, 0x3a,
  0x34, 0x3a, 0x54, 0x3a, 0x33, 0x3e, 0x32, 0x42, 0xbe, 0x77, 0xde, 0x77,
  0x10, 0x42, 0xad, 0x31, 0xcf, 0x39, 0xe8, 0x18, 0x4a, 0x21, 0xae, 0x31,
  0x8e, 0x2d, 0xae, 0x35, 0x6b, 0x31, 0x6b, 0x2d, 0x49, 0x25, 0x69, 0x29,
  0x48, 0x25, 0x28, 0x21, 0xe7, 0x18, 0x47, 0x25, 0x48, 0x25, 0x28, 0x21,
  0xab, 0x31, 0xcc, 0x35, 0x48, 0x29, 0x2e, 0x4a, 0xaf, 0x5a, 0xef, 0x3d,
  0x00, 0x00, 0x00, 0x00, 0x00, 0x00, 0x00, 0x00, 0x00, 0x00, 0x00, 0x00,
  0x00, 0x00, 0x00, 0x00, 0x00, 0x00, 0x00, 0x00, 0x00, 0x00, 0x00, 0x00,
  0x00, 0x00, 0x00, 0x00, 0x00, 0x00, 0x00, 0x00, 0x00, 0x00, 0x00, 0x00,
  0x00, 0x00, 0x00, 0x00, 0x00, 0x00, 0x00, 0x00, 0x00, 0x00, 0x00, 0x00,
  0x00, 0x00, 0x00, 0x00, 0x00, 0x00, 0x00, 0x00, 0x00, 0x00, 0x92, 0x56,
  0xcc, 0x4d, 0x07, 0x4d, 0x48, 0x65, 0x28, 0x61, 0x28, 0x65, 0x69, 0x6d,
  0xc9, 0x79, 0x0a, 0x7a, 0x4c, 0x72, 0x4f, 0x6a, 0xcb, 0x65, 0xf0, 0x41,
  0x8d, 0x31, 0x28, 0x41, 0x28, 0x41, 0x4b, 0x21, 0x6c, 0x21, 0xc7, 0x14,
  0x28, 0x25, 0x9c, 0x77, 0xff, 0x7f, 0xff, 0x7f, 0xff, 0x7b, 0xff, 0x7f,
  0xff, 0x7f, 0xff, 0x7f, 0xde, 0x77, 0xf0, 0x35, 0x0a, 0x15, 0x6c, 0x25,
  0x6c, 0x25, 0x2a, 0x1d, 0x8d, 0x29, 0xae, 0x29, 0x4b, 0x1d, 0x8d, 0x25,
  0x6d, 0x21, 0x2b, 0x1d, 0x6d, 0x21, 0x6c, 0x21, 0x4b, 0x21, 0x6c, 0x21,
  0x6c, 0x21, 0x6c, 0x21, 0xae, 0x29, 0x6c, 0x21, 0x2b, 0x1d, 0x6d, 0x25,
  0x6c, 0x21, 0x4b, 0x1d, 0x6d, 0x25, 0x6e, 0x25, 0x4b, 0x21, 0x6c, 0x25,
  0x4c, 0x21, 0x2b, 0x1d, 0x4c, 0x21, 0x6d, 0x21, 0x2b, 0x1d, 0x2a, 0x1d,
  0x39, 0x63, 0xdf, 0x7b, 0x7b, 0x6f, 0xef, 0x49, 0x56, 0x36, 0x8e, 0x25,
  0x35, 0x36, 0x57, 0x32, 0x35, 0x32, 0x13, 0x3a, 0xce, 0x35, 0x8c, 0x35,
  0x4a, 0x2d, 0x4a, 0x25, 0x4a, 0x25, 0x29, 0x21, 0x49, 0x21, 0x68, 0x2d,
  0x6a, 0x29, 0x8a, 0x29, 0x4f, 0x46, 0x08, 0x21, 0x00, 0x00, 0x48, 0x29,
  0x00, 0x00, 0x00, 0x00, 0x00, 0x00, 0x00, 0x00, 0x00, 0x00, 0x00, 0x00,
  0x00, 0x00, 0x00, 0x00, 0x00, 0x00, 0x00, 0x00, 0x00, 0x00, 0x00, 0x00,
  0x00, 0x00, 0x00, 0x00, 0x00, 0x00, 0x00, 0x00, 0x00, 0x00, 0x00, 0x00,
  0x00, 0x00, 0x00, 0x00, 0x00, 0x00, 0x00, 0x00, 0x00, 0x00, 0x00, 0x00,
  0x00, 0x00, 0x00, 0x00, 0x00, 0x00, 0x00, 0x00, 0x00, 0x00, 0x00, 0x00,
  0x00, 0x00, 0x70, 0x4e, 0xcc, 0x4d, 0x27, 0x51, 0x48, 0x69, 0x48, 0x61,
  0x28, 0x61, 0x48, 0x69, 0xc9, 0x75, 0x2b, 0x76, 0x2d, 0x62, 0x13, 0x77,
  0x30, 0x56, 0x14, 0x32, 0xaf, 0x2d, 0xb0, 0x2d, 0x4b, 0x25, 0x2b, 0x21,
  0x08, 0x19, 0xe7, 0x18, 0x19, 0x63, 0xff, 0x7f, 0xff, 0x7f, 0xff, 0x7f,
  0xff, 0x7f, 0xff, 0x7f, 0xff, 0x7f, 0xff, 0x7f, 0x19, 0x63, 0x6c, 0x21,
  0x09, 0x15, 0x0a, 0x15, 0x0a, 0x19, 0x0a, 0x19, 0x2b, 0x1d, 0x2c, 0x1d,
  0x0a, 0x19, 0x2a, 0x21, 0x09, 0x19, 0x0a, 0x15, 0x4c, 0x19, 0x2c, 0x19,
  0x2b, 0x19, 0x2b, 0x19, 0x2b, 0x19, 0x2b, 0x19, 0x2c, 0x1d, 0x2b, 0x19,
  0x0a, 0x19, 0x0b, 0x19, 0x2b, 0x19, 0x09, 0x19, 0x09, 0x19, 0x0a, 0x19,
  0x0a, 0x15, 0x0a, 0x15, 0x09, 0x15, 0xe9, 0x14, 0xe9, 0x14, 0xe8, 0x18,
  0xe8, 0x18, 0x09, 0x1d, 0x8d, 0x2d, 0xde, 0x77, 0xff, 0x7f, 0xb6, 0x5a,
  0x6b, 0x25, 0x2b, 0x21, 0x8d, 0x25, 0x8e, 0x25, 0x14, 0x2e, 0x77, 0x3a,
  0x34, 0x3a, 0x4a, 0x29, 0xad, 0x39, 0x29, 0x25, 0x2a, 0x25, 0x4a, 0x25,
  0x6a, 0x29, 0x8b, 0x35, 0x09, 0x21, 0x08, 0x21, 0xa5, 0x14, 0x00, 0x00,
  0x00, 0x00, 0x00, 0x00, 0x00, 0x00, 0x00, 0x00, 0x00, 0x00, 0x00, 0x00,
  0x00, 0x00, 0x00, 0x00, 0x00, 0x00, 0x00, 0x00, 0x00, 0x00, 0x00, 0x00,
  0x00, 0x00, 0x00, 0x00, 0x00, 0x00, 0x00, 0x00, 0x00, 0x00, 0x00, 0x00,
  0x00, 0x00, 0x00, 0x00, 0x00, 0x00, 0x00, 0x00, 0x00, 0x00, 0x00, 0x00,
  0x00, 0x00, 0x00, 0x00, 0x00, 0x00, 0x00, 0x00, 0x00, 0x00, 0x00, 0x00,
  0x00, 0x00, 0x00, 0x00, 0x00, 0x00, 0x0e, 0x4a, 0xee, 0x51, 0x07, 0x4d,
  0x28, 0x65, 0x28, 0x59, 0x48, 0x5d, 0x69, 0x6d, 0xea, 0x75, 0xeb, 0x65,
  0xb0, 0x72, 0xb2, 0x6e, 0x12, 0x36, 0xd2, 0x29, 0x15, 0x2a, 0xb1, 0x25,
  0xc7, 0x10, 0xc7, 0x14, 0xe6, 0x14, 0xad, 0x31, 0xff, 0x7f, 0xff, 0x7f,
  0xff, 0x7f, 0xff, 0x7f, 0xff, 0x7f, 0xff, 0x7f, 0xff, 0x7f, 0xff, 0x7b,
  0x74, 0x46, 0x09, 0x19, 0xae, 0x29, 0xaf, 0x2d, 0xf0, 0x39, 0x4b, 0x21,
  0x32, 0x3e, 0x32, 0x3e, 0x6c, 0x21, 0x11, 0x3a, 0x11, 0x36, 0x8d, 0x29,
  0xd1, 0x2d, 0xaf, 0x2d, 0x6d, 0x21, 0xf1, 0x31, 0xaf, 0x29, 0x8e, 0x29,
  0xd0, 0x2d, 0x8e, 0x29, 0xf0, 0x39, 0xae, 0x29, 0xaf, 0x2d, 0xcf, 0x31,
  0x6c, 0x29, 0xae, 0x29, 0x6d, 0x25, 0x2a, 0x1d, 0x8e, 0x29, 0x6d, 0x21,
  0x29, 0x21, 0xe7, 0x20, 0xe7, 0x20, 0x08, 0x21, 0xe8, 0x18, 0x39, 0x63,
  0xff, 0x7f, 0xbd, 0x77, 0x29, 0x25, 0x07, 0x1d, 0xc7, 0x14, 0xe8, 0x18,
  0xf2, 0x31, 0x14, 0x32, 0x76, 0x3e, 0xaf, 0x2d, 0x4a, 0x29, 0x4a, 0x29,
  0x4b, 0x2d, 0xce, 0x3d, 0x6a, 0x31, 0x29, 0x25, 0x09, 0x21, 0x08, 0x21,
  0x84, 0x10, 0x00, 0x00, 0x00, 0x00, 0x00, 0x00, 0x00, 0x00, 0x00, 0x00,
  0x00, 0x00, 0x00, 0x00, 0x00, 0x00, 0x00, 0x00, 0x00, 0x00, 0x00, 0x00,
  0x00, 0x00, 0x00, 0x00, 0x00, 0x00, 0x00, 0x00, 0x00, 0x00, 0x00, 0x00,
  0x00, 0x00, 0x00, 0x00, 0x00, 0x00, 0x00, 0x00, 0x00, 0x00, 0x00, 0x00,
  0x00, 0x00, 0x00, 0x00, 0x00, 0x00, 0x00, 0x00, 0x00, 0x00, 0x00, 0x00,
  0x00, 0x00, 0x00, 0x00, 0x00, 0x00, 0x00, 0x00, 0x00, 0x00, 0x31, 0x4a,
  0x50, 0x5e, 0x06, 0x45, 0x28, 0x65, 0x27, 0x61, 0x28, 0x5d, 0x68, 0x6d,
  0xaa, 0x75, 0xca, 0x5d, 0x90, 0x76, 0xce, 0x39, 0x8f, 0x21, 0x6e, 0x1d,
  0x6e, 0x21, 0x8e, 0x21, 0x2a, 0x19, 0xc6, 0x14, 0xe8, 0x18, 0x5b, 0x6b,
  0xff, 0x7f, 0xff, 0x7f, 0xff, 0x7f, 0xff, 0x7f, 0xff, 0x7f, 0xff, 0x7b,
  0xff, 0x7b, 0xde, 0x73, 0xef, 0x35, 0xc6, 0x10, 0xe8, 0x14, 0xe9, 0x14,
  0xe8, 0x14, 0xe8, 0x10, 0x09, 0x19, 0x09, 0x19, 0xe8, 0x14, 0x0a, 0x15,
  0x0a, 0x19, 0x0a, 0x15, 0x0b, 0x15, 0x0a, 0x15, 0xe9, 0x14, 0x0b, 0x15,
  0x2b, 0x15, 0x0b, 0x15, 0x0a, 0x19, 0x0a, 0x15, 0x0a, 0x19, 0x09, 0x15,
  0x09, 0x15, 0x09, 0x15, 0xe9, 0x14, 0xe9, 0x14, 0x09, 0x19, 0xc8, 0x10,
  0xe9, 0x14, 0x09, 0x15, 0xe8, 0x14, 0xe8, 0x14, 0xe8, 0x14, 0xe8, 0x18,
  0xc6, 0x10, 0xad, 0x31, 0xde, 0x7b, 0xff, 0x7b, 0x5a, 0x67, 0x4a, 0x21,
  0x6d, 0x21, 0x8d, 0x25, 0x8d, 0x25, 0xae, 0x29, 0xf1, 0x2d, 0x33, 0x36,
  0x2a, 0x21, 0x6b, 0x2d, 0x4a, 0x29, 0x8c, 0x35, 0x8c, 0x35, 0x29, 0x25,
  0x08, 0x21, 0x08, 0x21, 0x4a, 0x29, 0x00, 0x00, 0x00, 0x00, 0x00, 0x00,
  0x00, 0x00, 0x00, 0x00, 0x00, 0x00, 0x00, 0x00, 0x00, 0x00, 0x00, 0x00,
  0x00, 0x00, 0x00, 0x00, 0x00, 0x00, 0x00, 0x00, 0x00, 0x00, 0x00, 0x00,
  0x00, 0x00, 0x00, 0x00, 0x00, 0x00, 0x00, 0x00, 0x00, 0x00, 0x00, 0x00,
  0x00, 0x00, 0x00, 0x00, 0x00, 0x00, 0x00, 0x00, 0x00, 0x00, 0x00, 0x00,
  0x00, 0x00, 0x00, 0x00, 0x00, 0x00, 0x00, 0x00, 0x00, 0x00, 0x00, 0x00,
  0x00, 0x00, 0xcd, 0x41, 0x70, 0x66, 0x27, 0x45, 0x48, 0x61, 0x48, 0x5d,
  0x48, 0x55, 0x89, 0x69, 0xca, 0x6d, 0x0b, 0x5e, 0xee, 0x49, 0x4c, 0x21,
  0x4d, 0x1d, 0x2b, 0x19, 0x4c, 0x1d, 0x2b, 0x19, 0xc7, 0x14, 0xc6, 0x14,
  0x52, 0x46, 0xff, 0x7b, 0xff, 0x7b, 0xff, 0x7b, 0xff, 0x7b, 0xff, 0x7b,
  0xff, 0x7b, 0xff, 0x77, 0xff, 0x77, 0x19, 0x5b, 0x4b, 0x1d, 0xe8, 0x14,
  0x09, 0x15, 0x2b, 0x19, 0x09, 0x15, 0x2a, 0x19, 0x2a, 0x19, 0x2b, 0x1d,
  0x0a, 0x19, 0x2b, 0x1d, 0x4c, 0x1d, 0x2c, 0x19, 0x4d, 0x19, 0x4c, 0x1d,
  0x2a, 0x19, 0x4c, 0x1d, 0x4c, 0x1d, 0x4b, 0x1d, 0x4b, 0x21, 0x2b, 0x19,
  0x4b, 0x1d, 0x09, 0x15, 0x2b, 0x19, 0x2b, 0x19, 0x0a, 0x19, 0x2b, 0x1d,
  0x4c, 0x1d, 0x2a, 0x1d, 0x09, 0x1d, 0x2a, 0x19, 0x2a, 0x19, 0xe8, 0x14,
  0x2a, 0x1d, 0x0a, 0x19, 0xe8, 0x18, 0x08, 0x1d, 0xf8, 0x5e, 0xff, 0x7b,
  0xff, 0x7f, 0xef, 0x39, 0x8d, 0x25, 0x8e, 0x25, 0x6d, 0x25, 0x6c, 0x21,
  0xae, 0x29, 0x12, 0x36, 0xaf, 0x29, 0x4a, 0x29, 0xad, 0x3d, 0x8c, 0x39,
  0x10, 0x46, 0x4a, 0x29, 0x8c, 0x31, 0x6b, 0x2d, 0xef, 0x3d, 0x00, 0x00,
  0x00, 0x00, 0x00, 0x00, 0x00, 0x00, 0x00, 0x00, 0x00, 0x00, 0x00, 0x00,
  0x00, 0x00, 0x00, 0x00, 0x00, 0x00, 0x00, 0x00, 0x00, 0x00, 0x00, 0x00,
  0x00, 0x00, 0x00, 0x00, 0x00, 0x00, 0x00, 0x00, 0x00, 0x00, 0x00, 0x00,
  0x00, 0x00, 0x00, 0x00, 0x00, 0x00, 0x00, 0x00, 0x00, 0x00, 0x00, 0x00,
  0x00, 0x00, 0x00, 0x00, 0x00, 0x00, 0x00, 0x00, 0x00, 0x00, 0x00, 0x00,
  0x00, 0x00, 0x00, 0x00, 0x00, 0x00, 0x27, 0x1d, 0xcd, 0x45, 0x07, 0x39,
  0x27, 0x41, 0x07, 0x41, 0x07, 0x41, 0x48, 0x49, 0x88, 0x4d, 0xa9, 0x3d,
  0x49, 0x21, 0x4b, 0x1d, 0x4a, 0x1d, 0x29, 0x19, 0x09, 0x19, 0xc7, 0x14,
  0xc6, 0x14, 0xe8, 0x18, 0x9d, 0x6b, 0xff, 0x77, 0xff, 0x73, 0xff, 0x73,
  0xff, 0x73, 0xff, 0x73, 0xff, 0x73, 0xff, 0x73, 0xde, 0x73, 0x32, 0x3e,
  0x09, 0x19, 0x09, 0x19, 0x4a, 0x25, 0x8b, 0x2d, 0x08, 0x1d, 0x6b, 0x29,
  0x4a, 0x21, 0x4a, 0x25, 0x4a, 0x21, 0x4b, 0x25, 0x6c, 0x29, 0x29, 0x1d,
  0x6c, 0x29, 0x4b, 0x25, 0x09, 0x1d, 0x8d, 0x2d, 0x8c, 0x29, 0x6c, 0x2d,
  0x4b, 0x25, 0xae, 0x2d, 0x8c, 0x2d, 0x08, 0x1d, 0x6c, 0x29, 0x4b, 0x29,
  0x29, 0x21, 0x4b, 0x29, 0x8c, 0x31, 0x4a, 0x29, 0x08, 0x21, 0x6b, 0x2d,
  0x4a, 0x25, 0xa5, 0x14, 0x4a, 0x25, 0x4a, 0x25, 0x09, 0x1d, 0xc6, 0x14,
  0xce, 0x35, 0xff, 0x7b, 0xdd, 0x77, 0x7b, 0x6f, 0x8d, 0x2d, 0x6c, 0x29,
  0x6d, 0x29, 0x6c, 0x25, 0x6c, 0x25, 0x6c, 0x25, 0x8d, 0x29, 0x6b, 0x29,
  0x8c, 0x31, 0x4a, 0x29, 0x4a, 0x2d, 0x4a, 0x29, 0x8c, 0x31, 0x6b, 0x2d,
  0xef, 0x3d, 0x00, 0x00, 0x00, 0x00, 0x00, 0x00, 0x00, 0x00, 0x00, 0x00,
  0x00, 0x00, 0x00, 0x00, 0x00, 0x00, 0x00, 0x00, 0x00, 0x00, 0x00, 0x00,
  0x00, 0x00, 0x00, 0x00, 0x00, 0x00, 0x00, 0x00, 0x00, 0x00, 0x00, 0x00,
  0x00, 0x00, 0x00, 0x00, 0x00, 0x00, 0x00, 0x00, 0x00, 0x00, 0x00, 0x00,
  0x00, 0x00, 0x00, 0x00, 0x00, 0x00, 0x00, 0x00, 0x00, 0x00, 0x00, 0x00,
  0x00, 0x00, 0x00, 0x00, 0x00, 0x00, 0x00, 0x00, 0x00, 0x00, 0x00, 0x00,
  0xe7, 0x1c, 0xc6, 0x18, 0xc6, 0x18, 0xe7, 0x1c, 0xe7, 0x1c, 0xe5, 0x1c,
  0xc6, 0x18, 0xa5, 0x14, 0xa5, 0x10, 0xc5, 0x10, 0xa5, 0x10, 0xa5, 0x10,
  0xa5, 0x10, 0xa4, 0x10, 0xc6, 0x10, 0xb6, 0x4e, 0xdf, 0x6f, 0xdf, 0x6f,
  0xdf, 0x6f, 0xdf, 0x6f, 0xdf, 0x6f, 0xdf, 0x6f, 0xdf, 0x6b, 0xbf, 0x6b,
  0x7c, 0x63, 0xf0, 0x35, 0xe7, 0x14, 0x84, 0x0c, 0xc6, 0x14, 0x12, 0x3a,
  0xf0, 0x35, 0xcf, 0x31, 0x2a, 0x1d, 0xcf, 0x31, 0xf0, 0x35, 0x4a, 0x21,
  0x12, 0x3e, 0xd0, 0x31, 0x8d, 0x29, 0x8f, 0x25, 0xd0, 0x2d, 0x11, 0x36,
  0x09, 0x19, 0x11, 0x36, 0xf1, 0x2d, 0x8e, 0x25, 0x8d, 0x25, 0xaf, 0x29,
  0xf1, 0x31, 0xe8, 0x14, 0xd0, 0x31, 0xcf, 0x2d, 0x8c, 0x29, 0x4b, 0x25,
  0x8e, 0x29, 0xd0, 0x31, 0xc7, 0x18, 0xf0, 0x35, 0xcf, 0x31, 0x08, 0x1d,
  0x63, 0x0c, 0x08, 0x1d, 0x08, 0x1d, 0x18, 0x63, 0xff, 0x7f, 0xff, 0x7f,
  0x52, 0x4a, 0xa5, 0x10, 0xc5, 0x14, 0xc5, 0x10, 0xc5, 0x10, 0xc5, 0x14,
  0xc5, 0x14, 0xc6, 0x14, 0x00, 0x00, 0x00, 0x00, 0x00, 0x00, 0x00, 0x00,
  0x00, 0x00, 0x00, 0x00, 0x00, 0x00, 0x00, 0x00, 0x00, 0x00, 0x00, 0x00,
  0x00, 0x00, 0x00, 0x00, 0x00, 0x00, 0x00, 0x00, 0x00, 0x00, 0x00, 0x00,
  0x00, 0x00, 0x00, 0x00, 0x00, 0x00, 0x00, 0x00, 0x00, 0x00, 0x00, 0x00,
  0x00, 0x00, 0x00, 0x00, 0x00, 0x00, 0x00, 0x00, 0x00, 0x00, 0x00, 0x00,
  0x00, 0x00, 0x00, 0x00, 0x00, 0x00, 0x00, 0x00, 0x00, 0x00, 0x00, 0x00,
  0x00, 0x00, 0x00, 0x00, 0x00, 0x00, 0x00, 0x00, 0x00, 0x00, 0x00, 0x00,
  0x00, 0x00, 0x00, 0x00, 0x00, 0x00, 0x00, 0x00, 0x00, 0x00, 0x00, 0x00,
  0x00, 0x00, 0x00, 0x00, 0x00, 0x00, 0xc6, 0x10, 0xa5, 0x10, 0xa6, 0x10,
  0xa6, 0x10, 0xa5, 0x10, 0xa4, 0x0c, 0xa5, 0x10, 0x4b, 0x21, 0x9e, 0x67,
  0xbf, 0x6b, 0xdf, 0x6f, 0xbf, 0x6b, 0xbf, 0x6b, 0xbf, 0x6b, 0xbf, 0x6b,
  0xdf, 0x6b, 0xbf, 0x6b, 0xf8, 0x52, 0x4a, 0x1d, 0x84, 0x0c, 0x83, 0x0c,
  0x84, 0x0c, 0xa5, 0x10, 0xa6, 0x10, 0xc6, 0x10, 0xc6, 0x10, 0xc6, 0x14,
  0xc7, 0x14, 0xc6, 0x10, 0xc7, 0x14, 0xe8, 0x14, 0xe8, 0x14, 0xe8, 0x18,
  0xe8, 0x18, 0x09, 0x19, 0xc8, 0x10, 0x09, 0x19, 0x09, 0x1d, 0xe8, 0x18,
  0xe8, 0x18, 0xe8, 0x18, 0x08, 0x19, 0xa6, 0x10, 0x09, 0x19, 0xe8, 0x18,
  0xe8, 0x18, 0xc7, 0x14, 0xe8, 0x18, 0xe8, 0x18, 0xa6, 0x10, 0xe8, 0x18,
  0xe8, 0x14, 0xc6, 0x14, 0x84, 0x0c, 0x84, 0x0c, 0xe8, 0x1c, 0xae, 0x35,
  0xde, 0x7b, 0xff, 0x7f, 0xbd, 0x73, 0xe7, 0x1c, 0xc6, 0x14, 0xc6, 0x10,
  0xa5, 0x10, 0xc6, 0x14, 0xc6, 0x14, 0xc6, 0x14, 0x00, 0x00, 0x00, 0x00,
  0x00, 0x00, 0x00, 0x00, 0x00, 0x00, 0x00, 0x00, 0x00, 0x00, 0x00, 0x00,
  0x00, 0x00, 0x00, 0x00, 0x00, 0x00, 0x00, 0x00, 0x00, 0x00, 0x00, 0x00,
  0x00, 0x00, 0x00, 0x00, 0x00, 0x00, 0x00, 0x00, 0x00, 0x00, 0x00, 0x00,
  0x00, 0x00, 0x00, 0x00, 0x00, 0x00, 0x00, 0x00, 0x00, 0x00, 0x00, 0x00,
  0x00, 0x00, 0x00, 0x00, 0x00, 0x00, 0x00, 0x00, 0x00, 0x00, 0x00, 0x00,
  0x00, 0x00, 0x00, 0x00, 0x00, 0x00, 0x00, 0x00, 0x00, 0x00, 0x00, 0x00,
  0x00, 0x00, 0x00, 0x00, 0x00, 0x00, 0x00, 0x00, 0x00, 0x00, 0x00, 0x00,
  0x00, 0x00, 0x00, 0x00, 0x00, 0x00, 0x00, 0x00, 0x00, 0x00, 0xc6, 0x18,
  0xa5, 0x10, 0xa5, 0x10, 0xa5, 0x10, 0xa4, 0x0c, 0xa4, 0x0c, 0xc6, 0x10,
  0x19, 0x57, 0xbf, 0x6b, 0xbe, 0x6b, 0x9e, 0x67, 0xbf, 0x6b, 0xbf, 0x6b,
  0xbe, 0x6b, 0xbf, 0x6b, 0xbf, 0x6b, 0x9e, 0x67, 0x32, 0x3e, 0xc6, 0x10,
  0x63, 0x0c, 0x63, 0x0c, 0x84, 0x0c, 0x84, 0x08, 0x32, 0x3e, 0xf0, 0x31,
  0x95, 0x4a, 0xe8, 0x18, 0x53, 0x3e, 0xcf, 0x31, 0xf0, 0x35, 0x8d, 0x29,
  0x53, 0x3e, 0xb6, 0x4e, 0x4b, 0x21, 0x33, 0x3a, 0xf1, 0x31, 0x33, 0x3e,
  0x4b, 0x21, 0x12, 0x36, 0x12, 0x36, 0xae, 0x2d, 0x8e, 0x29, 0x13, 0x3a,
  0x53, 0x3e, 0x6c, 0x25, 0xd0, 0x31, 0xae, 0x2d, 0xcf, 0x31, 0x2a, 0x21,
  0xf0, 0x35, 0xcf, 0x35, 0x08, 0x1d, 0x8c, 0x2d, 0x6c, 0x29, 0x8d, 0x31,
  0xc6, 0x1c, 0x09, 0x21, 0x5a, 0x67, 0xff, 0x7f, 0xff, 0x7f, 0xf7, 0x5e,
  0xc6, 0x18, 0xc6, 0x14, 0xa5, 0x10, 0xc6, 0x10, 0xc6, 0x14, 0xa5, 0x10,
  0x00, 0x00, 0x00, 0x00, 0x00, 0x00, 0x00, 0x00, 0x00, 0x00, 0x00, 0x00,
  0x00, 0x00, 0x00, 0x00, 0x00, 0x00, 0x00, 0x00, 0x00, 0x00, 0x00, 0x00,
  0x00, 0x00, 0x00, 0x00, 0x00, 0x00, 0x00, 0x00, 0x00, 0x00, 0x00, 0x00,
  0x00, 0x00, 0x00, 0x00, 0x00, 0x00, 0x00, 0x00, 0x00, 0x00, 0x00, 0x00,
  0x00, 0x00, 0x00, 0x00, 0x00, 0x00, 0x00, 0x00, 0x00, 0x00, 0x00, 0x00,
  0x00, 0x00, 0x00, 0x00, 0x00, 0x00, 0x00, 0x00, 0x00, 0x00, 0x00, 0x00,
  0x00, 0x00, 0x00, 0x00, 0x00, 0x00, 0x00, 0x00, 0x00, 0x00, 0x00, 0x00,
  0x00, 0x00, 0x00, 0x00, 0x00, 0x00, 0x00, 0x00, 0x00, 0x00, 0x00, 0x00,
  0x00, 0x00, 0x00, 0x00, 0xc6, 0x14, 0xc6, 0x10, 0xa6, 0x10, 0xa5, 0x10,
  0xa5, 0x10, 0xce, 0x31, 0x9e, 0x6b, 0xbf, 0x6b, 0xbf, 0x6b, 0xbf, 0x6b,
  0xbf, 0x6b, 0xbf, 0x6b, 0xbf, 0x6b, 0xbf, 0x6b, 0xdf, 0x6f, 0x3b, 0x5f,
  0xcf, 0x31, 0xe7, 0x10, 0x84, 0x08, 0x64, 0x08, 0x84, 0x08, 0x63, 0x08,
  0x64, 0x0c, 0x84, 0x0c, 0xa5, 0x10, 0x84, 0x10, 0x84, 0x0c, 0x84, 0x0c,
  0x84, 0x0c, 0x85, 0x10, 0xa5, 0x10, 0xa6, 0x10, 0x86, 0x0c, 0xa6, 0x0c,
  0xa6, 0x0c, 0xa5, 0x0c, 0x85, 0x0c, 0x85, 0x0c, 0xa4, 0x0c, 0x84, 0x0c,
  0x84, 0x0c, 0x85, 0x10, 0x84, 0x0c, 0x83, 0x10, 0x84, 0x10, 0x63, 0x0c,
  0x84, 0x0c, 0x84, 0x0c, 0x84, 0x0c, 0x84, 0x0c, 0x84, 0x0c, 0x84, 0x0c,
  0x84, 0x0c, 0x84, 0x0c, 0x85, 0x10, 0xe7, 0x1c, 0x8c, 0x31, 0xde, 0x7b,
  0xff, 0x7f, 0xdf, 0x7b, 0x6b, 0x2d, 0xc6, 0x14, 0xa6, 0x10, 0xa5, 0x10,
  0xa5, 0x10, 0xa5, 0x14, 0x00, 0x00, 0x00, 0x00, 0x00, 0x00, 0x00, 0x00,
  0x00, 0x00, 0x00, 0x00, 0x00, 0x00, 0x00, 0x00, 0x00, 0x00, 0x00, 0x00,
  0x00, 0x00, 0x00, 0x00, 0x00, 0x00, 0x00, 0x00, 0x00, 0x00, 0x00, 0x00,
  0x00, 0x00, 0x00, 0x00, 0x00, 0x00, 0x00, 0x00, 0x00, 0x00, 0x00, 0x00,
  0x00, 0x00, 0x00, 0x00, 0x00, 0x00, 0x00, 0x00, 0x00, 0x00, 0x00, 0x00,
  0x00, 0x00, 0x00, 0x00, 0x00, 0x00, 0x00, 0x00, 0x00, 0x00, 0x00, 0x00,
  0x00, 0x00, 0x00, 0x00, 0x00, 0x00, 0x00, 0x00, 0x00, 0x00, 0x00, 0x00,
  0x00, 0x00, 0x00, 0x00, 0x00, 0x00, 0x00, 0x00, 0x00, 0x00, 0x00, 0x00,
  0x00, 0x00, 0x00, 0x00, 0x00, 0x00, 0x00, 0x00, 0xc5, 0x14, 0xc6, 0x14,
  0xa5, 0x10, 0xa4, 0x0c, 0xc7, 0x14, 0x3a, 0x5b, 0xbe, 0x6b, 0xbe, 0x6b,
  0xbe, 0x6b, 0xbe, 0x6b, 0xbe, 0x6b, 0xbe, 0x6b, 0x9e, 0x6b, 0xbe, 0x6b,
  0xbe, 0x6b, 0xd7, 0x4e, 0x4b, 0x21, 0x6c, 0x21, 0x6b, 0x21, 0x6b, 0x21,
  0x6a, 0x1d, 0x4a, 0x21, 0x6a, 0x21, 0x4a, 0x21, 0x6b, 0x21, 0x6c, 0x25,
  0x6c, 0x25, 0x8c, 0x29, 0x4b, 0x21, 0xad, 0x29, 0xce, 0x31, 0xd7, 0x56,
  0xf7, 0x5e, 0xf8, 0x5e, 0xd7, 0x5a, 0x73, 0x4a, 0x74, 0x4a, 0x94, 0x4e,
  0x19, 0x63, 0x19, 0x63, 0x19, 0x63, 0x73, 0x4e, 0x11, 0x42, 0xf0, 0x3d,
  0xae, 0x39, 0xee, 0x3d, 0xef, 0x3d, 0xad, 0x39, 0xad, 0x39, 0xad, 0x39,
  0xce, 0x39, 0xce, 0x3d, 0xef, 0x3d, 0xce, 0x3d, 0xad, 0x39, 0x6c, 0x2d,
  0x2a, 0x25, 0x39, 0x67, 0xff, 0x7f, 0xff, 0x7f, 0x5b, 0x6f, 0x08, 0x1d,
  0xa5, 0x10, 0xc6, 0x14, 0xa5, 0x10, 0x00, 0x00, 0x00, 0x00, 0x00, 0x00,
  0x00, 0x00, 0x00, 0x00, 0x00, 0x00, 0x00, 0x00, 0x00, 0x00, 0x00, 0x00,
  0x00, 0x00, 0x00, 0x00, 0x00, 0x00, 0x00, 0x00, 0x00, 0x00, 0x00, 0x00,
  0x00, 0x00, 0x00, 0x00, 0x00, 0x00, 0x00, 0x00, 0x00, 0x00, 0x00, 0x00,
  0x00, 0x00, 0x00, 0x00, 0x00, 0x00, 0x00, 0x00, 0x00, 0x00, 0x00, 0x00,
  0x00, 0x00, 0x00, 0x00, 0x00, 0x00, 0x00, 0x00, 0x00, 0x00, 0x00, 0x00,
  0x00, 0x00, 0x00, 0x00, 0x00, 0x00, 0x00, 0x00, 0x00, 0x00, 0x00, 0x00,
  0x00, 0x00, 0x00, 0x00, 0x00, 0x00, 0x00, 0x00, 0x00, 0x00, 0x00, 0x00,
  0x00, 0x00, 0x00, 0x00, 0x00, 0x00, 0x00, 0x00, 0x00, 0x00, 0x00, 0x00,
  0x00, 0x00, 0xc6, 0x18, 0xe7, 0x1c, 0xe7, 0x1c, 0xd7, 0x52, 0xbe, 0x6b,
  0xbf, 0x6b, 0xbe, 0x6b, 0xbe, 0x6b, 0x9d, 0x67, 0x9d, 0x67, 0x9e, 0x67,
  0x9d, 0x67, 0xbe, 0x6b, 0x9e, 0x6b, 0x7c, 0x63, 0xb6, 0x4e, 0x74, 0x42,
  0x74, 0x46, 0x74, 0x46, 0x74, 0x46, 0x54, 0x42, 0x54, 0x42, 0x54, 0x42,
  0x54, 0x42, 0x74, 0x42, 0x74, 0x42, 0x54, 0x42, 0x74, 0x46, 0x74, 0x46,
  0x74, 0x46, 0x94, 0x4a, 0x94, 0x4e, 0x74, 0x4e, 0x94, 0x4e, 0x94, 0x4e,
  0x74, 0x4e, 0x94, 0x4e, 0x94, 0x4e, 0x74, 0x4e, 0x94, 0x4e, 0x73, 0x4e,
  0x74, 0x4e, 0x74, 0x4a, 0x73, 0x4a, 0x73, 0x4a, 0x73, 0x4a, 0x73, 0x4a,
  0x73, 0x4a, 0x53, 0x4a, 0x52, 0x4a, 0x52, 0x46, 0x52, 0x46, 0x32, 0x46,
  0x52, 0x46, 0x53, 0x4a, 0x73, 0x4e, 0x5a, 0x6b, 0xff, 0x7f, 0xff, 0x7f,
  0xff, 0x7f, 0x5a, 0x67, 0x00, 0x00, 0x00, 0x00, 0x00, 0x00, 0x00, 0x00,
  0x00, 0x00, 0x00, 0x00, 0x00, 0x00, 0x00, 0x00, 0x00, 0x00, 0x00, 0x00,
  0x00, 0x00, 0x00, 0x00, 0x00, 0x00, 0x00, 0x00, 0x00, 0x00, 0x00, 0x00,
  0x00, 0x00, 0x00, 0x00, 0x00, 0x00, 0x00, 0x00, 0x00, 0x00, 0x00, 0x00,
  0x00, 0x00, 0x00, 0x00, 0x00, 0x00, 0x00, 0x00, 0x00, 0x00, 0x00, 0x00,
  0x00, 0x00, 0x00, 0x00, 0x00, 0x00, 0x00, 0x00, 0x00, 0x00, 0x00, 0x00,
  0x00, 0x00, 0x00, 0x00, 0x00, 0x00, 0x00, 0x00, 0x00, 0x00, 0x00, 0x00,
  0x00, 0x00, 0x00, 0x00, 0x00, 0x00, 0x00, 0x00, 0x00, 0x00, 0x00, 0x00,
  0x00, 0x00, 0x00, 0x00, 0x00, 0x00, 0x00, 0x00, 0x00, 0x00, 0x00, 0x00,
  0x00, 0x00, 0x00, 0x00, 0x00, 0x00, 0x00, 0x00, 0x00, 0x00, 0x52, 0x36,
  0x7c, 0x67, 0x9e, 0x6b, 0xbe, 0x6b, 0x9e, 0x6b, 0xbe, 0x6b, 0x9e, 0x6b,
  0x9d, 0x6b, 0x9d, 0x6b, 0x9d, 0x6f, 0xbe, 0x73, 0xde, 0x77, 0xde, 0x77,
  0xde, 0x7b, 0xdf, 0x77, 0xde, 0x77, 0xde, 0x77, 0xde, 0x77, 0xde, 0x77,
  0xde, 0x77, 0xbd, 0x77, 0xde, 0x7b, 0xde, 0x7b, 0xde, 0x7b, 0xfe, 0x7b,
  0xde, 0x7b, 0xfe, 0x7b, 0xff, 0x7f, 0xde, 0x7f, 0xfe, 0x7f, 0xfe, 0x7f,
  0xff, 0x7f, 0xfe, 0x7f, 0xfe, 0x7f, 0xff, 0x7f, 0xff, 0x7f, 0xff, 0x7f,
  0xff, 0x7f, 0xff, 0x7f, 0xff, 0x7f, 0xff, 0x7f, 0xff, 0x7f, 0xff, 0x7b,
  0xff, 0x7f, 0xff, 0x7f, 0xff, 0x7f, 0xff, 0x7f, 0xff, 0x7f, 0xff, 0x7f,
  0xff, 0x7f, 0xff, 0x7f, 0xff, 0x7f, 0xff, 0x7f, 0xff, 0x7f, 0xff, 0x7f,
  0xff, 0x7f, 0xff, 0x7f, 0xff, 0x7f, 0xbd, 0x77, 0x00, 0x00, 0x00, 0x00,
  0x00, 0x00, 0x00, 0x00, 0x00, 0x00, 0x00, 0x00, 0x00, 0x00, 0x00, 0x00,
  0x00, 0x00, 0x00, 0x00, 0x00, 0x00, 0x00, 0x00, 0x00, 0x00, 0x00, 0x00,
  0x00, 0x00, 0x00, 0x00, 0x00, 0x00, 0x00, 0x00, 0x00, 0x00, 0x00, 0x00,
  0x00, 0x00, 0x00, 0x00, 0x00, 0x00, 0x00, 0x00, 0x00, 0x00, 0x00, 0x00,
  0x00, 0x00, 0x00, 0x00, 0x00, 0x00, 0x00, 0x00, 0x00, 0x00, 0x00, 0x00,
  0x00, 0x00, 0x00, 0x00, 0x00, 0x00, 0x00, 0x00, 0x00, 0x00, 0x00, 0x00,
  0x00, 0x00, 0x00, 0x00, 0x00, 0x00, 0x00, 0x00, 0x00, 0x00, 0x00, 0x00,
  0x00, 0x00, 0x00, 0x00, 0x00, 0x00, 0x00, 0x00, 0x00, 0x00, 0x00, 0x00,
  0x00, 0x00, 0x00, 0x00, 0x00, 0x00, 0x00, 0x00, 0x00, 0x00, 0x00, 0x00,
  0x00, 0x00, 0x4a, 0x29, 0xf7, 0x62, 0xd5, 0x5a, 0x94, 0x56, 0x94, 0x56,
  0xb5, 0x56, 0xd6, 0x5a, 0xd5, 0x5a, 0xd6, 0x5a, 0xf7, 0x5e, 0xf7, 0x5e,
  0x17, 0x63, 0x17, 0x63, 0x38, 0x6b, 0x38, 0x67, 0x37, 0x67, 0x37, 0x67,
  0x37, 0x67, 0x37, 0x6b, 0x16, 0x67, 0x15, 0x5f, 0xf4, 0x5a, 0xd3, 0x56,
  0xb3, 0x52, 0xb3, 0x52, 0x93, 0x52, 0xb3, 0x52, 0x93, 0x4e, 0xb3, 0x56,
  0xb3, 0x56, 0xb3, 0x56, 0xb3, 0x56, 0xb3, 0x56, 0xb3, 0x56, 0xb3, 0x56,
  0xd4, 0x5a, 0xf4, 0x5a, 0x16, 0x63, 0x37, 0x67, 0x59, 0x6b, 0x58, 0x6f,
  0x58, 0x6b, 0x59, 0x6f, 0x59, 0x6f, 0x7a, 0x73, 0x7a, 0x77, 0x9a, 0x77,
  0xbc, 0x7b, 0xbc, 0x7b, 0xdc, 0x7f, 0xdd, 0x7f, 0xbc, 0x7b, 0xdd, 0x7f,
  0xdd, 0x7f, 0xbd, 0x7b, 0xdd, 0x7b, 0xdc, 0x7f, 0xbc, 0x7b, 0x17, 0x67,
  0x08, 0x21, 0x00, 0x00, 0x00, 0x00, 0x00, 0x00, 0x00, 0x00, 0x00, 0x00,
  0x00, 0x00, 0x00, 0x00, 0x00, 0x00, 0x00, 0x00, 0x00, 0x00, 0x00, 0x00,
  0x00, 0x00, 0x00, 0x00, 0x00, 0x00, 0x00, 0x00, 0x00, 0x00, 0x00, 0x00,
  0x00, 0x00, 0x00, 0x00, 0x00, 0x00, 0x00, 0x00, 0x00, 0x00, 0x00, 0x00,
  0x00, 0x00, 0x00, 0x00, 0x00, 0x00, 0x00, 0x00, 0x00, 0x00, 0x00, 0x00,
  0x00, 0x00, 0x00, 0x00, 0x00, 0x00, 0x00, 0x00, 0x00, 0x00, 0x00, 0x00,
  0x00, 0x00, 0x00, 0x00, 0x00, 0x00, 0x00, 0x00, 0x00, 0x00, 0x00, 0x00,
  0x00, 0x00, 0x00, 0x00, 0x00, 0x00, 0x00, 0x00, 0x00, 0x00, 0x00, 0x00,
  0x00, 0x00, 0x00, 0x00, 0x00, 0x00, 0x00, 0x00, 0x00, 0x00, 0x00, 0x00,
  0x00, 0x00, 0x00, 0x00, 0x00, 0x00, 0xae, 0x35, 0xd4, 0x5a, 0x31, 0x4e,
  0xef, 0x45, 0x10, 0x4a, 0x51, 0x4e, 0x51, 0x52, 0x52, 0x52, 0x72, 0x52,
  0x93, 0x52, 0xb3, 0x52, 0xb4, 0x56, 0xb4, 0x56, 0xd4, 0x56, 0xb4, 0x56,
  0xb3, 0x56, 0xb4, 0x56, 0xd4, 0x5a, 0xb4, 0x56, 0x92, 0x52, 0x71, 0x4a,
  0x2f, 0x42, 0xcd, 0x39, 0xcc, 0x35, 0xcd, 0x35, 0xed, 0x35, 0x0e, 0x3e,
  0x0f, 0x3e, 0x30, 0x42, 0x30, 0x42, 0x2f, 0x3e, 0x2f, 0x3e, 0x0e, 0x3e,
  0x0f, 0x42, 0x2f, 0x42, 0x30, 0x42, 0x51, 0x4a, 0xb3, 0x52, 0xf5, 0x5a,
  0xf5, 0x5a, 0xd4, 0x5a, 0xf5, 0x5e, 0x16, 0x63, 0x17, 0x6b, 0x38, 0x6f,
  0x58, 0x6f, 0x79, 0x77, 0x9b, 0x7b, 0xbb, 0x7f, 0xbc, 0x7f, 0xbc, 0x7f,
  0xdc, 0x7f, 0x9b, 0x7b, 0xbb, 0x7f, 0x9b, 0x7b, 0x9b, 0x7b, 0x7a, 0x77,
  0x7a, 0x77, 0xd5, 0x5e, 0xee, 0x3d, 0x00, 0x00, 0x00, 0x00, 0x00, 0x00,
  0x00, 0x00, 0x00, 0x00, 0x00, 0x00, 0x00, 0x00, 0x00, 0x00, 0x00, 0x00,
  0x00, 0x00, 0x00, 0x00, 0x00, 0x00, 0x00, 0x00, 0x00, 0x00, 0x00, 0x00,
  0x00, 0x00, 0x00, 0x00, 0x00, 0x00, 0x00, 0x00, 0x00, 0x00, 0x00, 0x00,
  0x00, 0x00, 0x00, 0x00, 0x00, 0x00, 0x00, 0x00, 0x00, 0x00, 0x00, 0x00,
  0x00, 0x00, 0x00, 0x00, 0x00, 0x00, 0x00, 0x00, 0x00, 0x00, 0x00, 0x00,
  0x00, 0x00, 0x00, 0x00, 0x00, 0x00, 0x00, 0x00, 0x00, 0x00, 0x00, 0x00,
  0x00, 0x00, 0x00, 0x00, 0x00, 0x00, 0x00, 0x00, 0x00, 0x00, 0x00, 0x00,
  0x00, 0x00, 0x00, 0x00, 0x00, 0x00, 0x00, 0x00, 0x00, 0x00, 0x00, 0x00,
  0x00, 0x00, 0x00, 0x00, 0x00, 0x00, 0x00, 0x00, 0x00, 0x00, 0xa5, 0x14,
  0xc5, 0x14, 0xa5, 0x14, 0xa5, 0x14, 0xa5, 0x14, 0xc4, 0x10, 0xa5, 0x14,
  0xc5, 0x14, 0xa5, 0x14, 0xa5, 0x10, 0xa5, 0x10, 0xa5, 0x10, 0xc5, 0x14,
  0xc5, 0x14, 0xa5, 0x10, 0xa4, 0x10, 0x84, 0x10, 0x84, 0x10, 0x84, 0x10,
  0x84, 0x10, 0x84, 0x10, 0x84, 0x10, 0xa5, 0x10, 0x84, 0x10, 0x84, 0x10,
  0xa5, 0x10, 0xa4, 0x10, 0x84, 0x10, 0xa5, 0x10, 0xa4, 0x10, 0x84, 0x0c,
  0x84, 0x0c, 0x84, 0x0c, 0x84, 0x0c, 0x84, 0x10, 0x84, 0x10, 0x84, 0x10,
  0x84, 0x10, 0xa4, 0x14, 0x84, 0x10, 0xa4, 0x14, 0xa4, 0x10, 0xa5, 0x14,
  0xa5, 0x14, 0xa4, 0x14, 0xa5, 0x18, 0xa4, 0x18, 0xa5, 0x18, 0xa4, 0x18,
  0xa5, 0x18, 0xa5, 0x18, 0xa5, 0x18, 0xa5, 0x18, 0xa5, 0x18, 0xa5, 0x18,
  0xa5, 0x18, 0xa5, 0x18, 0xa5, 0x18, 0xa5, 0x14, 0xc6, 0x18, 0x00, 0x00,
  0x00, 0x00, 0x00, 0x00, 0x00, 0x00, 0x00, 0x00, 0x00, 0x00, 0x00, 0x00,
  0x00, 0x00, 0x00, 0x00, 0x00, 0x00, 0x00, 0x00, 0x00, 0x00, 0x00, 0x00,
  0x00, 0x00, 0x00, 0x00, 0x00, 0x00, 0x00, 0x00, 0x00, 0x00, 0x00, 0x00,
  0x00, 0x00, 0x00, 0x00, 0x00, 0x00, 0x00, 0x00, 0x00, 0x00, 0x00, 0x00,
  0x00, 0x00, 0x00, 0x00, 0x00, 0x00, 0x00, 0x00, 0x00, 0x00, 0x00, 0x00,
  0x00, 0x00, 0x00, 0x00, 0x00, 0x00, 0x00, 0x00
};
const unsigned int DefaultSS160_555_len = 32252;
